<?xml version="1.0" encoding="UTF-8"?>
<osm version="0.6" generator="openstreetmap-cgimap 2.1.0 (3498732 spike-06.openstreetmap.org)" copyright="OpenStreetMap and contributors" attribution="http://www.openstreetmap.org/copyright" license="http://opendatacommons.org/licenses/odbl/1-0/">
 <node id="297193014" visible="true" version="36" changeset="1589819" timestamp="2009-06-22T03:52:59Z" user="adaman797" uid="135807" lat="30.2920594" lon="-97.7853985"/>
 <node id="297193015" visible="true" version="36" changeset="1589819" timestamp="2009-06-22T03:52:59Z" user="adaman797" uid="135807" lat="30.2912120" lon="-97.7856260"/>
 <node id="297193020" visible="true" version="36" changeset="1589819" timestamp="2009-06-22T03:52:58Z" user="adaman797" uid="135807" lat="30.2828914" lon="-97.7822056"/>
 <node id="297193021" visible="true" version="36" changeset="1589819" timestamp="2009-06-22T03:52:58Z" user="adaman797" uid="135807" lat="30.2815869" lon="-97.7807808"/>
 <node id="297193022" visible="true" version="37" changeset="1663059" timestamp="2009-06-28T15:02:40Z" user="adaman797" uid="135807" lat="30.2789920" lon="-97.7774666"/>
 <node id="297193023" visible="true" version="37" changeset="1589819" timestamp="2009-06-22T03:52:57Z" user="adaman797" uid="135807" lat="30.2767739" lon="-97.7744319"/>
 <node id="297193024" visible="true" version="37" changeset="148981277" timestamp="2024-03-21T19:13:53Z" user="kaleidoscopica" uid="8704810" lat="30.2746030" lon="-97.7715741"/>
 <node id="297193026" visible="true" version="37" changeset="109371706" timestamp="2021-08-09T03:22:46Z" user="EricTheLinguist" uid="2259690" lat="30.2729548" lon="-97.7694465"/>
 <node id="297193033" visible="true" version="37" changeset="109372330" timestamp="2021-08-09T03:42:52Z" user="EricTheLinguist" uid="2259690" lat="30.2691011" lon="-97.7626515"/>
 <node id="297193034" visible="true" version="38" changeset="148981277" timestamp="2024-03-21T19:13:53Z" user="kaleidoscopica" uid="8704810" lat="30.2691141" lon="-97.7622389"/>
 <node id="297193039" visible="true" version="38" changeset="109547128" timestamp="2021-08-12T05:13:08Z" user="EricTheLinguist" uid="2259690" lat="30.2643763" lon="-97.7497269"/>
 <node id="297193040" visible="true" version="37" changeset="109547128" timestamp="2021-08-12T05:13:08Z" user="EricTheLinguist" uid="2259690" lat="30.2639179" lon="-97.7483954"/>
 <node id="297193041" visible="true" version="36" changeset="1589819" timestamp="2009-06-22T03:52:51Z" user="adaman797" uid="135807" lat="30.2633591" lon="-97.7464399"/>
 <node id="297193051" visible="true" version="75" changeset="1627825" timestamp="2009-06-26T02:27:36Z" user="adaman797" uid="135807" lat="30.2519495" lon="-97.7369420"/>
 <node id="297193068" visible="true" version="36" changeset="1625815" timestamp="2009-06-25T20:37:46Z" user="adaman797" uid="135807" lat="30.2522007" lon="-97.7402843"/>
 <node id="297193364" visible="true" version="36" changeset="1589819" timestamp="2009-06-22T03:52:59Z" user="adaman797" uid="135807" lat="30.2897298" lon="-97.7852827"/>
 <node id="297193365" visible="true" version="36" changeset="1589819" timestamp="2009-06-22T03:52:59Z" user="adaman797" uid="135807" lat="30.2881288" lon="-97.7852999"/>
 <node id="297193368" visible="true" version="38" changeset="109371706" timestamp="2021-08-09T03:22:46Z" user="EricTheLinguist" uid="2259690" lat="30.2737320" lon="-97.7704989"/>
 <node id="297193371" visible="true" version="36" changeset="1589819" timestamp="2009-06-22T03:52:54Z" user="adaman797" uid="135807" lat="30.2711651" lon="-97.7677345"/>
 <node id="297193372" visible="true" version="37" changeset="109372330" timestamp="2021-08-09T03:42:52Z" user="EricTheLinguist" uid="2259690" lat="30.2703906" lon="-97.7662373"/>
 <node id="297193374" visible="true" version="37" changeset="148981277" timestamp="2024-03-21T19:13:53Z" user="kaleidoscopica" uid="8704810" lat="30.2692932" lon="-97.7634139"/>
 <node id="297193376" visible="true" version="37" changeset="148981277" timestamp="2024-03-21T19:13:53Z" user="kaleidoscopica" uid="8704810" lat="30.2659438" lon="-97.7552488"/>
 <node id="297193378" visible="true" version="37" changeset="109219472" timestamp="2021-08-05T19:46:24Z" user="EricTheLinguist" uid="2259690" lat="30.2640987" lon="-97.7500202"/>
 <node id="297193394" visible="true" version="40" changeset="108915121" timestamp="2021-07-31T03:23:12Z" user="EricTheLinguist" uid="2259690" lat="30.2634668" lon="-97.7515324"/>
 <node id="297193411" visible="true" version="37" changeset="1625815" timestamp="2009-06-25T20:37:14Z" user="adaman797" uid="135807" lat="30.2852625" lon="-97.7855857"/>
 <node id="297193416" visible="true" version="37" changeset="1625815" timestamp="2009-06-25T20:37:12Z" user="adaman797" uid="135807" lat="30.2926072" lon="-97.7877830"/>
 <node id="297193784" visible="true" version="19" changeset="1705798" timestamp="2009-07-02T00:46:26Z" user="adaman797" uid="135807" lat="30.2874183" lon="-97.7859800"/>
 <node id="297193785" visible="true" version="9" changeset="797827" timestamp="2009-03-12T22:37:11Z" user="HJD" uid="75480" lat="30.2886523" lon="-97.7857752"/>
 <node id="297193907" visible="true" version="36" changeset="1589819" timestamp="2009-06-22T03:52:59Z" user="adaman797" uid="135807" lat="30.2868641" lon="-97.7850551"/>
 <node id="297193909" visible="true" version="36" changeset="1589819" timestamp="2009-06-22T03:52:58Z" user="adaman797" uid="135807" lat="30.2851223" lon="-97.7840767"/>
 <node id="297193910" visible="true" version="37" changeset="109371706" timestamp="2021-08-09T03:22:46Z" user="EricTheLinguist" uid="2259690" lat="30.2725749" lon="-97.7695194"/>
 <node id="297193912" visible="true" version="38" changeset="148981277" timestamp="2024-03-21T19:13:53Z" user="kaleidoscopica" uid="8704810" lat="30.2697425" lon="-97.7650815"/>
 <node id="297193914" visible="true" version="38" changeset="110725311" timestamp="2021-09-04T17:18:35Z" user="EricTheLinguist" uid="2259690" lat="30.2615817" lon="-97.7434515"/>
 <node id="297194068" visible="true" version="13" changeset="981758" timestamp="2009-04-26T22:32:07Z" user="user_119748" uid="119748" lat="30.2925680" lon="-97.7872296"/>
 <node id="297197480" visible="true" version="44" changeset="5483188" timestamp="2010-08-13T16:09:34Z" user="OxyMoeRon" uid="197515" lat="30.2670658" lon="-97.7613144"/>
 <node id="297197488" visible="true" version="37" changeset="1589819" timestamp="2009-06-22T03:52:55Z" user="adaman797" uid="135807" lat="30.2722671" lon="-97.7693422"/>
 <node id="297197490" visible="true" version="37" changeset="109489997" timestamp="2021-08-11T03:44:19Z" user="EricTheLinguist" uid="2259690" lat="30.2673277" lon="-97.7584776"/>
 <node id="297197503" visible="true" version="36" changeset="1625815" timestamp="2009-06-25T20:37:13Z" user="adaman797" uid="135807" lat="30.2912287" lon="-97.7882122"/>
 <node id="300771513" visible="true" version="42" changeset="1627825" timestamp="2009-06-26T02:27:21Z" user="adaman797" uid="135807" lat="30.2506001" lon="-97.7150466"/>
 <node id="301302196" visible="true" version="43" changeset="109318426" timestamp="2021-08-07T16:52:10Z" user="EricTheLinguist" uid="2259690" lat="30.2672162" lon="-97.7616503"/>
 <node id="301302224" visible="true" version="38" changeset="109318426" timestamp="2021-08-07T16:52:10Z" user="EricTheLinguist" uid="2259690" lat="30.2668619" lon="-97.7609571"/>
 <node id="301377296" visible="true" version="44" changeset="109223718" timestamp="2021-08-05T22:01:41Z" user="EricTheLinguist" uid="2259690" lat="30.2650936" lon="-97.7569594"/>
 <node id="338326624" visible="true" version="8" changeset="150235636" timestamp="2024-04-19T17:54:33Z" user="BPTT" uid="12145453" lat="30.2510728" lon="-97.7135188"/>
 <node id="346485066" visible="true" version="20" changeset="1627825" timestamp="2009-06-26T02:27:05Z" user="adaman797" uid="135807" lat="30.2641896" lon="-97.7499625"/>
 <node id="346485257" visible="true" version="18" changeset="1589819" timestamp="2009-06-22T03:52:52Z" user="adaman797" uid="135807" lat="30.2648541" lon="-97.7513091"/>
 <node id="356016925" visible="true" version="11" changeset="124985791" timestamp="2022-08-16T18:34:19Z" user="echostatic" uid="5177591" lat="30.2921025" lon="-97.7874887"/>
 <node id="356214969" visible="true" version="6" changeset="109547128" timestamp="2021-08-12T05:13:08Z" user="EricTheLinguist" uid="2259690" lat="30.2635313" lon="-97.7470511"/>
 <node id="356214972" visible="true" version="5" changeset="1589819" timestamp="2009-06-22T03:52:53Z" user="adaman797" uid="135807" lat="30.2655905" lon="-97.7540445"/>
 <node id="356214975" visible="true" version="6" changeset="148981277" timestamp="2024-03-21T19:13:53Z" user="kaleidoscopica" uid="8704810" lat="30.2664199" lon="-97.7564900"/>
 <node id="356214977" visible="true" version="6" changeset="148981277" timestamp="2024-03-21T19:13:53Z" user="kaleidoscopica" uid="8704810" lat="30.2680121" lon="-97.7599857"/>
 <node id="356214978" visible="true" version="6" changeset="109372330" timestamp="2021-08-09T03:42:52Z" user="EricTheLinguist" uid="2259690" lat="30.2708694" lon="-97.7670404"/>
 <node id="356214979" visible="true" version="6" changeset="109371706" timestamp="2021-08-09T03:22:46Z" user="EricTheLinguist" uid="2259690" lat="30.2715596" lon="-97.7681004"/>
 <node id="356214982" visible="true" version="5" changeset="1589819" timestamp="2009-06-22T03:52:55Z" user="adaman797" uid="135807" lat="30.2731072" lon="-97.7697859"/>
 <node id="356214983" visible="true" version="6" changeset="1589819" timestamp="2009-06-22T03:52:57Z" user="adaman797" uid="135807" lat="30.2763291" lon="-97.7736337"/>
 <node id="356214984" visible="true" version="6" changeset="1589819" timestamp="2009-06-22T03:52:58Z" user="adaman797" uid="135807" lat="30.2773891" lon="-97.7754104"/>
 <node id="356214985" visible="true" version="5" changeset="1589819" timestamp="2009-06-22T03:52:58Z" user="adaman797" uid="135807" lat="30.2782959" lon="-97.7764034"/>
 <node id="356214986" visible="true" version="5" changeset="1589819" timestamp="2009-06-22T03:52:58Z" user="adaman797" uid="135807" lat="30.2801267" lon="-97.7788839"/>
 <node id="356214987" visible="true" version="5" changeset="1589819" timestamp="2009-06-22T03:52:58Z" user="adaman797" uid="135807" lat="30.2807019" lon="-97.7795570"/>
 <node id="356214988" visible="true" version="5" changeset="1589819" timestamp="2009-06-22T03:52:58Z" user="adaman797" uid="135807" lat="30.2809346" lon="-97.7800169"/>
 <node id="356214989" visible="true" version="5" changeset="1589819" timestamp="2009-06-22T03:52:58Z" user="adaman797" uid="135807" lat="30.2823726" lon="-97.7816648"/>
 <node id="356214990" visible="true" version="6" changeset="8943257" timestamp="2011-08-07T01:58:02Z" user="clay_c" uid="119881" lat="30.2839549" lon="-97.7831784"/>
 <node id="356214991" visible="true" version="5" changeset="1589819" timestamp="2009-06-22T03:52:59Z" user="adaman797" uid="135807" lat="30.2864825" lon="-97.7847135"/>
 <node id="356214996" visible="true" version="6" changeset="109051787" timestamp="2021-08-02T20:55:18Z" user="EricTheLinguist" uid="2259690" lat="30.2614793" lon="-97.7475869"/>
 <node id="356215167" visible="true" version="7" changeset="797827" timestamp="2009-03-12T22:37:11Z" user="HJD" uid="75480" lat="30.2918742" lon="-97.7867718"/>
 <node id="356215168" visible="true" version="8" changeset="1705798" timestamp="2009-07-02T00:44:52Z" user="adaman797" uid="135807" lat="30.2917762" lon="-97.7866152"/>
 <node id="359770387" visible="true" version="4" changeset="981758" timestamp="2009-04-26T22:32:08Z" user="user_119748" uid="119748" lat="30.2929682" lon="-97.7877017"/>
 <node id="385570310" visible="true" version="3" changeset="61069912" timestamp="2018-07-25T22:33:22Z" user="user_2104173" uid="2104173" lat="30.2611028" lon="-97.7430359"/>
 <node id="385570315" visible="true" version="4" changeset="110725311" timestamp="2021-09-04T17:18:35Z" user="EricTheLinguist" uid="2259690" lat="30.2611566" lon="-97.7430741"/>
 <node id="385570317" visible="true" version="3" changeset="61069912" timestamp="2018-07-25T22:33:22Z" user="user_2104173" uid="2104173" lat="30.2613684" lon="-97.7432710"/>
 <node id="385570321" visible="true" version="4" changeset="110725311" timestamp="2021-09-04T17:18:35Z" user="EricTheLinguist" uid="2259690" lat="30.2620098" lon="-97.7440340"/>
 <node id="385570323" visible="true" version="4" changeset="61069912" timestamp="2018-07-25T22:33:22Z" user="user_2104173" uid="2104173" lat="30.2621016" lon="-97.7442357"/>
 <node id="385570325" visible="true" version="3" changeset="61069912" timestamp="2018-07-25T22:33:22Z" user="user_2104173" uid="2104173" lat="30.2621751" lon="-97.7443412"/>
 <node id="385570327" visible="true" version="2" changeset="1589819" timestamp="2009-06-22T03:52:51Z" user="adaman797" uid="135807" lat="30.2622406" lon="-97.7444033"/>
 <node id="385570329" visible="true" version="3" changeset="61069912" timestamp="2018-07-25T22:33:22Z" user="user_2104173" uid="2104173" lat="30.2622900" lon="-97.7444962"/>
 <node id="385570337" visible="true" version="3" changeset="109547128" timestamp="2021-08-12T05:13:08Z" user="EricTheLinguist" uid="2259690" lat="30.2640157" lon="-97.7487940"/>
 <node id="385570340" visible="true" version="5" changeset="183082578" timestamp="2026-05-23T19:48:41Z" user="EricTheLinguist" uid="2259690" lat="30.2644170" lon="-97.7498490"/>
 <node id="385570342" visible="true" version="3" changeset="109542424" timestamp="2021-08-12T02:03:55Z" user="EricTheLinguist" uid="2259690" lat="30.2646165" lon="-97.7507437"/>
 <node id="385570344" visible="true" version="3" changeset="1627825" timestamp="2009-06-26T02:27:01Z" user="adaman797" uid="135807" lat="30.2647086" lon="-97.7511041"/>
 <node id="385570356" visible="true" version="3" changeset="109219472" timestamp="2021-08-05T19:46:24Z" user="EricTheLinguist" uid="2259690" lat="30.2641312" lon="-97.7499506"/>
 <node id="385570395" visible="true" version="4" changeset="182856145" timestamp="2026-05-19T00:19:43Z" user="EricTheLinguist" uid="2259690" lat="30.2651375" lon="-97.7526479"/>
 <node id="385570396" visible="true" version="3" changeset="1589819" timestamp="2009-06-22T03:52:53Z" user="adaman797" uid="135807" lat="30.2653063" lon="-97.7532661"/>
 <node id="385570397" visible="true" version="4" changeset="27492455" timestamp="2014-12-15T20:56:56Z" user="gregcrago" uid="2063187" lat="30.2653420" lon="-97.7533103"/>
 <node id="385570790" visible="true" version="4" changeset="148981277" timestamp="2024-03-21T19:13:53Z" user="kaleidoscopica" uid="8704810" lat="30.2718822" lon="-97.7687292"/>
 <node id="385570792" visible="true" version="3" changeset="148981277" timestamp="2024-03-21T19:13:53Z" user="kaleidoscopica" uid="8704810" lat="30.2718211" lon="-97.7687757"/>
 <node id="385570794" visible="true" version="3" changeset="148981277" timestamp="2024-03-21T19:13:53Z" user="kaleidoscopica" uid="8704810" lat="30.2719947" lon="-97.7691069"/>
 <node id="385570796" visible="true" version="2" changeset="1589819" timestamp="2009-06-22T03:52:55Z" user="adaman797" uid="135807" lat="30.2720521" lon="-97.7691018"/>
 <node id="385573244" visible="true" version="2" changeset="1589819" timestamp="2009-06-22T03:52:55Z" user="adaman797" uid="135807" lat="30.2733833" lon="-97.7699802"/>
 <node id="385573245" visible="true" version="2" changeset="1589819" timestamp="2009-06-22T03:52:55Z" user="adaman797" uid="135807" lat="30.2735791" lon="-97.7699859"/>
 <node id="385573246" visible="true" version="3" changeset="109371706" timestamp="2021-08-09T03:22:46Z" user="EricTheLinguist" uid="2259690" lat="30.2738726" lon="-97.7699009"/>
 <node id="385573247" visible="true" version="3" changeset="109371706" timestamp="2021-08-09T03:22:46Z" user="EricTheLinguist" uid="2259690" lat="30.2741487" lon="-97.7701618"/>
 <node id="385573248" visible="true" version="2" changeset="1589819" timestamp="2009-06-22T03:52:56Z" user="adaman797" uid="135807" lat="30.2738756" lon="-97.7701919"/>
 <node id="385573249" visible="true" version="2" changeset="1589819" timestamp="2009-06-22T03:52:56Z" user="adaman797" uid="135807" lat="30.2736681" lon="-97.7701146"/>
 <node id="385573250" visible="true" version="2" changeset="1589819" timestamp="2009-06-22T03:52:56Z" user="adaman797" uid="135807" lat="30.2735272" lon="-97.7701146"/>
 <node id="385573251" visible="true" version="3" changeset="109371706" timestamp="2021-08-09T03:22:46Z" user="EricTheLinguist" uid="2259690" lat="30.2735308" lon="-97.7703633"/>
 <node id="385573252" visible="true" version="3" changeset="109371706" timestamp="2021-08-09T03:22:46Z" user="EricTheLinguist" uid="2259690" lat="30.2735272" lon="-97.7708919"/>
 <node id="385573253" visible="true" version="2" changeset="1589819" timestamp="2009-06-22T03:52:56Z" user="adaman797" uid="135807" lat="30.2735865" lon="-97.7709558"/>
 <node id="385573254" visible="true" version="3" changeset="109371706" timestamp="2021-08-09T03:22:46Z" user="EricTheLinguist" uid="2259690" lat="30.2742439" lon="-97.7705898"/>
 <node id="385573256" visible="true" version="3" changeset="109371706" timestamp="2021-08-09T03:22:46Z" user="EricTheLinguist" uid="2259690" lat="30.2736738" lon="-97.7710715"/>
 <node id="385573257" visible="true" version="2" changeset="1589819" timestamp="2009-06-22T03:52:56Z" user="adaman797" uid="135807" lat="30.2738682" lon="-97.7710759"/>
 <node id="385573258" visible="true" version="2" changeset="1589819" timestamp="2009-06-22T03:52:57Z" user="adaman797" uid="135807" lat="30.2752321" lon="-97.7722347"/>
 <node id="385573259" visible="true" version="3" changeset="148981277" timestamp="2024-03-21T19:13:53Z" user="kaleidoscopica" uid="8704810" lat="30.2752209" lon="-97.7723066"/>
 <node id="385573260" visible="true" version="2" changeset="1589819" timestamp="2009-06-22T03:52:57Z" user="adaman797" uid="135807" lat="30.2752988" lon="-97.7723119"/>
 <node id="385573349" visible="true" version="2" changeset="1589819" timestamp="2009-06-22T03:52:57Z" user="adaman797" uid="135807" lat="30.2754545" lon="-97.7723634"/>
 <node id="385574127" visible="true" version="3" changeset="148981277" timestamp="2024-03-21T19:13:53Z" user="kaleidoscopica" uid="8704810" lat="30.2769197" lon="-97.7745730"/>
 <node id="385574129" visible="true" version="3" changeset="148981277" timestamp="2024-03-21T19:13:53Z" user="kaleidoscopica" uid="8704810" lat="30.2770743" lon="-97.7746983"/>
 <node id="385574131" visible="true" version="4" changeset="148981277" timestamp="2024-03-21T19:13:53Z" user="kaleidoscopica" uid="8704810" lat="30.2768759" lon="-97.7746634"/>
 <node id="385574535" visible="true" version="3" changeset="148981277" timestamp="2024-03-21T19:13:53Z" user="kaleidoscopica" uid="8704810" lat="30.2771361" lon="-97.7749301"/>
 <node id="385574537" visible="true" version="3" changeset="148981277" timestamp="2024-03-21T19:13:53Z" user="kaleidoscopica" uid="8704810" lat="30.2771816" lon="-97.7748721"/>
 <node id="385574540" visible="true" version="2" changeset="1589819" timestamp="2009-06-22T03:52:57Z" user="adaman797" uid="135807" lat="30.2773578" lon="-97.7750692"/>
 <node id="385575013" visible="true" version="3" changeset="148981277" timestamp="2024-03-21T19:13:53Z" user="kaleidoscopica" uid="8704810" lat="30.2770413" lon="-97.7747415"/>
 <node id="385575015" visible="true" version="3" changeset="148981277" timestamp="2024-03-21T19:13:53Z" user="kaleidoscopica" uid="8704810" lat="30.2769112" lon="-97.7746163"/>
 <node id="385579708" visible="true" version="2" changeset="1589819" timestamp="2009-06-22T03:52:58Z" user="adaman797" uid="135807" lat="30.2775892" lon="-97.7755306"/>
 <node id="385579709" visible="true" version="2" changeset="1589819" timestamp="2009-06-22T03:52:58Z" user="adaman797" uid="135807" lat="30.2794571" lon="-97.7781226"/>
 <node id="385582251" visible="true" version="2" changeset="1705798" timestamp="2009-07-02T00:44:53Z" user="adaman797" uid="135807" lat="30.2916354" lon="-97.7861431"/>
 <node id="385582252" visible="true" version="1" changeset="981758" timestamp="2009-04-26T22:29:45Z" user="user_119748" uid="119748" lat="30.2913525" lon="-97.7863284"/>
 <node id="385582253" visible="true" version="1" changeset="981758" timestamp="2009-04-26T22:29:45Z" user="user_119748" uid="119748" lat="30.2915007" lon="-97.7863885"/>
 <node id="385582254" visible="true" version="1" changeset="981758" timestamp="2009-04-26T22:29:45Z" user="user_119748" uid="119748" lat="30.2913229" lon="-97.7865773"/>
 <node id="385582695" visible="true" version="1" changeset="981758" timestamp="2009-04-26T22:30:48Z" user="user_119748" uid="119748" lat="30.2918491" lon="-97.7862512"/>
 <node id="385582696" visible="true" version="2" changeset="1705798" timestamp="2009-07-02T00:47:51Z" user="adaman797" uid="135807" lat="30.2919170" lon="-97.7862976"/>
 <node id="385582697" visible="true" version="1" changeset="981758" timestamp="2009-04-26T22:30:48Z" user="user_119748" uid="119748" lat="30.2920492" lon="-97.7862683"/>
 <node id="385582698" visible="true" version="1" changeset="981758" timestamp="2009-04-26T22:30:48Z" user="user_119748" uid="119748" lat="30.2921159" lon="-97.7861482"/>
 <node id="385582699" visible="true" version="1" changeset="981758" timestamp="2009-04-26T22:30:48Z" user="user_119748" uid="119748" lat="30.2922345" lon="-97.7860366"/>
 <node id="385582700" visible="true" version="1" changeset="981758" timestamp="2009-04-26T22:30:48Z" user="user_119748" uid="119748" lat="30.2923530" lon="-97.7860366"/>
 <node id="385582701" visible="true" version="1" changeset="981758" timestamp="2009-04-26T22:30:48Z" user="user_119748" uid="119748" lat="30.2924049" lon="-97.7860023"/>
 <node id="385582702" visible="true" version="1" changeset="981758" timestamp="2009-04-26T22:30:48Z" user="user_119748" uid="119748" lat="30.2923604" lon="-97.7858478"/>
 <node id="385582703" visible="true" version="1" changeset="981758" timestamp="2009-04-26T22:30:48Z" user="user_119748" uid="119748" lat="30.2922863" lon="-97.7858478"/>
 <node id="385582704" visible="true" version="1" changeset="981758" timestamp="2009-04-26T22:30:48Z" user="user_119748" uid="119748" lat="30.2919602" lon="-97.7859164"/>
 <node id="385582705" visible="true" version="3" changeset="109599965" timestamp="2021-08-13T02:58:05Z" user="EricTheLinguist" uid="2259690" lat="30.2918300" lon="-97.7860277"/>
 <node id="385582706" visible="true" version="1" changeset="981758" timestamp="2009-04-26T22:30:48Z" user="user_119748" uid="119748" lat="30.2918417" lon="-97.7860881"/>
 <node id="385582832" visible="true" version="1" changeset="981758" timestamp="2009-04-26T22:32:08Z" user="user_119748" uid="119748" lat="30.2925818" lon="-97.7876610"/>
 <node id="385582835" visible="true" version="1" changeset="981758" timestamp="2009-04-26T22:32:08Z" user="user_119748" uid="119748" lat="30.2933017" lon="-97.7876330"/>
 <node id="385582836" visible="true" version="1" changeset="981758" timestamp="2009-04-26T22:32:08Z" user="user_119748" uid="119748" lat="30.2934869" lon="-97.7877103"/>
 <node id="385583176" visible="true" version="1" changeset="981758" timestamp="2009-04-26T22:34:18Z" user="user_119748" uid="119748" lat="30.2896479" lon="-97.7870580"/>
 <node id="385583194" visible="true" version="1" changeset="981758" timestamp="2009-04-26T22:34:34Z" user="user_119748" uid="119748" lat="30.2888701" lon="-97.7866192"/>
 <node id="385584212" visible="true" version="2" changeset="1625815" timestamp="2009-06-25T20:37:14Z" user="adaman797" uid="135807" lat="30.2851142" lon="-97.7855686"/>
 <node id="427852950" visible="true" version="2" changeset="50412205" timestamp="2017-07-19T17:38:27Z" user="kre3d" uid="1745406" lat="30.2934640" lon="-97.7852687"/>
 <node id="427852951" visible="true" version="2" changeset="50412205" timestamp="2017-07-19T17:38:27Z" user="kre3d" uid="1745406" lat="30.2934618" lon="-97.7852407"/>
 <node id="427852952" visible="true" version="2" changeset="50412205" timestamp="2017-07-19T17:38:27Z" user="kre3d" uid="1745406" lat="30.2937008" lon="-97.7852152"/>
 <node id="427852973" visible="true" version="1" changeset="1589819" timestamp="2009-06-22T03:53:20Z" user="adaman797" uid="135807" lat="30.2940644" lon="-97.7877589"/>
 <node id="427852974" visible="true" version="1" changeset="1589819" timestamp="2009-06-22T03:53:20Z" user="adaman797" uid="135807" lat="30.2940421" lon="-97.7876044"/>
 <node id="427852976" visible="true" version="1" changeset="1589819" timestamp="2009-06-22T03:53:20Z" user="adaman797" uid="135807" lat="30.2940199" lon="-97.7870894"/>
 <node id="427852978" visible="true" version="1" changeset="1589819" timestamp="2009-06-22T03:53:20Z" user="adaman797" uid="135807" lat="30.2940421" lon="-97.7870551"/>
 <node id="427852981" visible="true" version="1" changeset="1589819" timestamp="2009-06-22T03:53:20Z" user="adaman797" uid="135807" lat="30.2940273" lon="-97.7868920"/>
 <node id="427852983" visible="true" version="1" changeset="1589819" timestamp="2009-06-22T03:53:20Z" user="adaman797" uid="135807" lat="30.2940125" lon="-97.7868319"/>
 <node id="427852986" visible="true" version="1" changeset="1589819" timestamp="2009-06-22T03:53:20Z" user="adaman797" uid="135807" lat="30.2939384" lon="-97.7861281"/>
 <node id="427852988" visible="true" version="1" changeset="1589819" timestamp="2009-06-22T03:53:20Z" user="adaman797" uid="135807" lat="30.2939680" lon="-97.7861195"/>
 <node id="427852991" visible="true" version="2" changeset="50412205" timestamp="2017-07-19T17:38:27Z" user="kre3d" uid="1745406" lat="30.2938678" lon="-97.7852191"/>
 <node id="429338178" visible="true" version="1" changeset="1625815" timestamp="2009-06-25T20:37:12Z" user="adaman797" uid="135807" lat="30.2934076" lon="-97.7879203"/>
 <node id="429338179" visible="true" version="1" changeset="1625815" timestamp="2009-06-25T20:37:12Z" user="adaman797" uid="135807" lat="30.2933187" lon="-97.7877916"/>
 <node id="429338184" visible="true" version="1" changeset="1625815" timestamp="2009-06-25T20:37:12Z" user="adaman797" uid="135807" lat="30.2929407" lon="-97.7878517"/>
 <node id="429338185" visible="true" version="1" changeset="1625815" timestamp="2009-06-25T20:37:12Z" user="adaman797" uid="135807" lat="30.2927554" lon="-97.7878345"/>
 <node id="429338188" visible="true" version="1" changeset="1625815" timestamp="2009-06-25T20:37:12Z" user="adaman797" uid="135807" lat="30.2924219" lon="-97.7878173"/>
 <node id="429338190" visible="true" version="1" changeset="1625815" timestamp="2009-06-25T20:37:12Z" user="adaman797" uid="135807" lat="30.2922070" lon="-97.7878774"/>
 <node id="429338194" visible="true" version="2" changeset="148987121" timestamp="2024-03-21T21:26:34Z" user="kaleidoscopica" uid="8704810" lat="30.2919685" lon="-97.7880146"/>
 <node id="429338195" visible="true" version="1" changeset="1625815" timestamp="2009-06-25T20:37:13Z" user="adaman797" uid="135807" lat="30.2915548" lon="-97.7882036"/>
 <node id="429338198" visible="true" version="1" changeset="1625815" timestamp="2009-06-25T20:37:13Z" user="adaman797" uid="135807" lat="30.2907692" lon="-97.7880920"/>
 <node id="429338200" visible="true" version="1" changeset="1625815" timestamp="2009-06-25T20:37:13Z" user="adaman797" uid="135807" lat="30.2899984" lon="-97.7877401"/>
 <node id="429338203" visible="true" version="1" changeset="1625815" timestamp="2009-06-25T20:37:13Z" user="adaman797" uid="135807" lat="30.2895389" lon="-97.7875770"/>
 <node id="429338204" visible="true" version="1" changeset="1625815" timestamp="2009-06-25T20:37:13Z" user="adaman797" uid="135807" lat="30.2891610" lon="-97.7872766"/>
 <node id="429338205" visible="true" version="1" changeset="1625815" timestamp="2009-06-25T20:37:13Z" user="adaman797" uid="135807" lat="30.2886422" lon="-97.7871736"/>
 <node id="429338206" visible="true" version="1" changeset="1625815" timestamp="2009-06-25T20:37:13Z" user="adaman797" uid="135807" lat="30.2879974" lon="-97.7869676"/>
 <node id="429338207" visible="true" version="1" changeset="1625815" timestamp="2009-06-25T20:37:13Z" user="adaman797" uid="135807" lat="30.2873303" lon="-97.7867702"/>
 <node id="429338208" visible="true" version="1" changeset="1625815" timestamp="2009-06-25T20:37:14Z" user="adaman797" uid="135807" lat="30.2868337" lon="-97.7865728"/>
 <node id="429338209" visible="true" version="1" changeset="1625815" timestamp="2009-06-25T20:37:14Z" user="adaman797" uid="135807" lat="30.2866262" lon="-97.7864955"/>
 <node id="429338210" visible="true" version="1" changeset="1625815" timestamp="2009-06-25T20:37:14Z" user="adaman797" uid="135807" lat="30.2863742" lon="-97.7861694"/>
 <node id="429338211" visible="true" version="1" changeset="1625815" timestamp="2009-06-25T20:37:14Z" user="adaman797" uid="135807" lat="30.2861148" lon="-97.7860578"/>
 <node id="429338212" visible="true" version="1" changeset="1625815" timestamp="2009-06-25T20:37:14Z" user="adaman797" uid="135807" lat="30.2857887" lon="-97.7859119"/>
 <node id="429338213" visible="true" version="1" changeset="1625815" timestamp="2009-06-25T20:37:14Z" user="adaman797" uid="135807" lat="30.2854848" lon="-97.7857402"/>
 <node id="429338214" visible="true" version="1" changeset="1625815" timestamp="2009-06-25T20:37:14Z" user="adaman797" uid="135807" lat="30.2849364" lon="-97.7855257"/>
 <node id="429338215" visible="true" version="1" changeset="1625815" timestamp="2009-06-25T20:37:14Z" user="adaman797" uid="135807" lat="30.2842693" lon="-97.7850793"/>
 <node id="429338216" visible="true" version="2" changeset="148987121" timestamp="2024-03-21T21:26:34Z" user="kaleidoscopica" uid="8704810" lat="30.2836501" lon="-97.7845465"/>
 <node id="429338217" visible="true" version="1" changeset="1625815" timestamp="2009-06-25T20:37:15Z" user="adaman797" uid="135807" lat="30.2830093" lon="-97.7839979"/>
 <node id="429338218" visible="true" version="2" changeset="148987121" timestamp="2024-03-21T21:26:34Z" user="kaleidoscopica" uid="8704810" lat="30.2829636" lon="-97.7838694"/>
 <node id="429338219" visible="true" version="1" changeset="1625815" timestamp="2009-06-25T20:37:15Z" user="adaman797" uid="135807" lat="30.2829055" lon="-97.7837060"/>
 <node id="429338220" visible="true" version="2" changeset="148987121" timestamp="2024-03-21T21:26:34Z" user="kaleidoscopica" uid="8704810" lat="30.2827338" lon="-97.7835829"/>
 <node id="429338221" visible="true" version="1" changeset="1625815" timestamp="2009-06-25T20:37:15Z" user="adaman797" uid="135807" lat="30.2825942" lon="-97.7834829"/>
 <node id="429338222" visible="true" version="2" changeset="148987121" timestamp="2024-03-21T21:26:34Z" user="kaleidoscopica" uid="8704810" lat="30.2819082" lon="-97.7828370"/>
 <node id="429338223" visible="true" version="1" changeset="1625815" timestamp="2009-06-25T20:37:15Z" user="adaman797" uid="135807" lat="30.2818753" lon="-97.7827104"/>
 <node id="429338224" visible="true" version="2" changeset="148987121" timestamp="2024-03-21T21:26:34Z" user="kaleidoscopica" uid="8704810" lat="30.2811605" lon="-97.7820009"/>
 <node id="429338225" visible="true" version="1" changeset="1625815" timestamp="2009-06-25T20:37:15Z" user="adaman797" uid="135807" lat="30.2808895" lon="-97.7817319"/>
 <node id="429338226" visible="true" version="2" changeset="148987121" timestamp="2024-03-21T21:26:34Z" user="kaleidoscopica" uid="8704810" lat="30.2805697" lon="-97.7813795"/>
 <node id="429338227" visible="true" version="1" changeset="1625815" timestamp="2009-06-25T20:37:15Z" user="adaman797" uid="135807" lat="30.2802743" lon="-97.7810539"/>
 <node id="429338228" visible="true" version="1" changeset="1625815" timestamp="2009-06-25T20:37:16Z" user="adaman797" uid="135807" lat="30.2798592" lon="-97.7805561"/>
 <node id="429338229" visible="true" version="1" changeset="1625815" timestamp="2009-06-25T20:37:16Z" user="adaman797" uid="135807" lat="30.2794664" lon="-97.7800840"/>
 <node id="429338230" visible="true" version="1" changeset="1625815" timestamp="2009-06-25T20:37:16Z" user="adaman797" uid="135807" lat="30.2790142" lon="-97.7794317"/>
 <node id="429338231" visible="true" version="2" changeset="15818843" timestamp="2013-04-22T01:05:23Z" user="clay_c" uid="119881" lat="30.2776032" lon="-97.7779288"/>
 <node id="429338240" visible="true" version="2" changeset="15818843" timestamp="2013-04-22T01:05:23Z" user="clay_c" uid="119881" lat="30.2775606" lon="-97.7778117"/>
 <node id="429338241" visible="true" version="1" changeset="1625815" timestamp="2009-06-25T20:37:17Z" user="adaman797" uid="135807" lat="30.2775169" lon="-97.7777322"/>
 <node id="429338242" visible="true" version="1" changeset="1625815" timestamp="2009-06-25T20:37:17Z" user="adaman797" uid="135807" lat="30.2773465" lon="-97.7775348"/>
 <node id="429338243" visible="true" version="1" changeset="1625815" timestamp="2009-06-25T20:37:17Z" user="adaman797" uid="135807" lat="30.2770944" lon="-97.7773031"/>
 <node id="429338244" visible="true" version="1" changeset="1625815" timestamp="2009-06-25T20:37:17Z" user="adaman797" uid="135807" lat="30.2770203" lon="-97.7772859"/>
 <node id="429338245" visible="true" version="1" changeset="1625815" timestamp="2009-06-25T20:37:17Z" user="adaman797" uid="135807" lat="30.2769759" lon="-97.7771400"/>
 <node id="429338246" visible="true" version="1" changeset="1625815" timestamp="2009-06-25T20:37:17Z" user="adaman797" uid="135807" lat="30.2768721" lon="-97.7769426"/>
 <node id="429338247" visible="true" version="1" changeset="1625815" timestamp="2009-06-25T20:37:17Z" user="adaman797" uid="135807" lat="30.2767090" lon="-97.7768138"/>
 <node id="429338248" visible="true" version="1" changeset="1625815" timestamp="2009-06-25T20:37:17Z" user="adaman797" uid="135807" lat="30.2765608" lon="-97.7767023"/>
 <node id="429338249" visible="true" version="1" changeset="1625815" timestamp="2009-06-25T20:37:17Z" user="adaman797" uid="135807" lat="30.2764422" lon="-97.7766250"/>
 <node id="429338250" visible="true" version="1" changeset="1625815" timestamp="2009-06-25T20:37:17Z" user="adaman797" uid="135807" lat="30.2763903" lon="-97.7764705"/>
 <node id="429338251" visible="true" version="1" changeset="1625815" timestamp="2009-06-25T20:37:18Z" user="adaman797" uid="135807" lat="30.2760641" lon="-97.7760843"/>
 <node id="429338252" visible="true" version="1" changeset="1625815" timestamp="2009-06-25T20:37:18Z" user="adaman797" uid="135807" lat="30.2760197" lon="-97.7758955"/>
 <node id="429338253" visible="true" version="1" changeset="1625815" timestamp="2009-06-25T20:37:18Z" user="adaman797" uid="135807" lat="30.2759085" lon="-97.7757152"/>
 <node id="429338254" visible="true" version="1" changeset="1625815" timestamp="2009-06-25T20:37:18Z" user="adaman797" uid="135807" lat="30.2756935" lon="-97.7754148"/>
 <node id="429338256" visible="true" version="1" changeset="1625815" timestamp="2009-06-25T20:37:18Z" user="adaman797" uid="135807" lat="30.2747931" lon="-97.7743081"/>
 <node id="429338263" visible="true" version="1" changeset="1625815" timestamp="2009-06-25T20:37:19Z" user="adaman797" uid="135807" lat="30.2743580" lon="-97.7733437"/>
 <node id="429338264" visible="true" version="1" changeset="1625815" timestamp="2009-06-25T20:37:19Z" user="adaman797" uid="135807" lat="30.2739590" lon="-97.7726596"/>
 <node id="429338265" visible="true" version="1" changeset="1625815" timestamp="2009-06-25T20:37:19Z" user="adaman797" uid="135807" lat="30.2738107" lon="-97.7724021"/>
 <node id="429338266" visible="true" version="1" changeset="1625815" timestamp="2009-06-25T20:37:19Z" user="adaman797" uid="135807" lat="30.2736254" lon="-97.7722476"/>
 <node id="429338267" visible="true" version="1" changeset="1625815" timestamp="2009-06-25T20:37:19Z" user="adaman797" uid="135807" lat="30.2733956" lon="-97.7720331"/>
 <node id="429338268" visible="true" version="2" changeset="109330102" timestamp="2021-08-08T02:54:08Z" user="EricTheLinguist" uid="2259690" lat="30.2730997" lon="-97.7718143"/>
 <node id="429338269" visible="true" version="2" changeset="109330102" timestamp="2021-08-08T02:54:08Z" user="EricTheLinguist" uid="2259690" lat="30.2724853" lon="-97.7712495"/>
 <node id="429338270" visible="true" version="2" changeset="109330102" timestamp="2021-08-08T02:54:08Z" user="EricTheLinguist" uid="2259690" lat="30.2722769" lon="-97.7709902"/>
 <node id="429338271" visible="true" version="2" changeset="109330102" timestamp="2021-08-08T02:54:08Z" user="EricTheLinguist" uid="2259690" lat="30.2720930" lon="-97.7707191"/>
 <node id="429338272" visible="true" version="2" changeset="109330102" timestamp="2021-08-08T02:54:08Z" user="EricTheLinguist" uid="2259690" lat="30.2718618" lon="-97.7704439"/>
 <node id="429338273" visible="true" version="2" changeset="109330102" timestamp="2021-08-08T02:54:08Z" user="EricTheLinguist" uid="2259690" lat="30.2717873" lon="-97.7703383"/>
 <node id="429338274" visible="true" version="1" changeset="1625815" timestamp="2009-06-25T20:37:20Z" user="adaman797" uid="135807" lat="30.2717130" lon="-97.7703508"/>
 <node id="429338275" visible="true" version="1" changeset="1625815" timestamp="2009-06-25T20:37:20Z" user="adaman797" uid="135807" lat="30.2716092" lon="-97.7703680"/>
 <node id="429338276" visible="true" version="2" changeset="109330102" timestamp="2021-08-08T02:54:08Z" user="EricTheLinguist" uid="2259690" lat="30.2713966" lon="-97.7702079"/>
 <node id="429338277" visible="true" version="1" changeset="1625815" timestamp="2009-06-25T20:37:20Z" user="adaman797" uid="135807" lat="30.2711644" lon="-97.7699388"/>
 <node id="429338278" visible="true" version="2" changeset="109330102" timestamp="2021-08-08T02:54:08Z" user="EricTheLinguist" uid="2259690" lat="30.2709249" lon="-97.7696950"/>
 <node id="429338279" visible="true" version="1" changeset="1625815" timestamp="2009-06-25T20:37:21Z" user="adaman797" uid="135807" lat="30.2704899" lon="-97.7691663"/>
 <node id="429338281" visible="true" version="1" changeset="1625815" timestamp="2009-06-25T20:37:21Z" user="adaman797" uid="135807" lat="30.2700299" lon="-97.7683597"/>
 <node id="429338282" visible="true" version="1" changeset="1625815" timestamp="2009-06-25T20:37:21Z" user="adaman797" uid="135807" lat="30.2698968" lon="-97.7679904"/>
 <node id="429338283" visible="true" version="1" changeset="1625815" timestamp="2009-06-25T20:37:21Z" user="adaman797" uid="135807" lat="30.2697634" lon="-97.7674840"/>
 <node id="429338284" visible="true" version="1" changeset="1625815" timestamp="2009-06-25T20:37:21Z" user="adaman797" uid="135807" lat="30.2696893" lon="-97.7672180"/>
 <node id="429338285" visible="true" version="1" changeset="1625815" timestamp="2009-06-25T20:37:21Z" user="adaman797" uid="135807" lat="30.2695707" lon="-97.7669004"/>
 <node id="429338286" visible="true" version="1" changeset="1625815" timestamp="2009-06-25T20:37:21Z" user="adaman797" uid="135807" lat="30.2691555" lon="-97.7660249"/>
 <node id="429338287" visible="true" version="2" changeset="109318426" timestamp="2021-08-07T16:52:10Z" user="EricTheLinguist" uid="2259690" lat="30.2689349" lon="-97.7655982"/>
 <node id="429338288" visible="true" version="2" changeset="109318426" timestamp="2021-08-07T16:52:10Z" user="EricTheLinguist" uid="2259690" lat="30.2687759" lon="-97.7649767"/>
 <node id="429338289" visible="true" version="2" changeset="109318426" timestamp="2021-08-07T16:52:10Z" user="EricTheLinguist" uid="2259690" lat="30.2683916" lon="-97.7637949"/>
 <node id="429338290" visible="true" version="2" changeset="109318426" timestamp="2021-08-07T16:52:10Z" user="EricTheLinguist" uid="2259690" lat="30.2682101" lon="-97.7633705"/>
 <node id="429338291" visible="true" version="2" changeset="109318426" timestamp="2021-08-07T16:52:10Z" user="EricTheLinguist" uid="2259690" lat="30.2678723" lon="-97.7627171"/>
 <node id="429338292" visible="true" version="2" changeset="109318426" timestamp="2021-08-07T16:52:10Z" user="EricTheLinguist" uid="2259690" lat="30.2677423" lon="-97.7623360"/>
 <node id="429338293" visible="true" version="2" changeset="109318426" timestamp="2021-08-07T16:52:10Z" user="EricTheLinguist" uid="2259690" lat="30.2674685" lon="-97.7620101"/>
 <node id="429338444" visible="true" version="2" changeset="109318426" timestamp="2021-08-07T16:52:10Z" user="EricTheLinguist" uid="2259690" lat="30.2667308" lon="-97.7603321"/>
 <node id="429338446" visible="true" version="1" changeset="1625815" timestamp="2009-06-25T20:37:34Z" user="adaman797" uid="135807" lat="30.2666129" lon="-97.7600082"/>
 <node id="429338448" visible="true" version="2" changeset="109318426" timestamp="2021-08-07T16:52:10Z" user="EricTheLinguist" uid="2259690" lat="30.2665679" lon="-97.7599955"/>
 <node id="429338449" visible="true" version="1" changeset="1625815" timestamp="2009-06-25T20:37:34Z" user="adaman797" uid="135807" lat="30.2665017" lon="-97.7599224"/>
 <node id="429338450" visible="true" version="1" changeset="1625815" timestamp="2009-06-25T20:37:34Z" user="adaman797" uid="135807" lat="30.2663979" lon="-97.7596391"/>
 <node id="429338451" visible="true" version="2" changeset="109318426" timestamp="2021-08-07T16:52:10Z" user="EricTheLinguist" uid="2259690" lat="30.2659818" lon="-97.7588147"/>
 <node id="429338452" visible="true" version="2" changeset="109318426" timestamp="2021-08-07T16:52:10Z" user="EricTheLinguist" uid="2259690" lat="30.2657785" lon="-97.7584310"/>
 <node id="429338453" visible="true" version="2" changeset="109318426" timestamp="2021-08-07T16:52:10Z" user="EricTheLinguist" uid="2259690" lat="30.2655790" lon="-97.7580178"/>
 <node id="429338454" visible="true" version="2" changeset="109318426" timestamp="2021-08-07T16:52:10Z" user="EricTheLinguist" uid="2259690" lat="30.2653678" lon="-97.7576161"/>
 <node id="429338455" visible="true" version="2" changeset="109318426" timestamp="2021-08-07T16:52:10Z" user="EricTheLinguist" uid="2259690" lat="30.2653187" lon="-97.7575347"/>
 <node id="429338456" visible="true" version="2" changeset="109223718" timestamp="2021-08-05T22:01:41Z" user="EricTheLinguist" uid="2259690" lat="30.2650320" lon="-97.7568181"/>
 <node id="429338457" visible="true" version="2" changeset="109223718" timestamp="2021-08-05T22:01:41Z" user="EricTheLinguist" uid="2259690" lat="30.2646939" lon="-97.7560985"/>
 <node id="429338458" visible="true" version="2" changeset="109223718" timestamp="2021-08-05T22:01:41Z" user="EricTheLinguist" uid="2259690" lat="30.2646034" lon="-97.7558283"/>
 <node id="429338459" visible="true" version="2" changeset="109223718" timestamp="2021-08-05T22:01:41Z" user="EricTheLinguist" uid="2259690" lat="30.2644296" lon="-97.7553983"/>
 <node id="429338460" visible="true" version="2" changeset="109223718" timestamp="2021-08-05T22:01:41Z" user="EricTheLinguist" uid="2259690" lat="30.2643453" lon="-97.7551034"/>
 <node id="429338461" visible="true" version="1" changeset="1625815" timestamp="2009-06-25T20:37:36Z" user="adaman797" uid="135807" lat="30.2642332" lon="-97.7548412"/>
 <node id="429338462" visible="true" version="2" changeset="109223718" timestamp="2021-08-05T22:01:41Z" user="EricTheLinguist" uid="2259690" lat="30.2640484" lon="-97.7548472"/>
 <node id="429338463" visible="true" version="2" changeset="108906872" timestamp="2021-07-30T18:55:02Z" user="EricTheLinguist" uid="2259690" lat="30.2639314" lon="-97.7549021"/>
 <node id="429338464" visible="true" version="2" changeset="108906872" timestamp="2021-07-30T18:55:02Z" user="EricTheLinguist" uid="2259690" lat="30.2638972" lon="-97.7548263"/>
 <node id="429338465" visible="true" version="2" changeset="108906872" timestamp="2021-07-30T18:55:02Z" user="EricTheLinguist" uid="2259690" lat="30.2638574" lon="-97.7547380"/>
 <node id="429338466" visible="true" version="1" changeset="1625815" timestamp="2009-06-25T20:37:36Z" user="adaman797" uid="135807" lat="30.2640776" lon="-97.7546352"/>
 <node id="429338467" visible="true" version="1" changeset="1625815" timestamp="2009-06-25T20:37:37Z" user="adaman797" uid="135807" lat="30.2641739" lon="-97.7545322"/>
 <node id="429338468" visible="true" version="1" changeset="1625815" timestamp="2009-06-25T20:37:37Z" user="adaman797" uid="135807" lat="30.2642332" lon="-97.7543262"/>
 <node id="429338469" visible="true" version="2" changeset="108914849" timestamp="2021-07-31T02:51:22Z" user="EricTheLinguist" uid="2259690" lat="30.2642076" lon="-97.7540189"/>
 <node id="429338470" visible="true" version="2" changeset="108914849" timestamp="2021-07-31T02:51:22Z" user="EricTheLinguist" uid="2259690" lat="30.2642358" lon="-97.7537770"/>
 <node id="429338471" visible="true" version="2" changeset="93570252" timestamp="2020-11-05T03:14:08Z" user="EricTheLinguist" uid="2259690" lat="30.2641690" lon="-97.7536851"/>
 <node id="429338472" visible="true" version="2" changeset="108987009" timestamp="2021-08-01T20:26:27Z" user="EricTheLinguist" uid="2259690" lat="30.2640657" lon="-97.7533034"/>
 <node id="429338473" visible="true" version="2" changeset="108914849" timestamp="2021-07-31T02:51:22Z" user="EricTheLinguist" uid="2259690" lat="30.2640732" lon="-97.7531275"/>
 <node id="429338474" visible="true" version="2" changeset="108914849" timestamp="2021-07-31T02:51:22Z" user="EricTheLinguist" uid="2259690" lat="30.2640563" lon="-97.7529624"/>
 <node id="429338475" visible="true" version="2" changeset="108915121" timestamp="2021-07-31T03:23:12Z" user="EricTheLinguist" uid="2259690" lat="30.2637439" lon="-97.7523368"/>
 <node id="429338476" visible="true" version="2" changeset="108915121" timestamp="2021-07-31T03:23:12Z" user="EricTheLinguist" uid="2259690" lat="30.2635597" lon="-97.7520494"/>
 <node id="429338477" visible="true" version="2" changeset="108915121" timestamp="2021-07-31T03:23:12Z" user="EricTheLinguist" uid="2259690" lat="30.2634813" lon="-97.7518493"/>
 <node id="429338478" visible="true" version="1" changeset="1625815" timestamp="2009-06-25T20:37:38Z" user="adaman797" uid="135807" lat="30.2634820" lon="-97.7517584"/>
 <node id="429338479" visible="true" version="2" changeset="108915121" timestamp="2021-07-31T03:23:12Z" user="EricTheLinguist" uid="2259690" lat="30.2634907" lon="-97.7516248"/>
 <node id="429338481" visible="true" version="3" changeset="108987009" timestamp="2021-08-01T20:26:27Z" user="EricTheLinguist" uid="2259690" lat="30.2633926" lon="-97.7512927"/>
 <node id="429338482" visible="true" version="2" changeset="108915121" timestamp="2021-07-31T03:23:12Z" user="EricTheLinguist" uid="2259690" lat="30.2631574" lon="-97.7506722"/>
 <node id="429338483" visible="true" version="1" changeset="1625815" timestamp="2009-06-25T20:37:39Z" user="adaman797" uid="135807" lat="30.2627728" lon="-97.7496570"/>
 <node id="429338485" visible="true" version="2" changeset="108987009" timestamp="2021-08-01T20:26:27Z" user="EricTheLinguist" uid="2259690" lat="30.2625329" lon="-97.7491601"/>
 <node id="429338487" visible="true" version="1" changeset="1625815" timestamp="2009-06-25T20:37:39Z" user="adaman797" uid="135807" lat="30.2624837" lon="-97.7490133"/>
 <node id="429338488" visible="true" version="1" changeset="1625815" timestamp="2009-06-25T20:37:39Z" user="adaman797" uid="135807" lat="30.2625282" lon="-97.7489017"/>
 <node id="429338490" visible="true" version="3" changeset="108987414" timestamp="2021-08-01T20:43:38Z" user="EricTheLinguist" uid="2259690" lat="30.2625450" lon="-97.7487923"/>
 <node id="429338491" visible="true" version="2" changeset="108987009" timestamp="2021-08-01T20:26:27Z" user="EricTheLinguist" uid="2259690" lat="30.2625064" lon="-97.7486241"/>
 <node id="429338494" visible="true" version="1" changeset="1625815" timestamp="2009-06-25T20:37:40Z" user="adaman797" uid="135807" lat="30.2624540" lon="-97.7484725"/>
 <node id="429338502" visible="true" version="1" changeset="1625815" timestamp="2009-06-25T20:37:40Z" user="adaman797" uid="135807" lat="30.2621649" lon="-97.7483009"/>
 <node id="429338508" visible="true" version="1" changeset="1625815" timestamp="2009-06-25T20:37:40Z" user="adaman797" uid="135807" lat="30.2620018" lon="-97.7481807"/>
 <node id="429338521" visible="true" version="2" changeset="109056934" timestamp="2021-08-03T02:50:59Z" user="EricTheLinguist" uid="2259690" lat="30.2618685" lon="-97.7480432"/>
 <node id="429338525" visible="true" version="1" changeset="1625815" timestamp="2009-06-25T20:37:41Z" user="adaman797" uid="135807" lat="30.2618461" lon="-97.7479146"/>
 <node id="429338533" visible="true" version="1" changeset="1625815" timestamp="2009-06-25T20:37:41Z" user="adaman797" uid="135807" lat="30.2616979" lon="-97.7476400"/>
 <node id="429338538" visible="true" version="2" changeset="109051787" timestamp="2021-08-02T20:55:18Z" user="EricTheLinguist" uid="2259690" lat="30.2615554" lon="-97.7475786"/>
 <node id="429338550" visible="true" version="1" changeset="1625815" timestamp="2009-06-25T20:37:41Z" user="adaman797" uid="135807" lat="30.2613049" lon="-97.7471679"/>
 <node id="429338560" visible="true" version="2" changeset="109051787" timestamp="2021-08-02T20:55:18Z" user="EricTheLinguist" uid="2259690" lat="30.2612756" lon="-97.7468466"/>
 <node id="429338565" visible="true" version="2" changeset="109051787" timestamp="2021-08-02T20:55:18Z" user="EricTheLinguist" uid="2259690" lat="30.2612398" lon="-97.7467321"/>
 <node id="429338569" visible="true" version="2" changeset="109051787" timestamp="2021-08-02T20:55:18Z" user="EricTheLinguist" uid="2259690" lat="30.2611584" lon="-97.7465164"/>
 <node id="429338582" visible="true" version="1" changeset="1625815" timestamp="2009-06-25T20:37:42Z" user="adaman797" uid="135807" lat="30.2610900" lon="-97.7463268"/>
 <node id="429338587" visible="true" version="2" changeset="109051787" timestamp="2021-08-02T20:55:18Z" user="EricTheLinguist" uid="2259690" lat="30.2609736" lon="-97.7459966"/>
 <node id="429338592" visible="true" version="2" changeset="109051787" timestamp="2021-08-02T20:55:18Z" user="EricTheLinguist" uid="2259690" lat="30.2609062" lon="-97.7458013"/>
 <node id="429338600" visible="true" version="2" changeset="109056934" timestamp="2021-08-03T02:50:59Z" user="EricTheLinguist" uid="2259690" lat="30.2607670" lon="-97.7453839"/>
 <node id="429338606" visible="true" version="2" changeset="109056934" timestamp="2021-08-03T02:50:59Z" user="EricTheLinguist" uid="2259690" lat="30.2607495" lon="-97.7452763"/>
 <node id="429338621" visible="true" version="2" changeset="109056934" timestamp="2021-08-03T02:50:59Z" user="EricTheLinguist" uid="2259690" lat="30.2606560" lon="-97.7450076"/>
 <node id="429338625" visible="true" version="2" changeset="109056934" timestamp="2021-08-03T02:50:59Z" user="EricTheLinguist" uid="2259690" lat="30.2605223" lon="-97.7447007"/>
 <node id="429338629" visible="true" version="2" changeset="109056934" timestamp="2021-08-03T02:50:59Z" user="EricTheLinguist" uid="2259690" lat="30.2601944" lon="-97.7442265"/>
 <node id="429338632" visible="true" version="2" changeset="109056934" timestamp="2021-08-03T02:50:59Z" user="EricTheLinguist" uid="2259690" lat="30.2600407" lon="-97.7440820"/>
 <node id="429338634" visible="true" version="2" changeset="109056934" timestamp="2021-08-03T02:50:59Z" user="EricTheLinguist" uid="2259690" lat="30.2599536" lon="-97.7440196"/>
 <node id="429338641" visible="true" version="2" changeset="109056934" timestamp="2021-08-03T02:50:59Z" user="EricTheLinguist" uid="2259690" lat="30.2596557" lon="-97.7437350"/>
 <node id="429338644" visible="true" version="2" changeset="109056934" timestamp="2021-08-03T02:50:59Z" user="EricTheLinguist" uid="2259690" lat="30.2595051" lon="-97.7436465"/>
 <node id="429338647" visible="true" version="2" changeset="109056934" timestamp="2021-08-03T02:50:59Z" user="EricTheLinguist" uid="2259690" lat="30.2590950" lon="-97.7434799"/>
 <node id="429338650" visible="true" version="2" changeset="109056934" timestamp="2021-08-03T02:50:59Z" user="EricTheLinguist" uid="2259690" lat="30.2585729" lon="-97.7432174"/>
 <node id="429338652" visible="true" version="2" changeset="109056934" timestamp="2021-08-03T02:50:59Z" user="EricTheLinguist" uid="2259690" lat="30.2574417" lon="-97.7429493"/>
 <node id="429338655" visible="true" version="2" changeset="109056934" timestamp="2021-08-03T02:50:59Z" user="EricTheLinguist" uid="2259690" lat="30.2567925" lon="-97.7428102"/>
 <node id="429338658" visible="true" version="2" changeset="109056934" timestamp="2021-08-03T02:50:59Z" user="EricTheLinguist" uid="2259690" lat="30.2564669" lon="-97.7427337"/>
 <node id="429338661" visible="true" version="1" changeset="1625815" timestamp="2009-06-25T20:37:44Z" user="adaman797" uid="135807" lat="30.2557966" lon="-97.7426876"/>
 <node id="429338664" visible="true" version="4" changeset="109056934" timestamp="2021-08-03T02:50:59Z" user="EricTheLinguist" uid="2259690" lat="30.2555474" lon="-97.7425833"/>
 <node id="429338667" visible="true" version="2" changeset="109056934" timestamp="2021-08-03T02:50:59Z" user="EricTheLinguist" uid="2259690" lat="30.2553639" lon="-97.7425751"/>
 <node id="429338675" visible="true" version="1" changeset="1625815" timestamp="2009-06-25T20:37:44Z" user="adaman797" uid="135807" lat="30.2552924" lon="-97.7425931"/>
 <node id="429338678" visible="true" version="2" changeset="109056934" timestamp="2021-08-03T02:50:59Z" user="EricTheLinguist" uid="2259690" lat="30.2549196" lon="-97.7425503"/>
 <node id="429338682" visible="true" version="2" changeset="109056934" timestamp="2021-08-03T02:50:59Z" user="EricTheLinguist" uid="2259690" lat="30.2547087" lon="-97.7424673"/>
 <node id="429338686" visible="true" version="1" changeset="1625815" timestamp="2009-06-25T20:37:45Z" user="adaman797" uid="135807" lat="30.2545510" lon="-97.7424215"/>
 <node id="429338690" visible="true" version="1" changeset="1625815" timestamp="2009-06-25T20:37:45Z" user="adaman797" uid="135807" lat="30.2544695" lon="-97.7425073"/>
 <node id="429338693" visible="true" version="1" changeset="1625815" timestamp="2009-06-25T20:37:45Z" user="adaman797" uid="135807" lat="30.2544769" lon="-97.7423013"/>
 <node id="429338696" visible="true" version="1" changeset="1625815" timestamp="2009-06-25T20:37:45Z" user="adaman797" uid="135807" lat="30.2543508" lon="-97.7421554"/>
 <node id="429338698" visible="true" version="1" changeset="1625815" timestamp="2009-06-25T20:37:45Z" user="adaman797" uid="135807" lat="30.2541284" lon="-97.7419580"/>
 <node id="429338700" visible="true" version="1" changeset="1625815" timestamp="2009-06-25T20:37:45Z" user="adaman797" uid="135807" lat="30.2535279" lon="-97.7415546"/>
 <node id="429338701" visible="true" version="1" changeset="1625815" timestamp="2009-06-25T20:37:45Z" user="adaman797" uid="135807" lat="30.2532313" lon="-97.7414258"/>
 <node id="429338702" visible="true" version="2" changeset="109056934" timestamp="2021-08-03T02:50:59Z" user="EricTheLinguist" uid="2259690" lat="30.2528870" lon="-97.7411707"/>
 <node id="429338703" visible="true" version="1" changeset="1625815" timestamp="2009-06-25T20:37:46Z" user="adaman797" uid="135807" lat="30.2526530" lon="-97.7409538"/>
 <node id="429338704" visible="true" version="2" changeset="109056934" timestamp="2021-08-03T02:50:59Z" user="EricTheLinguist" uid="2259690" lat="30.2525981" lon="-97.7407624"/>
 <node id="429338705" visible="true" version="2" changeset="109056934" timestamp="2021-08-03T02:50:59Z" user="EricTheLinguist" uid="2259690" lat="30.2527367" lon="-97.7406881"/>
 <node id="429338706" visible="true" version="2" changeset="109056934" timestamp="2021-08-03T02:50:59Z" user="EricTheLinguist" uid="2259690" lat="30.2529439" lon="-97.7406297"/>
 <node id="429338710" visible="true" version="1" changeset="1625815" timestamp="2009-06-25T20:37:46Z" user="adaman797" uid="135807" lat="30.2528161" lon="-97.7402757"/>
 <node id="429338713" visible="true" version="2" changeset="109056934" timestamp="2021-08-03T02:50:59Z" user="EricTheLinguist" uid="2259690" lat="30.2525398" lon="-97.7403569"/>
 <node id="429338715" visible="true" version="1" changeset="1625815" timestamp="2009-06-25T20:37:46Z" user="adaman797" uid="135807" lat="30.2525121" lon="-97.7403272"/>
 <node id="429338716" visible="true" version="2" changeset="109056934" timestamp="2021-08-03T02:50:59Z" user="EricTheLinguist" uid="2259690" lat="30.2523268" lon="-97.7403402"/>
 <node id="429338717" visible="true" version="1" changeset="1625815" timestamp="2009-06-25T20:37:46Z" user="adaman797" uid="135807" lat="30.2519412" lon="-97.7399152"/>
 <node id="429338718" visible="true" version="1" changeset="1625815" timestamp="2009-06-25T20:37:47Z" user="adaman797" uid="135807" lat="30.2516669" lon="-97.7396234"/>
 <node id="429338720" visible="true" version="1" changeset="1625815" timestamp="2009-06-25T20:37:47Z" user="adaman797" uid="135807" lat="30.2515779" lon="-97.7394689"/>
 <node id="429338721" visible="true" version="2" changeset="96091071" timestamp="2020-12-18T21:25:58Z" user="EricTheLinguist" uid="2259690" lat="30.2511287" lon="-97.7389886"/>
 <node id="429338722" visible="true" version="2" changeset="96091071" timestamp="2020-12-18T21:25:58Z" user="EricTheLinguist" uid="2259690" lat="30.2508245" lon="-97.7384352"/>
 <node id="429338723" visible="true" version="1" changeset="1625815" timestamp="2009-06-25T20:37:47Z" user="adaman797" uid="135807" lat="30.2500061" lon="-97.7365249"/>
 <node id="429396829" visible="true" version="1" changeset="1627825" timestamp="2009-06-26T02:27:01Z" user="adaman797" uid="135807" lat="30.2649755" lon="-97.7512843"/>
 <node id="429396830" visible="true" version="1" changeset="1627825" timestamp="2009-06-26T02:27:01Z" user="adaman797" uid="135807" lat="30.2651015" lon="-97.7512156"/>
 <node id="429396913" visible="true" version="2" changeset="109219472" timestamp="2021-08-05T19:46:24Z" user="EricTheLinguist" uid="2259690" lat="30.2652918" lon="-97.7513484"/>
 <node id="429396915" visible="true" version="2" changeset="85501586" timestamp="2020-05-20T13:02:19Z" user="hofoen" uid="52797" lat="30.2652303" lon="-97.7513994"/>
 <node id="429396918" visible="true" version="1" changeset="1627825" timestamp="2009-06-26T02:27:03Z" user="adaman797" uid="135807" lat="30.2651385" lon="-97.7514903"/>
 <node id="429396920" visible="true" version="1" changeset="1627825" timestamp="2009-06-26T02:27:04Z" user="adaman797" uid="135807" lat="30.2649829" lon="-97.7515933"/>
 <node id="429396923" visible="true" version="2" changeset="109219472" timestamp="2021-08-05T19:46:24Z" user="EricTheLinguist" uid="2259690" lat="30.2649076" lon="-97.7515902"/>
 <node id="429396926" visible="true" version="2" changeset="109219472" timestamp="2021-08-05T19:46:24Z" user="EricTheLinguist" uid="2259690" lat="30.2648378" lon="-97.7515171"/>
 <node id="429396931" visible="true" version="2" changeset="109219472" timestamp="2021-08-05T19:46:24Z" user="EricTheLinguist" uid="2259690" lat="30.2646523" lon="-97.7512821"/>
 <node id="429396938" visible="true" version="1" changeset="1627825" timestamp="2009-06-26T02:27:04Z" user="adaman797" uid="135807" lat="30.2645603" lon="-97.7511384"/>
 <node id="429396941" visible="true" version="1" changeset="1627825" timestamp="2009-06-26T02:27:04Z" user="adaman797" uid="135807" lat="30.2645010" lon="-97.7509925"/>
 <node id="429396943" visible="true" version="1" changeset="1627825" timestamp="2009-06-26T02:27:04Z" user="adaman797" uid="135807" lat="30.2644120" lon="-97.7506835"/>
 <node id="429396944" visible="true" version="1" changeset="1627825" timestamp="2009-06-26T02:27:04Z" user="adaman797" uid="135807" lat="30.2643379" lon="-97.7504517"/>
 <node id="429396945" visible="true" version="1" changeset="1627825" timestamp="2009-06-26T02:27:04Z" user="adaman797" uid="135807" lat="30.2643008" lon="-97.7502973"/>
 <node id="429396946" visible="true" version="1" changeset="1627825" timestamp="2009-06-26T02:27:04Z" user="adaman797" uid="135807" lat="30.2642415" lon="-97.7501170"/>
 <node id="429396948" visible="true" version="2" changeset="109056934" timestamp="2021-08-03T02:50:59Z" user="EricTheLinguist" uid="2259690" lat="30.2496734" lon="-97.7359002"/>
 <node id="429396950" visible="true" version="1" changeset="1627825" timestamp="2009-06-26T02:27:05Z" user="adaman797" uid="135807" lat="30.2495547" lon="-97.7354142"/>
 <node id="429396952" visible="true" version="1" changeset="1627825" timestamp="2009-06-26T02:27:05Z" user="adaman797" uid="135807" lat="30.2495473" lon="-97.7350623"/>
 <node id="429396957" visible="true" version="1" changeset="1627825" timestamp="2009-06-26T02:27:05Z" user="adaman797" uid="135807" lat="30.2494583" lon="-97.7348306"/>
 <node id="429396960" visible="true" version="2" changeset="109294089" timestamp="2021-08-07T05:56:47Z" user="EricTheLinguist" uid="2259690" lat="30.2491866" lon="-97.7346509"/>
 <node id="429396963" visible="true" version="1" changeset="1627825" timestamp="2009-06-26T02:27:05Z" user="adaman797" uid="135807" lat="30.2491543" lon="-97.7344787"/>
 <node id="429396966" visible="true" version="1" changeset="1627825" timestamp="2009-06-26T02:27:05Z" user="adaman797" uid="135807" lat="30.2489986" lon="-97.7341439"/>
 <node id="429396968" visible="true" version="1" changeset="1627825" timestamp="2009-06-26T02:27:05Z" user="adaman797" uid="135807" lat="30.2488504" lon="-97.7337319"/>
 <node id="429396971" visible="true" version="1" changeset="1627825" timestamp="2009-06-26T02:27:05Z" user="adaman797" uid="135807" lat="30.2487095" lon="-97.7332856"/>
 <node id="429396974" visible="true" version="1" changeset="1627825" timestamp="2009-06-26T02:27:05Z" user="adaman797" uid="135807" lat="30.2484500" lon="-97.7327363"/>
 <node id="429396977" visible="true" version="1" changeset="1627825" timestamp="2009-06-26T02:27:05Z" user="adaman797" uid="135807" lat="30.2482053" lon="-97.7321870"/>
 <node id="429396979" visible="true" version="1" changeset="1627825" timestamp="2009-06-26T02:27:05Z" user="adaman797" uid="135807" lat="30.2479310" lon="-97.7316977"/>
 <node id="429396981" visible="true" version="1" changeset="1627825" timestamp="2009-06-26T02:27:05Z" user="adaman797" uid="135807" lat="30.2476121" lon="-97.7311484"/>
 <node id="429396984" visible="true" version="1" changeset="1627825" timestamp="2009-06-26T02:27:06Z" user="adaman797" uid="135807" lat="30.2473230" lon="-97.7305648"/>
 <node id="429396991" visible="true" version="2" changeset="109312452" timestamp="2021-08-07T14:14:17Z" user="EricTheLinguist" uid="2259690" lat="30.2469909" lon="-97.7298619"/>
 <node id="429396994" visible="true" version="3" changeset="99200879" timestamp="2021-02-13T01:35:00Z" user="Milroy1812" uid="12056179" lat="30.2461632" lon="-97.7280486"/>
 <node id="429396997" visible="true" version="2" changeset="99200879" timestamp="2021-02-13T01:35:00Z" user="Milroy1812" uid="12056179" lat="30.2461062" lon="-97.7275106"/>
 <node id="429396999" visible="true" version="3" changeset="109049696" timestamp="2021-08-02T19:44:22Z" user="EricTheLinguist" uid="2259690" lat="30.2458246" lon="-97.7265782"/>
 <node id="429397002" visible="true" version="2" changeset="109049696" timestamp="2021-08-02T19:44:22Z" user="EricTheLinguist" uid="2259690" lat="30.2456559" lon="-97.7259475"/>
 <node id="429397005" visible="true" version="2" changeset="109049696" timestamp="2021-08-02T19:44:22Z" user="EricTheLinguist" uid="2259690" lat="30.2456236" lon="-97.7258504"/>
 <node id="429397008" visible="true" version="2" changeset="109049696" timestamp="2021-08-02T19:44:22Z" user="EricTheLinguist" uid="2259690" lat="30.2454735" lon="-97.7252306"/>
 <node id="429397010" visible="true" version="1" changeset="1627825" timestamp="2009-06-26T02:27:06Z" user="adaman797" uid="135807" lat="30.2454471" lon="-97.7247455"/>
 <node id="429397011" visible="true" version="1" changeset="1627825" timestamp="2009-06-26T02:27:06Z" user="adaman797" uid="135807" lat="30.2454248" lon="-97.7244794"/>
 <node id="429397012" visible="true" version="1" changeset="1627825" timestamp="2009-06-26T02:27:06Z" user="adaman797" uid="135807" lat="30.2454396" lon="-97.7242047"/>
 <node id="429397013" visible="true" version="1" changeset="1627825" timestamp="2009-06-26T02:27:07Z" user="adaman797" uid="135807" lat="30.2454990" lon="-97.7239987"/>
 <node id="429397014" visible="true" version="1" changeset="1627825" timestamp="2009-06-26T02:27:07Z" user="adaman797" uid="135807" lat="30.2455360" lon="-97.7238528"/>
 <node id="429397015" visible="true" version="1" changeset="1627825" timestamp="2009-06-26T02:27:07Z" user="adaman797" uid="135807" lat="30.2455509" lon="-97.7237412"/>
 <node id="429397016" visible="true" version="1" changeset="1627825" timestamp="2009-06-26T02:27:07Z" user="adaman797" uid="135807" lat="30.2455435" lon="-97.7236125"/>
 <node id="429397017" visible="true" version="1" changeset="1627825" timestamp="2009-06-26T02:27:07Z" user="adaman797" uid="135807" lat="30.2455212" lon="-97.7235267"/>
 <node id="429397018" visible="true" version="1" changeset="1627825" timestamp="2009-06-26T02:27:07Z" user="adaman797" uid="135807" lat="30.2455435" lon="-97.7233807"/>
 <node id="429397019" visible="true" version="1" changeset="1627825" timestamp="2009-06-26T02:27:07Z" user="adaman797" uid="135807" lat="30.2456250" lon="-97.7232263"/>
 <node id="429397020" visible="true" version="1" changeset="1627825" timestamp="2009-06-26T02:27:07Z" user="adaman797" uid="135807" lat="30.2456917" lon="-97.7231662"/>
 <node id="429397021" visible="true" version="2" changeset="109049696" timestamp="2021-08-02T19:44:22Z" user="EricTheLinguist" uid="2259690" lat="30.2457188" lon="-97.7230984"/>
 <node id="429397022" visible="true" version="2" changeset="109049696" timestamp="2021-08-02T19:44:22Z" user="EricTheLinguist" uid="2259690" lat="30.2457067" lon="-97.7230573"/>
 <node id="429397023" visible="true" version="1" changeset="1627825" timestamp="2009-06-26T02:27:08Z" user="adaman797" uid="135807" lat="30.2457066" lon="-97.7230288"/>
 <node id="429397024" visible="true" version="1" changeset="1627825" timestamp="2009-06-26T02:27:08Z" user="adaman797" uid="135807" lat="30.2457066" lon="-97.7229516"/>
 <node id="429397025" visible="true" version="1" changeset="1627825" timestamp="2009-06-26T02:27:08Z" user="adaman797" uid="135807" lat="30.2457362" lon="-97.7228314"/>
 <node id="429397026" visible="true" version="1" changeset="1627825" timestamp="2009-06-26T02:27:08Z" user="adaman797" uid="135807" lat="30.2457881" lon="-97.7227628"/>
 <node id="429397027" visible="true" version="1" changeset="1627825" timestamp="2009-06-26T02:27:08Z" user="adaman797" uid="135807" lat="30.2458326" lon="-97.7227199"/>
 <node id="429397028" visible="true" version="1" changeset="1627825" timestamp="2009-06-26T02:27:08Z" user="adaman797" uid="135807" lat="30.2459216" lon="-97.7226855"/>
 <node id="429397029" visible="true" version="1" changeset="1627825" timestamp="2009-06-26T02:27:08Z" user="adaman797" uid="135807" lat="30.2460106" lon="-97.7226512"/>
 <node id="429397030" visible="true" version="1" changeset="1627825" timestamp="2009-06-26T02:27:08Z" user="adaman797" uid="135807" lat="30.2460477" lon="-97.7225739"/>
 <node id="429397031" visible="true" version="1" changeset="1627825" timestamp="2009-06-26T02:27:08Z" user="adaman797" uid="135807" lat="30.2460477" lon="-97.7224967"/>
 <node id="429397032" visible="true" version="2" changeset="109292339" timestamp="2021-08-07T04:41:43Z" user="EricTheLinguist" uid="2259690" lat="30.2460738" lon="-97.7223690"/>
 <node id="429397033" visible="true" version="1" changeset="1627825" timestamp="2009-06-26T02:27:08Z" user="adaman797" uid="135807" lat="30.2461589" lon="-97.7220933"/>
 <node id="429397034" visible="true" version="2" changeset="109057186" timestamp="2021-08-03T03:01:55Z" user="EricTheLinguist" uid="2259690" lat="30.2462242" lon="-97.7218508"/>
 <node id="429397035" visible="true" version="1" changeset="1627825" timestamp="2009-06-26T02:27:09Z" user="adaman797" uid="135807" lat="30.2462923" lon="-97.7215096"/>
 <node id="429397036" visible="true" version="1" changeset="1627825" timestamp="2009-06-26T02:27:09Z" user="adaman797" uid="135807" lat="30.2463961" lon="-97.7211577"/>
 <node id="429397037" visible="true" version="2" changeset="108988820" timestamp="2021-08-01T21:58:53Z" user="EricTheLinguist" uid="2259690" lat="30.2464584" lon="-97.7209289"/>
 <node id="429397038" visible="true" version="2" changeset="108988820" timestamp="2021-08-01T21:58:53Z" user="EricTheLinguist" uid="2259690" lat="30.2465020" lon="-97.7206967"/>
 <node id="429397039" visible="true" version="1" changeset="1627825" timestamp="2009-06-26T02:27:09Z" user="adaman797" uid="135807" lat="30.2465148" lon="-97.7207114"/>
 <node id="429397040" visible="true" version="1" changeset="1627825" timestamp="2009-06-26T02:27:09Z" user="adaman797" uid="135807" lat="30.2465148" lon="-97.7206256"/>
 <node id="429397041" visible="true" version="2" changeset="108988820" timestamp="2021-08-01T21:58:53Z" user="EricTheLinguist" uid="2259690" lat="30.2464731" lon="-97.7205532"/>
 <node id="429397042" visible="true" version="3" changeset="108988820" timestamp="2021-08-01T21:58:53Z" user="EricTheLinguist" uid="2259690" lat="30.2463708" lon="-97.7205416"/>
 <node id="429397043" visible="true" version="1" changeset="1627825" timestamp="2009-06-26T02:27:09Z" user="adaman797" uid="135807" lat="30.2463442" lon="-97.7206771"/>
 <node id="429397044" visible="true" version="1" changeset="1627825" timestamp="2009-06-26T02:27:09Z" user="adaman797" uid="135807" lat="30.2462998" lon="-97.7207972"/>
 <node id="429397045" visible="true" version="2" changeset="108988820" timestamp="2021-08-01T21:58:53Z" user="EricTheLinguist" uid="2259690" lat="30.2463158" lon="-97.7208299"/>
 <node id="429397046" visible="true" version="2" changeset="109292339" timestamp="2021-08-07T04:41:43Z" user="EricTheLinguist" uid="2259690" lat="30.2462763" lon="-97.7210029"/>
 <node id="429397047" visible="true" version="2" changeset="109292339" timestamp="2021-08-07T04:41:43Z" user="EricTheLinguist" uid="2259690" lat="30.2462530" lon="-97.7211062"/>
 <node id="429397048" visible="true" version="1" changeset="1627825" timestamp="2009-06-26T02:27:10Z" user="adaman797" uid="135807" lat="30.2461811" lon="-97.7213294"/>
 <node id="429397049" visible="true" version="1" changeset="1627825" timestamp="2009-06-26T02:27:10Z" user="adaman797" uid="135807" lat="30.2461292" lon="-97.7215182"/>
 <node id="429397050" visible="true" version="1" changeset="1627825" timestamp="2009-06-26T02:27:10Z" user="adaman797" uid="135807" lat="30.2460699" lon="-97.7216985"/>
 <node id="429397051" visible="true" version="1" changeset="1627825" timestamp="2009-06-26T02:27:10Z" user="adaman797" uid="135807" lat="30.2460032" lon="-97.7219216"/>
 <node id="429397052" visible="true" version="1" changeset="1627825" timestamp="2009-06-26T02:27:10Z" user="adaman797" uid="135807" lat="30.2459364" lon="-97.7220590"/>
 <node id="429397053" visible="true" version="2" changeset="109292339" timestamp="2021-08-07T04:41:43Z" user="EricTheLinguist" uid="2259690" lat="30.2458697" lon="-97.7221909"/>
 <node id="429397054" visible="true" version="1" changeset="1627825" timestamp="2009-06-26T02:27:10Z" user="adaman797" uid="135807" lat="30.2457881" lon="-97.7222306"/>
 <node id="429397055" visible="true" version="2" changeset="109292339" timestamp="2021-08-07T04:41:43Z" user="EricTheLinguist" uid="2259690" lat="30.2456573" lon="-97.7222806"/>
 <node id="429397056" visible="true" version="2" changeset="109292339" timestamp="2021-08-07T04:41:43Z" user="EricTheLinguist" uid="2259690" lat="30.2455800" lon="-97.7223011"/>
 <node id="429397057" visible="true" version="1" changeset="1627825" timestamp="2009-06-26T02:27:10Z" user="adaman797" uid="135807" lat="30.2454990" lon="-97.7223422"/>
 <node id="429397058" visible="true" version="1" changeset="1627825" timestamp="2009-06-26T02:27:10Z" user="adaman797" uid="135807" lat="30.2453284" lon="-97.7224624"/>
 <node id="429397059" visible="true" version="1" changeset="1627825" timestamp="2009-06-26T02:27:10Z" user="adaman797" uid="135807" lat="30.2452246" lon="-97.7225053"/>
 <node id="429397060" visible="true" version="1" changeset="1627825" timestamp="2009-06-26T02:27:10Z" user="adaman797" uid="135807" lat="30.2450541" lon="-97.7225654"/>
 <node id="429397061" visible="true" version="1" changeset="1627825" timestamp="2009-06-26T02:27:10Z" user="adaman797" uid="135807" lat="30.2449651" lon="-97.7225568"/>
 <node id="429397062" visible="true" version="1" changeset="1627825" timestamp="2009-06-26T02:27:11Z" user="adaman797" uid="135807" lat="30.2448687" lon="-97.7224795"/>
 <node id="429397063" visible="true" version="1" changeset="1627825" timestamp="2009-06-26T02:27:11Z" user="adaman797" uid="135807" lat="30.2447872" lon="-97.7224109"/>
 <node id="429397064" visible="true" version="1" changeset="1627825" timestamp="2009-06-26T02:27:11Z" user="adaman797" uid="135807" lat="30.2446833" lon="-97.7222478"/>
 <node id="429397065" visible="true" version="1" changeset="1627825" timestamp="2009-06-26T02:27:11Z" user="adaman797" uid="135807" lat="30.2445870" lon="-97.7220160"/>
 <node id="429397066" visible="true" version="1" changeset="1627825" timestamp="2009-06-26T02:27:11Z" user="adaman797" uid="135807" lat="30.2445054" lon="-97.7218100"/>
 <node id="429397067" visible="true" version="1" changeset="1627825" timestamp="2009-06-26T02:27:11Z" user="adaman797" uid="135807" lat="30.2444461" lon="-97.7216985"/>
 <node id="429397068" visible="true" version="1" changeset="1627825" timestamp="2009-06-26T02:27:11Z" user="adaman797" uid="135807" lat="30.2444164" lon="-97.7215955"/>
 <node id="429397069" visible="true" version="1" changeset="1627825" timestamp="2009-06-26T02:27:11Z" user="adaman797" uid="135807" lat="30.2444609" lon="-97.7215096"/>
 <node id="429397070" visible="true" version="1" changeset="1627825" timestamp="2009-06-26T02:27:11Z" user="adaman797" uid="135807" lat="30.2444906" lon="-97.7214496"/>
 <node id="429397071" visible="true" version="1" changeset="1627825" timestamp="2009-06-26T02:27:11Z" user="adaman797" uid="135807" lat="30.2444757" lon="-97.7213723"/>
 <node id="429397072" visible="true" version="1" changeset="1627825" timestamp="2009-06-26T02:27:11Z" user="adaman797" uid="135807" lat="30.2444312" lon="-97.7213294"/>
 <node id="429397073" visible="true" version="1" changeset="1627825" timestamp="2009-06-26T02:27:11Z" user="adaman797" uid="135807" lat="30.2443571" lon="-97.7213380"/>
 <node id="429397074" visible="true" version="2" changeset="142213486" timestamp="2023-10-06T03:58:40Z" user="EricTheLinguist" uid="2259690" lat="30.2442985" lon="-97.7212811"/>
 <node id="429397075" visible="true" version="2" changeset="142213486" timestamp="2023-10-06T03:58:40Z" user="EricTheLinguist" uid="2259690" lat="30.2442478" lon="-97.7211481"/>
 <node id="429397076" visible="true" version="2" changeset="142213486" timestamp="2023-10-06T03:58:40Z" user="EricTheLinguist" uid="2259690" lat="30.2442022" lon="-97.7209477"/>
 <node id="429397077" visible="true" version="1" changeset="1627825" timestamp="2009-06-26T02:27:12Z" user="adaman797" uid="135807" lat="30.2441643" lon="-97.7207887"/>
 <node id="429397078" visible="true" version="1" changeset="1627825" timestamp="2009-06-26T02:27:12Z" user="adaman797" uid="135807" lat="30.2440976" lon="-97.7205998"/>
 <node id="429397079" visible="true" version="1" changeset="1627825" timestamp="2009-06-26T02:27:12Z" user="adaman797" uid="135807" lat="30.2440531" lon="-97.7204024"/>
 <node id="429397080" visible="true" version="2" changeset="142213486" timestamp="2023-10-06T03:58:40Z" user="EricTheLinguist" uid="2259690" lat="30.2440973" lon="-97.7201667"/>
 <node id="429397081" visible="true" version="2" changeset="142213486" timestamp="2023-10-06T03:58:40Z" user="EricTheLinguist" uid="2259690" lat="30.2439197" lon="-97.7198742"/>
 <node id="429397082" visible="true" version="1" changeset="1627825" timestamp="2009-06-26T02:27:12Z" user="adaman797" uid="135807" lat="30.2438677" lon="-97.7197244"/>
 <node id="429397083" visible="true" version="1" changeset="1627825" timestamp="2009-06-26T02:27:12Z" user="adaman797" uid="135807" lat="30.2438232" lon="-97.7196042"/>
 <node id="429397084" visible="true" version="1" changeset="1627825" timestamp="2009-06-26T02:27:12Z" user="adaman797" uid="135807" lat="30.2437936" lon="-97.7195784"/>
 <node id="429397085" visible="true" version="2" changeset="142213486" timestamp="2023-10-06T03:58:40Z" user="EricTheLinguist" uid="2259690" lat="30.2437896" lon="-97.7195148"/>
 <node id="429397086" visible="true" version="1" changeset="1627825" timestamp="2009-06-26T02:27:12Z" user="adaman797" uid="135807" lat="30.2437862" lon="-97.7193896"/>
 <node id="429397087" visible="true" version="1" changeset="1627825" timestamp="2009-06-26T02:27:12Z" user="adaman797" uid="135807" lat="30.2438455" lon="-97.7192952"/>
 <node id="429397088" visible="true" version="1" changeset="1627825" timestamp="2009-06-26T02:27:12Z" user="adaman797" uid="135807" lat="30.2438974" lon="-97.7192094"/>
 <node id="429397089" visible="true" version="1" changeset="1627825" timestamp="2009-06-26T02:27:12Z" user="adaman797" uid="135807" lat="30.2439270" lon="-97.7190806"/>
 <node id="429397090" visible="true" version="2" changeset="142213486" timestamp="2023-10-06T03:58:40Z" user="EricTheLinguist" uid="2259690" lat="30.2439359" lon="-97.7189201"/>
 <node id="429397091" visible="true" version="2" changeset="142213486" timestamp="2023-10-06T03:58:40Z" user="EricTheLinguist" uid="2259690" lat="30.2439041" lon="-97.7187831"/>
 <node id="429397092" visible="true" version="1" changeset="1627825" timestamp="2009-06-26T02:27:13Z" user="adaman797" uid="135807" lat="30.2438455" lon="-97.7186858"/>
 <node id="429397093" visible="true" version="1" changeset="1627825" timestamp="2009-06-26T02:27:13Z" user="adaman797" uid="135807" lat="30.2437565" lon="-97.7186772"/>
 <node id="429397094" visible="true" version="1" changeset="1627825" timestamp="2009-06-26T02:27:13Z" user="adaman797" uid="135807" lat="30.2436749" lon="-97.7186515"/>
 <node id="429397095" visible="true" version="1" changeset="1627825" timestamp="2009-06-26T02:27:13Z" user="adaman797" uid="135807" lat="30.2435934" lon="-97.7185914"/>
 <node id="429397096" visible="true" version="1" changeset="1627825" timestamp="2009-06-26T02:27:13Z" user="adaman797" uid="135807" lat="30.2435637" lon="-97.7184884"/>
 <node id="429397097" visible="true" version="1" changeset="1627825" timestamp="2009-06-26T02:27:13Z" user="adaman797" uid="135807" lat="30.2435415" lon="-97.7183167"/>
 <node id="429397098" visible="true" version="2" changeset="142213486" timestamp="2023-10-06T03:58:40Z" user="EricTheLinguist" uid="2259690" lat="30.2435000" lon="-97.7180592"/>
 <node id="429397099" visible="true" version="2" changeset="142213486" timestamp="2023-10-06T03:58:40Z" user="EricTheLinguist" uid="2259690" lat="30.2435175" lon="-97.7178621"/>
 <node id="429397100" visible="true" version="1" changeset="1627825" timestamp="2009-06-26T02:27:13Z" user="adaman797" uid="135807" lat="30.2435563" lon="-97.7176558"/>
 <node id="429397101" visible="true" version="1" changeset="1627825" timestamp="2009-06-26T02:27:14Z" user="adaman797" uid="135807" lat="30.2435860" lon="-97.7174584"/>
 <node id="429397102" visible="true" version="1" changeset="1627825" timestamp="2009-06-26T02:27:14Z" user="adaman797" uid="135807" lat="30.2435860" lon="-97.7172868"/>
 <node id="429397103" visible="true" version="1" changeset="1627825" timestamp="2009-06-26T02:27:14Z" user="adaman797" uid="135807" lat="30.2436082" lon="-97.7170722"/>
 <node id="429397104" visible="true" version="1" changeset="1627825" timestamp="2009-06-26T02:27:14Z" user="adaman797" uid="135807" lat="30.2436675" lon="-97.7168919"/>
 <node id="429397105" visible="true" version="1" changeset="1627825" timestamp="2009-06-26T02:27:14Z" user="adaman797" uid="135807" lat="30.2437639" lon="-97.7167546"/>
 <node id="429397106" visible="true" version="1" changeset="1627825" timestamp="2009-06-26T02:27:14Z" user="adaman797" uid="135807" lat="30.2438751" lon="-97.7166602"/>
 <node id="429397107" visible="true" version="1" changeset="1627825" timestamp="2009-06-26T02:27:14Z" user="adaman797" uid="135807" lat="30.2439715" lon="-97.7166001"/>
 <node id="429397123" visible="true" version="1" changeset="1627825" timestamp="2009-06-26T02:27:15Z" user="adaman797" uid="135807" lat="30.2477085" lon="-97.7148578"/>
 <node id="429397131" visible="true" version="1" changeset="1627825" timestamp="2009-06-26T02:27:16Z" user="adaman797" uid="135807" lat="30.2485686" lon="-97.7144973"/>
 <node id="429397137" visible="true" version="2" changeset="108767034" timestamp="2021-07-28T15:27:39Z" user="EricTheLinguist" uid="2259690" lat="30.2496228" lon="-97.7141172"/>
 <node id="429397141" visible="true" version="1" changeset="1627825" timestamp="2009-06-26T02:27:17Z" user="adaman797" uid="135807" lat="30.2510672" lon="-97.7136733"/>
 <node id="429397142" visible="true" version="1" changeset="1627825" timestamp="2009-06-26T02:27:17Z" user="adaman797" uid="135807" lat="30.2510969" lon="-97.7138106"/>
 <node id="429397143" visible="true" version="2" changeset="28007240" timestamp="2015-01-08T21:21:22Z" user="gregcrago" uid="2063187" lat="30.2511345" lon="-97.7139174"/>
 <node id="429397144" visible="true" version="2" changeset="28007240" timestamp="2015-01-08T21:21:22Z" user="gregcrago" uid="2063187" lat="30.2510523" lon="-97.7140247"/>
 <node id="429397145" visible="true" version="2" changeset="28007240" timestamp="2015-01-08T21:21:22Z" user="gregcrago" uid="2063187" lat="30.2510233" lon="-97.7142326"/>
 <node id="429397146" visible="true" version="2" changeset="28007240" timestamp="2015-01-08T21:21:22Z" user="gregcrago" uid="2063187" lat="30.2510418" lon="-97.7143479"/>
 <node id="429397147" visible="true" version="2" changeset="28007240" timestamp="2015-01-08T21:21:22Z" user="gregcrago" uid="2063187" lat="30.2510523" lon="-97.7144901"/>
 <node id="429397148" visible="true" version="2" changeset="28007240" timestamp="2015-01-08T21:21:22Z" user="gregcrago" uid="2063187" lat="30.2510650" lon="-97.7145370"/>
 <node id="429397149" visible="true" version="2" changeset="28007240" timestamp="2015-01-08T21:21:22Z" user="gregcrago" uid="2063187" lat="30.2509770" lon="-97.7148374"/>
 <node id="429397150" visible="true" version="3" changeset="142245784" timestamp="2023-10-06T19:28:06Z" user="EricTheLinguist" uid="2259690" lat="30.2510805" lon="-97.7150177"/>
 <node id="429397151" visible="true" version="3" changeset="142245784" timestamp="2023-10-06T19:28:06Z" user="EricTheLinguist" uid="2259690" lat="30.2511116" lon="-97.7150861"/>
 <node id="429397152" visible="true" version="1" changeset="1627825" timestamp="2009-06-26T02:27:17Z" user="adaman797" uid="135807" lat="30.2511117" lon="-97.7152440"/>
 <node id="429397153" visible="true" version="1" changeset="1627825" timestamp="2009-06-26T02:27:18Z" user="adaman797" uid="135807" lat="30.2511488" lon="-97.7154071"/>
 <node id="429397154" visible="true" version="1" changeset="1627825" timestamp="2009-06-26T02:27:18Z" user="adaman797" uid="135807" lat="30.2511562" lon="-97.7155358"/>
 <node id="429397155" visible="true" version="3" changeset="142245784" timestamp="2023-10-06T19:28:06Z" user="EricTheLinguist" uid="2259690" lat="30.2511274" lon="-97.7156458"/>
 <node id="429397156" visible="true" version="2" changeset="28007240" timestamp="2015-01-08T21:21:22Z" user="gregcrago" uid="2063187" lat="30.2510905" lon="-97.7159103"/>
 <node id="429397157" visible="true" version="2" changeset="28007240" timestamp="2015-01-08T21:21:22Z" user="gregcrago" uid="2063187" lat="30.2510604" lon="-97.7161101"/>
 <node id="429397158" visible="true" version="2" changeset="28007240" timestamp="2015-01-08T21:21:22Z" user="gregcrago" uid="2063187" lat="30.2510847" lon="-97.7163032"/>
 <node id="429397159" visible="true" version="2" changeset="28007240" timestamp="2015-01-08T21:21:22Z" user="gregcrago" uid="2063187" lat="30.2510708" lon="-97.7166452"/>
 <node id="429397160" visible="true" version="2" changeset="28007240" timestamp="2015-01-08T21:21:22Z" user="gregcrago" uid="2063187" lat="30.2510974" lon="-97.7168477"/>
 <node id="429397161" visible="true" version="2" changeset="28007240" timestamp="2015-01-08T21:21:22Z" user="gregcrago" uid="2063187" lat="30.2511484" lon="-97.7170489"/>
 <node id="429397162" visible="true" version="2" changeset="28007240" timestamp="2015-01-08T21:21:22Z" user="gregcrago" uid="2063187" lat="30.2511866" lon="-97.7172957"/>
 <node id="429397163" visible="true" version="2" changeset="28007240" timestamp="2015-01-08T21:21:22Z" user="gregcrago" uid="2063187" lat="30.2512098" lon="-97.7175089"/>
 <node id="429397164" visible="true" version="2" changeset="28007240" timestamp="2015-01-08T21:21:22Z" user="gregcrago" uid="2063187" lat="30.2511832" lon="-97.7176443"/>
 <node id="429397165" visible="true" version="2" changeset="28007240" timestamp="2015-01-08T21:21:22Z" user="gregcrago" uid="2063187" lat="30.2511542" lon="-97.7177744"/>
 <node id="429397166" visible="true" version="2" changeset="28007240" timestamp="2015-01-08T21:21:22Z" user="gregcrago" uid="2063187" lat="30.2510303" lon="-97.7179380"/>
 <node id="429397167" visible="true" version="2" changeset="28007240" timestamp="2015-01-08T21:21:22Z" user="gregcrago" uid="2063187" lat="30.2509387" lon="-97.7181285"/>
 <node id="429397168" visible="true" version="1" changeset="1627825" timestamp="2009-06-26T02:27:19Z" user="adaman797" uid="135807" lat="30.2508671" lon="-97.7182996"/>
 <node id="429397169" visible="true" version="1" changeset="1627825" timestamp="2009-06-26T02:27:19Z" user="adaman797" uid="135807" lat="30.2507781" lon="-97.7183940"/>
 <node id="429397170" visible="true" version="1" changeset="1627825" timestamp="2009-06-26T02:27:19Z" user="adaman797" uid="135807" lat="30.2506743" lon="-97.7184626"/>
 <node id="429397171" visible="true" version="1" changeset="1627825" timestamp="2009-06-26T02:27:19Z" user="adaman797" uid="135807" lat="30.2505557" lon="-97.7185056"/>
 <node id="429397172" visible="true" version="3" changeset="142245784" timestamp="2023-10-06T19:28:06Z" user="EricTheLinguist" uid="2259690" lat="30.2505281" lon="-97.7184853"/>
 <node id="429397175" visible="true" version="3" changeset="142245784" timestamp="2023-10-06T19:28:06Z" user="EricTheLinguist" uid="2259690" lat="30.2504724" lon="-97.7183303"/>
 <node id="429397176" visible="true" version="3" changeset="142245784" timestamp="2023-10-06T19:28:06Z" user="EricTheLinguist" uid="2259690" lat="30.2504403" lon="-97.7181604"/>
 <node id="429397177" visible="true" version="3" changeset="142245784" timestamp="2023-10-06T19:28:06Z" user="EricTheLinguist" uid="2259690" lat="30.2504329" lon="-97.7180147"/>
 <node id="429397178" visible="true" version="2" changeset="142245784" timestamp="2023-10-06T19:28:06Z" user="EricTheLinguist" uid="2259690" lat="30.2504392" lon="-97.7178314"/>
 <node id="429397179" visible="true" version="2" changeset="142245784" timestamp="2023-10-06T19:28:06Z" user="EricTheLinguist" uid="2259690" lat="30.2504783" lon="-97.7176685"/>
 <node id="429397180" visible="true" version="2" changeset="142245784" timestamp="2023-10-06T19:28:06Z" user="EricTheLinguist" uid="2259690" lat="30.2505247" lon="-97.7174770"/>
 <node id="429397181" visible="true" version="2" changeset="142245784" timestamp="2023-10-06T19:28:06Z" user="EricTheLinguist" uid="2259690" lat="30.2505611" lon="-97.7173731"/>
 <node id="429397182" visible="true" version="3" changeset="142245784" timestamp="2023-10-06T19:28:06Z" user="EricTheLinguist" uid="2259690" lat="30.2506022" lon="-97.7172326"/>
 <node id="429397183" visible="true" version="3" changeset="142245784" timestamp="2023-10-06T19:28:06Z" user="EricTheLinguist" uid="2259690" lat="30.2506366" lon="-97.7170142"/>
 <node id="429397184" visible="true" version="3" changeset="142245784" timestamp="2023-10-06T19:28:06Z" user="EricTheLinguist" uid="2259690" lat="30.2506741" lon="-97.7168249"/>
 <node id="429397185" visible="true" version="3" changeset="142245784" timestamp="2023-10-06T19:28:06Z" user="EricTheLinguist" uid="2259690" lat="30.2506884" lon="-97.7166174"/>
 <node id="429397186" visible="true" version="3" changeset="142245784" timestamp="2023-10-06T19:28:06Z" user="EricTheLinguist" uid="2259690" lat="30.2507059" lon="-97.7163271"/>
 <node id="429397187" visible="true" version="3" changeset="142245784" timestamp="2023-10-06T19:28:06Z" user="EricTheLinguist" uid="2259690" lat="30.2507070" lon="-97.7160493"/>
 <node id="429397188" visible="true" version="3" changeset="142245784" timestamp="2023-10-06T19:28:06Z" user="EricTheLinguist" uid="2259690" lat="30.2506923" lon="-97.7160467"/>
 <node id="429397189" visible="true" version="3" changeset="142245784" timestamp="2023-10-06T19:28:06Z" user="EricTheLinguist" uid="2259690" lat="30.2507075" lon="-97.7155949"/>
 <node id="429397190" visible="true" version="3" changeset="142245784" timestamp="2023-10-06T19:28:06Z" user="EricTheLinguist" uid="2259690" lat="30.2507029" lon="-97.7153729"/>
 <node id="429397191" visible="true" version="3" changeset="142245784" timestamp="2023-10-06T19:28:06Z" user="EricTheLinguist" uid="2259690" lat="30.2506989" lon="-97.7152466"/>
 <node id="429397192" visible="true" version="1" changeset="1627825" timestamp="2009-06-26T02:27:20Z" user="adaman797" uid="135807" lat="30.2507410" lon="-97.7151925"/>
 <node id="429397193" visible="true" version="1" changeset="1627825" timestamp="2009-06-26T02:27:20Z" user="adaman797" uid="135807" lat="30.2507929" lon="-97.7151496"/>
 <node id="429397194" visible="true" version="2" changeset="142245784" timestamp="2023-10-06T19:28:06Z" user="EricTheLinguist" uid="2259690" lat="30.2507992" lon="-97.7151067"/>
 <node id="429397195" visible="true" version="2" changeset="142245784" timestamp="2023-10-06T19:28:06Z" user="EricTheLinguist" uid="2259690" lat="30.2507853" lon="-97.7150277"/>
 <node id="429397196" visible="true" version="2" changeset="142245784" timestamp="2023-10-06T19:28:06Z" user="EricTheLinguist" uid="2259690" lat="30.2507600" lon="-97.7150026"/>
 <node id="429397197" visible="true" version="2" changeset="142245784" timestamp="2023-10-06T19:28:06Z" user="EricTheLinguist" uid="2259690" lat="30.2507163" lon="-97.7149833"/>
 <node id="429397198" visible="true" version="2" changeset="142245784" timestamp="2023-10-06T19:28:06Z" user="EricTheLinguist" uid="2259690" lat="30.2506651" lon="-97.7150020"/>
 <node id="429397199" visible="true" version="1" changeset="1627825" timestamp="2009-06-26T02:27:21Z" user="adaman797" uid="135807" lat="30.2505779" lon="-97.7152440"/>
 <node id="429397200" visible="true" version="1" changeset="1627825" timestamp="2009-06-26T02:27:21Z" user="adaman797" uid="135807" lat="30.2505853" lon="-97.7155015"/>
 <node id="429397201" visible="true" version="1" changeset="1627825" timestamp="2009-06-26T02:27:21Z" user="adaman797" uid="135807" lat="30.2505853" lon="-97.7157590"/>
 <node id="429397202" visible="true" version="1" changeset="1627825" timestamp="2009-06-26T02:27:21Z" user="adaman797" uid="135807" lat="30.2505705" lon="-97.7159736"/>
 <node id="429397203" visible="true" version="1" changeset="1627825" timestamp="2009-06-26T02:27:21Z" user="adaman797" uid="135807" lat="30.2505705" lon="-97.7162139"/>
 <node id="429397204" visible="true" version="1" changeset="1627825" timestamp="2009-06-26T02:27:21Z" user="adaman797" uid="135807" lat="30.2505705" lon="-97.7164027"/>
 <node id="429397205" visible="true" version="1" changeset="1627825" timestamp="2009-06-26T02:27:22Z" user="adaman797" uid="135807" lat="30.2505705" lon="-97.7166173"/>
 <node id="429397206" visible="true" version="2" changeset="28007240" timestamp="2015-01-08T21:21:22Z" user="gregcrago" uid="2063187" lat="30.2505124" lon="-97.7168571"/>
 <node id="429397207" visible="true" version="3" changeset="148990301" timestamp="2024-03-21T23:53:09Z" user="kaleidoscopica" uid="8704810" lat="30.2505132" lon="-97.7170460"/>
 <node id="429397208" visible="true" version="3" changeset="142245784" timestamp="2023-10-06T19:28:06Z" user="EricTheLinguist" uid="2259690" lat="30.2504446" lon="-97.7172011"/>
 <node id="429397209" visible="true" version="2" changeset="148990301" timestamp="2024-03-21T23:53:09Z" user="kaleidoscopica" uid="8704810" lat="30.2503681" lon="-97.7174627"/>
 <node id="429397210" visible="true" version="2" changeset="142245784" timestamp="2023-10-06T19:28:06Z" user="EricTheLinguist" uid="2259690" lat="30.2503431" lon="-97.7176429"/>
 <node id="429397211" visible="true" version="1" changeset="1627825" timestamp="2009-06-26T02:27:22Z" user="adaman797" uid="135807" lat="30.2503258" lon="-97.7177760"/>
 <node id="429397212" visible="true" version="1" changeset="1627825" timestamp="2009-06-26T02:27:22Z" user="adaman797" uid="135807" lat="30.2503258" lon="-97.7178876"/>
 <node id="429397213" visible="true" version="1" changeset="1627825" timestamp="2009-06-26T02:27:22Z" user="adaman797" uid="135807" lat="30.2503036" lon="-97.7180764"/>
 <node id="429397214" visible="true" version="1" changeset="1627825" timestamp="2009-06-26T02:27:22Z" user="adaman797" uid="135807" lat="30.2502813" lon="-97.7182910"/>
 <node id="429397215" visible="true" version="1" changeset="1627825" timestamp="2009-06-26T02:27:22Z" user="adaman797" uid="135807" lat="30.2502665" lon="-97.7184712"/>
 <node id="429397216" visible="true" version="1" changeset="1627825" timestamp="2009-06-26T02:27:22Z" user="adaman797" uid="135807" lat="30.2501998" lon="-97.7186000"/>
 <node id="429397217" visible="true" version="1" changeset="1627825" timestamp="2009-06-26T02:27:22Z" user="adaman797" uid="135807" lat="30.2500589" lon="-97.7187287"/>
 <node id="429397218" visible="true" version="1" changeset="1627825" timestamp="2009-06-26T02:27:22Z" user="adaman797" uid="135807" lat="30.2499329" lon="-97.7188146"/>
 <node id="429397219" visible="true" version="2" changeset="50391203" timestamp="2017-07-18T22:29:16Z" user="kre3d" uid="1745406" lat="30.2498228" lon="-97.7188745"/>
 <node id="429397220" visible="true" version="2" changeset="50391203" timestamp="2017-07-18T22:29:16Z" user="kre3d" uid="1745406" lat="30.2496444" lon="-97.7189684"/>
 <node id="429397221" visible="true" version="1" changeset="1627825" timestamp="2009-06-26T02:27:23Z" user="adaman797" uid="135807" lat="30.2493100" lon="-97.7190205"/>
 <node id="429397222" visible="true" version="1" changeset="1627825" timestamp="2009-06-26T02:27:23Z" user="adaman797" uid="135807" lat="30.2492878" lon="-97.7190549"/>
 <node id="429397223" visible="true" version="1" changeset="1627825" timestamp="2009-06-26T02:27:23Z" user="adaman797" uid="135807" lat="30.2492730" lon="-97.7191150"/>
 <node id="429397224" visible="true" version="2" changeset="148990301" timestamp="2024-03-21T23:53:09Z" user="kaleidoscopica" uid="8704810" lat="30.2490062" lon="-97.7194089"/>
 <node id="429397225" visible="true" version="1" changeset="1627825" timestamp="2009-06-26T02:27:23Z" user="adaman797" uid="135807" lat="30.2489245" lon="-97.7195441"/>
 <node id="429397226" visible="true" version="1" changeset="1627825" timestamp="2009-06-26T02:27:23Z" user="adaman797" uid="135807" lat="30.2489319" lon="-97.7196385"/>
 <node id="429397227" visible="true" version="1" changeset="1627825" timestamp="2009-06-26T02:27:23Z" user="adaman797" uid="135807" lat="30.2489764" lon="-97.7197244"/>
 <node id="429397228" visible="true" version="1" changeset="1627825" timestamp="2009-06-26T02:27:23Z" user="adaman797" uid="135807" lat="30.2490061" lon="-97.7198188"/>
 <node id="429397229" visible="true" version="1" changeset="1627825" timestamp="2009-06-26T02:27:23Z" user="adaman797" uid="135807" lat="30.2491173" lon="-97.7200591"/>
 <node id="429397230" visible="true" version="1" changeset="1627825" timestamp="2009-06-26T02:27:23Z" user="adaman797" uid="135807" lat="30.2491692" lon="-97.7201363"/>
 <node id="429397231" visible="true" version="3" changeset="182272279" timestamp="2026-05-06T00:14:38Z" user="EricTheLinguist" uid="2259690" lat="30.2492079" lon="-97.7201690"/>
 <node id="429397232" visible="true" version="2" changeset="50391203" timestamp="2017-07-18T22:29:16Z" user="kre3d" uid="1745406" lat="30.2490724" lon="-97.7205395"/>
 <node id="429397233" visible="true" version="2" changeset="148990301" timestamp="2024-03-21T23:53:09Z" user="kaleidoscopica" uid="8704810" lat="30.2489873" lon="-97.7205114"/>
 <node id="429397234" visible="true" version="1" changeset="1627825" timestamp="2009-06-26T02:27:24Z" user="adaman797" uid="135807" lat="30.2488948" lon="-97.7205226"/>
 <node id="429397235" visible="true" version="2" changeset="148990301" timestamp="2024-03-21T23:53:09Z" user="kaleidoscopica" uid="8704810" lat="30.2488060" lon="-97.7205385"/>
 <node id="429397236" visible="true" version="1" changeset="1627825" timestamp="2009-06-26T02:27:24Z" user="adaman797" uid="135807" lat="30.2486427" lon="-97.7206342"/>
 <node id="429397237" visible="true" version="1" changeset="1627825" timestamp="2009-06-26T02:27:24Z" user="adaman797" uid="135807" lat="30.2484648" lon="-97.7207801"/>
 <node id="429397238" visible="true" version="2" changeset="148990301" timestamp="2024-03-21T23:53:09Z" user="kaleidoscopica" uid="8704810" lat="30.2482522" lon="-97.7210158"/>
 <node id="429397239" visible="true" version="2" changeset="148990301" timestamp="2024-03-21T23:53:09Z" user="kaleidoscopica" uid="8704810" lat="30.2479910" lon="-97.7213054"/>
 <node id="429397240" visible="true" version="2" changeset="148990301" timestamp="2024-03-21T23:53:09Z" user="kaleidoscopica" uid="8704810" lat="30.2478087" lon="-97.7215383"/>
 <node id="429397241" visible="true" version="1" changeset="1627825" timestamp="2009-06-26T02:27:24Z" user="adaman797" uid="135807" lat="30.2476715" lon="-97.7217585"/>
 <node id="429397242" visible="true" version="1" changeset="1627825" timestamp="2009-06-26T02:27:24Z" user="adaman797" uid="135807" lat="30.2475973" lon="-97.7218615"/>
 <node id="429397244" visible="true" version="2" changeset="148990301" timestamp="2024-03-21T23:53:09Z" user="kaleidoscopica" uid="8704810" lat="30.2475232" lon="-97.7220504"/>
 <node id="429397246" visible="true" version="2" changeset="148990301" timestamp="2024-03-21T23:53:09Z" user="kaleidoscopica" uid="8704810" lat="30.2475408" lon="-97.7221180"/>
 <node id="429397247" visible="true" version="1" changeset="1627825" timestamp="2009-06-26T02:27:25Z" user="adaman797" uid="135807" lat="30.2475232" lon="-97.7222306"/>
 <node id="429397248" visible="true" version="1" changeset="1627825" timestamp="2009-06-26T02:27:25Z" user="adaman797" uid="135807" lat="30.2474713" lon="-97.7224366"/>
 <node id="429397249" visible="true" version="1" changeset="1627825" timestamp="2009-06-26T02:27:25Z" user="adaman797" uid="135807" lat="30.2474045" lon="-97.7225739"/>
 <node id="429397250" visible="true" version="1" changeset="1627825" timestamp="2009-06-26T02:27:25Z" user="adaman797" uid="135807" lat="30.2473600" lon="-97.7227370"/>
 <node id="429397251" visible="true" version="1" changeset="1627825" timestamp="2009-06-26T02:27:25Z" user="adaman797" uid="135807" lat="30.2473749" lon="-97.7228228"/>
 <node id="429397252" visible="true" version="1" changeset="1627825" timestamp="2009-06-26T02:27:25Z" user="adaman797" uid="135807" lat="30.2473378" lon="-97.7229430"/>
 <node id="429397253" visible="true" version="1" changeset="1627825" timestamp="2009-06-26T02:27:25Z" user="adaman797" uid="135807" lat="30.2472488" lon="-97.7231318"/>
 <node id="429397254" visible="true" version="1" changeset="1627825" timestamp="2009-06-26T02:27:25Z" user="adaman797" uid="135807" lat="30.2471005" lon="-97.7235953"/>
 <node id="429397255" visible="true" version="1" changeset="1627825" timestamp="2009-06-26T02:27:25Z" user="adaman797" uid="135807" lat="30.2471005" lon="-97.7236897"/>
 <node id="429397256" visible="true" version="1" changeset="1627825" timestamp="2009-06-26T02:27:25Z" user="adaman797" uid="135807" lat="30.2470635" lon="-97.7237756"/>
 <node id="429397257" visible="true" version="1" changeset="1627825" timestamp="2009-06-26T02:27:25Z" user="adaman797" uid="135807" lat="30.2470338" lon="-97.7238786"/>
 <node id="429397258" visible="true" version="1" changeset="1627825" timestamp="2009-06-26T02:27:25Z" user="adaman797" uid="135807" lat="30.2469967" lon="-97.7240674"/>
 <node id="429397259" visible="true" version="1" changeset="1627825" timestamp="2009-06-26T02:27:25Z" user="adaman797" uid="135807" lat="30.2469597" lon="-97.7242391"/>
 <node id="429397260" visible="true" version="1" changeset="1627825" timestamp="2009-06-26T02:27:25Z" user="adaman797" uid="135807" lat="30.2469448" lon="-97.7244365"/>
 <node id="429397261" visible="true" version="1" changeset="1627825" timestamp="2009-06-26T02:27:26Z" user="adaman797" uid="135807" lat="30.2469745" lon="-97.7245824"/>
 <node id="429397262" visible="true" version="1" changeset="1627825" timestamp="2009-06-26T02:27:26Z" user="adaman797" uid="135807" lat="30.2470116" lon="-97.7247369"/>
 <node id="429397263" visible="true" version="1" changeset="1627825" timestamp="2009-06-26T02:27:26Z" user="adaman797" uid="135807" lat="30.2470560" lon="-97.7248313"/>
 <node id="429397264" visible="true" version="1" changeset="1627825" timestamp="2009-06-26T02:27:26Z" user="adaman797" uid="135807" lat="30.2470560" lon="-97.7249343"/>
 <node id="429397265" visible="true" version="1" changeset="1627825" timestamp="2009-06-26T02:27:26Z" user="adaman797" uid="135807" lat="30.2470709" lon="-97.7250459"/>
 <node id="429397266" visible="true" version="1" changeset="1627825" timestamp="2009-06-26T02:27:26Z" user="adaman797" uid="135807" lat="30.2471079" lon="-97.7251145"/>
 <node id="429397267" visible="true" version="1" changeset="1627825" timestamp="2009-06-26T02:27:26Z" user="adaman797" uid="135807" lat="30.2471895" lon="-97.7251145"/>
 <node id="429397268" visible="true" version="1" changeset="1627825" timestamp="2009-06-26T02:27:26Z" user="adaman797" uid="135807" lat="30.2472859" lon="-97.7250544"/>
 <node id="429397269" visible="true" version="1" changeset="1627825" timestamp="2009-06-26T02:27:26Z" user="adaman797" uid="135807" lat="30.2477827" lon="-97.7247970"/>
 <node id="429397270" visible="true" version="1" changeset="1627825" timestamp="2009-06-26T02:27:26Z" user="adaman797" uid="135807" lat="30.2478568" lon="-97.7247798"/>
 <node id="429397271" visible="true" version="1" changeset="1627825" timestamp="2009-06-26T02:27:26Z" user="adaman797" uid="135807" lat="30.2479087" lon="-97.7246940"/>
 <node id="429397272" visible="true" version="1" changeset="1627825" timestamp="2009-06-26T02:27:26Z" user="adaman797" uid="135807" lat="30.2479458" lon="-97.7245738"/>
 <node id="429397273" visible="true" version="1" changeset="1627825" timestamp="2009-06-26T02:27:26Z" user="adaman797" uid="135807" lat="30.2479977" lon="-97.7244794"/>
 <node id="429397274" visible="true" version="1" changeset="1627825" timestamp="2009-06-26T02:27:27Z" user="adaman797" uid="135807" lat="30.2480718" lon="-97.7244450"/>
 <node id="429397275" visible="true" version="1" changeset="1627825" timestamp="2009-06-26T02:27:27Z" user="adaman797" uid="135807" lat="30.2481682" lon="-97.7244279"/>
 <node id="429397276" visible="true" version="1" changeset="1627825" timestamp="2009-06-26T02:27:27Z" user="adaman797" uid="135807" lat="30.2482869" lon="-97.7243935"/>
 <node id="429397277" visible="true" version="1" changeset="1627825" timestamp="2009-06-26T02:27:27Z" user="adaman797" uid="135807" lat="30.2483165" lon="-97.7243163"/>
 <node id="429397278" visible="true" version="1" changeset="1627825" timestamp="2009-06-26T02:27:27Z" user="adaman797" uid="135807" lat="30.2484203" lon="-97.7242648"/>
 <node id="429397279" visible="true" version="1" changeset="1627825" timestamp="2009-06-26T02:27:27Z" user="adaman797" uid="135807" lat="30.2485686" lon="-97.7242219"/>
 <node id="429397280" visible="true" version="1" changeset="1627825" timestamp="2009-06-26T02:27:27Z" user="adaman797" uid="135807" lat="30.2487243" lon="-97.7242219"/>
 <node id="429397281" visible="true" version="1" changeset="1627825" timestamp="2009-06-26T02:27:27Z" user="adaman797" uid="135807" lat="30.2489171" lon="-97.7242219"/>
 <node id="429397282" visible="true" version="1" changeset="1627825" timestamp="2009-06-26T02:27:27Z" user="adaman797" uid="135807" lat="30.2490209" lon="-97.7242305"/>
 <node id="429397283" visible="true" version="1" changeset="1627825" timestamp="2009-06-26T02:27:27Z" user="adaman797" uid="135807" lat="30.2491173" lon="-97.7242476"/>
 <node id="429397284" visible="true" version="1" changeset="1627825" timestamp="2009-06-26T02:27:27Z" user="adaman797" uid="135807" lat="30.2491692" lon="-97.7243077"/>
 <node id="429397285" visible="true" version="1" changeset="1627825" timestamp="2009-06-26T02:27:27Z" user="adaman797" uid="135807" lat="30.2491988" lon="-97.7244021"/>
 <node id="429397286" visible="true" version="1" changeset="1627825" timestamp="2009-06-26T02:27:27Z" user="adaman797" uid="135807" lat="30.2492062" lon="-97.7245395"/>
 <node id="429397287" visible="true" version="1" changeset="1627825" timestamp="2009-06-26T02:27:28Z" user="adaman797" uid="135807" lat="30.2492285" lon="-97.7246854"/>
 <node id="429397288" visible="true" version="1" changeset="1627825" timestamp="2009-06-26T02:27:28Z" user="adaman797" uid="135807" lat="30.2492656" lon="-97.7248485"/>
 <node id="429397289" visible="true" version="1" changeset="1627825" timestamp="2009-06-26T02:27:28Z" user="adaman797" uid="135807" lat="30.2492804" lon="-97.7249686"/>
 <node id="429397290" visible="true" version="1" changeset="1627825" timestamp="2009-06-26T02:27:28Z" user="adaman797" uid="135807" lat="30.2493175" lon="-97.7250888"/>
 <node id="429397291" visible="true" version="1" changeset="1627825" timestamp="2009-06-26T02:27:28Z" user="adaman797" uid="135807" lat="30.2493249" lon="-97.7251918"/>
 <node id="429397292" visible="true" version="1" changeset="1627825" timestamp="2009-06-26T02:27:28Z" user="adaman797" uid="135807" lat="30.2493249" lon="-97.7252690"/>
 <node id="429397293" visible="true" version="1" changeset="1627825" timestamp="2009-06-26T02:27:28Z" user="adaman797" uid="135807" lat="30.2493175" lon="-97.7253549"/>
 <node id="429397294" visible="true" version="1" changeset="1627825" timestamp="2009-06-26T02:27:28Z" user="adaman797" uid="135807" lat="30.2493545" lon="-97.7254407"/>
 <node id="429397295" visible="true" version="1" changeset="1627825" timestamp="2009-06-26T02:27:28Z" user="adaman797" uid="135807" lat="30.2494213" lon="-97.7255780"/>
 <node id="429397296" visible="true" version="1" changeset="1627825" timestamp="2009-06-26T02:27:28Z" user="adaman797" uid="135807" lat="30.2494806" lon="-97.7256810"/>
 <node id="429397297" visible="true" version="1" changeset="1627825" timestamp="2009-06-26T02:27:28Z" user="adaman797" uid="135807" lat="30.2495102" lon="-97.7257583"/>
 <node id="429397298" visible="true" version="1" changeset="1627825" timestamp="2009-06-26T02:27:28Z" user="adaman797" uid="135807" lat="30.2495399" lon="-97.7258870"/>
 <node id="429397299" visible="true" version="1" changeset="1627825" timestamp="2009-06-26T02:27:28Z" user="adaman797" uid="135807" lat="30.2495473" lon="-97.7260157"/>
 <node id="429397300" visible="true" version="1" changeset="1627825" timestamp="2009-06-26T02:27:28Z" user="adaman797" uid="135807" lat="30.2495918" lon="-97.7261016"/>
 <node id="429397301" visible="true" version="1" changeset="1627825" timestamp="2009-06-26T02:27:28Z" user="adaman797" uid="135807" lat="30.2496363" lon="-97.7261788"/>
 <node id="429397302" visible="true" version="1" changeset="1627825" timestamp="2009-06-26T02:27:29Z" user="adaman797" uid="135807" lat="30.2496734" lon="-97.7262732"/>
 <node id="429397303" visible="true" version="1" changeset="1627825" timestamp="2009-06-26T02:27:29Z" user="adaman797" uid="135807" lat="30.2496956" lon="-97.7264020"/>
 <node id="429397304" visible="true" version="1" changeset="1627825" timestamp="2009-06-26T02:27:29Z" user="adaman797" uid="135807" lat="30.2496956" lon="-97.7264964"/>
 <node id="429397305" visible="true" version="1" changeset="1627825" timestamp="2009-06-26T02:27:29Z" user="adaman797" uid="135807" lat="30.2496882" lon="-97.7265651"/>
 <node id="429397306" visible="true" version="1" changeset="1627825" timestamp="2009-06-26T02:27:29Z" user="adaman797" uid="135807" lat="30.2496437" lon="-97.7266166"/>
 <node id="429397307" visible="true" version="1" changeset="1627825" timestamp="2009-06-26T02:27:29Z" user="adaman797" uid="135807" lat="30.2495770" lon="-97.7266681"/>
 <node id="429397308" visible="true" version="1" changeset="1627825" timestamp="2009-06-26T02:27:29Z" user="adaman797" uid="135807" lat="30.2495251" lon="-97.7267281"/>
 <node id="429397309" visible="true" version="1" changeset="1627825" timestamp="2009-06-26T02:27:29Z" user="adaman797" uid="135807" lat="30.2494806" lon="-97.7267968"/>
 <node id="429397310" visible="true" version="1" changeset="1627825" timestamp="2009-06-26T02:27:29Z" user="adaman797" uid="135807" lat="30.2494509" lon="-97.7268826"/>
 <node id="429397311" visible="true" version="1" changeset="1627825" timestamp="2009-06-26T02:27:29Z" user="adaman797" uid="135807" lat="30.2494509" lon="-97.7269942"/>
 <node id="429397312" visible="true" version="1" changeset="1627825" timestamp="2009-06-26T02:27:29Z" user="adaman797" uid="135807" lat="30.2494658" lon="-97.7271058"/>
 <node id="429397313" visible="true" version="1" changeset="1627825" timestamp="2009-06-26T02:27:29Z" user="adaman797" uid="135807" lat="30.2494583" lon="-97.7272689"/>
 <node id="429397314" visible="true" version="1" changeset="1627825" timestamp="2009-06-26T02:27:29Z" user="adaman797" uid="135807" lat="30.2494880" lon="-97.7274920"/>
 <node id="429397315" visible="true" version="1" changeset="1627825" timestamp="2009-06-26T02:27:30Z" user="adaman797" uid="135807" lat="30.2495028" lon="-97.7276208"/>
 <node id="429397316" visible="true" version="1" changeset="1627825" timestamp="2009-06-26T02:27:30Z" user="adaman797" uid="135807" lat="30.2495102" lon="-97.7277324"/>
 <node id="429397317" visible="true" version="1" changeset="1627825" timestamp="2009-06-26T02:27:30Z" user="adaman797" uid="135807" lat="30.2494954" lon="-97.7278096"/>
 <node id="429397318" visible="true" version="1" changeset="1627825" timestamp="2009-06-26T02:27:30Z" user="adaman797" uid="135807" lat="30.2494435" lon="-97.7278697"/>
 <node id="429397319" visible="true" version="1" changeset="1627825" timestamp="2009-06-26T02:27:30Z" user="adaman797" uid="135807" lat="30.2493323" lon="-97.7279212"/>
 <node id="429397320" visible="true" version="1" changeset="1627825" timestamp="2009-06-26T02:27:30Z" user="adaman797" uid="135807" lat="30.2492211" lon="-97.7279555"/>
 <node id="429397321" visible="true" version="1" changeset="1627825" timestamp="2009-06-26T02:27:30Z" user="adaman797" uid="135807" lat="30.2491173" lon="-97.7279813"/>
 <node id="429397322" visible="true" version="1" changeset="1627825" timestamp="2009-06-26T02:27:30Z" user="adaman797" uid="135807" lat="30.2490654" lon="-97.7279727"/>
 <node id="429397323" visible="true" version="1" changeset="1627825" timestamp="2009-06-26T02:27:30Z" user="adaman797" uid="135807" lat="30.2490209" lon="-97.7279212"/>
 <node id="429397324" visible="true" version="1" changeset="1627825" timestamp="2009-06-26T02:27:30Z" user="adaman797" uid="135807" lat="30.2489838" lon="-97.7278268"/>
 <node id="429397325" visible="true" version="1" changeset="1627825" timestamp="2009-06-26T02:27:30Z" user="adaman797" uid="135807" lat="30.2489542" lon="-97.7278096"/>
 <node id="429397326" visible="true" version="1" changeset="1627825" timestamp="2009-06-26T02:27:30Z" user="adaman797" uid="135807" lat="30.2489171" lon="-97.7278182"/>
 <node id="429397327" visible="true" version="1" changeset="1627825" timestamp="2009-06-26T02:27:30Z" user="adaman797" uid="135807" lat="30.2488948" lon="-97.7277924"/>
 <node id="429397328" visible="true" version="1" changeset="1627825" timestamp="2009-06-26T02:27:31Z" user="adaman797" uid="135807" lat="30.2488874" lon="-97.7277409"/>
 <node id="429397329" visible="true" version="1" changeset="1627825" timestamp="2009-06-26T02:27:31Z" user="adaman797" uid="135807" lat="30.2489023" lon="-97.7276980"/>
 <node id="429397330" visible="true" version="1" changeset="1627825" timestamp="2009-06-26T02:27:31Z" user="adaman797" uid="135807" lat="30.2489393" lon="-97.7276723"/>
 <node id="429397331" visible="true" version="1" changeset="1627825" timestamp="2009-06-26T02:27:31Z" user="adaman797" uid="135807" lat="30.2489097" lon="-97.7276036"/>
 <node id="429397332" visible="true" version="1" changeset="1627825" timestamp="2009-06-26T02:27:31Z" user="adaman797" uid="135807" lat="30.2488652" lon="-97.7274835"/>
 <node id="429397333" visible="true" version="1" changeset="1627825" timestamp="2009-06-26T02:27:31Z" user="adaman797" uid="135807" lat="30.2485686" lon="-97.7266938"/>
 <node id="429397334" visible="true" version="1" changeset="1627825" timestamp="2009-06-26T02:27:31Z" user="adaman797" uid="135807" lat="30.2483536" lon="-97.7260844"/>
 <node id="429397335" visible="true" version="1" changeset="1627825" timestamp="2009-06-26T02:27:31Z" user="adaman797" uid="135807" lat="30.2482350" lon="-97.7257411"/>
 <node id="429397336" visible="true" version="1" changeset="1627825" timestamp="2009-06-26T02:27:31Z" user="adaman797" uid="135807" lat="30.2481682" lon="-97.7255608"/>
 <node id="429397337" visible="true" version="1" changeset="1627825" timestamp="2009-06-26T02:27:31Z" user="adaman797" uid="135807" lat="30.2481312" lon="-97.7254235"/>
 <node id="429397338" visible="true" version="1" changeset="1627825" timestamp="2009-06-26T02:27:31Z" user="adaman797" uid="135807" lat="30.2481015" lon="-97.7252948"/>
 <node id="429397339" visible="true" version="1" changeset="1627825" timestamp="2009-06-26T02:27:31Z" user="adaman797" uid="135807" lat="30.2480496" lon="-97.7251660"/>
 <node id="429397340" visible="true" version="1" changeset="1627825" timestamp="2009-06-26T02:27:31Z" user="adaman797" uid="135807" lat="30.2480051" lon="-97.7251231"/>
 <node id="429397341" visible="true" version="1" changeset="1627825" timestamp="2009-06-26T02:27:32Z" user="adaman797" uid="135807" lat="30.2479458" lon="-97.7251403"/>
 <node id="429397342" visible="true" version="1" changeset="1627825" timestamp="2009-06-26T02:27:32Z" user="adaman797" uid="135807" lat="30.2478420" lon="-97.7252261"/>
 <node id="429397343" visible="true" version="1" changeset="1627825" timestamp="2009-06-26T02:27:32Z" user="adaman797" uid="135807" lat="30.2477159" lon="-97.7252776"/>
 <node id="429397344" visible="true" version="1" changeset="1627825" timestamp="2009-06-26T02:27:32Z" user="adaman797" uid="135807" lat="30.2475306" lon="-97.7253720"/>
 <node id="429397345" visible="true" version="1" changeset="1627825" timestamp="2009-06-26T02:27:32Z" user="adaman797" uid="135807" lat="30.2474194" lon="-97.7254235"/>
 <node id="429397346" visible="true" version="1" changeset="1627825" timestamp="2009-06-26T02:27:32Z" user="adaman797" uid="135807" lat="30.2472785" lon="-97.7254836"/>
 <node id="429397347" visible="true" version="1" changeset="1627825" timestamp="2009-06-26T02:27:32Z" user="adaman797" uid="135807" lat="30.2472340" lon="-97.7255351"/>
 <node id="429397348" visible="true" version="1" changeset="1627825" timestamp="2009-06-26T02:27:32Z" user="adaman797" uid="135807" lat="30.2472636" lon="-97.7256209"/>
 <node id="429397349" visible="true" version="2" changeset="148391247" timestamp="2024-03-08T16:12:05Z" user="kaleidoscopica" uid="8704810" lat="30.2473307" lon="-97.7257540"/>
 <node id="429397350" visible="true" version="1" changeset="1627825" timestamp="2009-06-26T02:27:32Z" user="adaman797" uid="135807" lat="30.2474194" lon="-97.7259299"/>
 <node id="429397351" visible="true" version="1" changeset="1627825" timestamp="2009-06-26T02:27:32Z" user="adaman797" uid="135807" lat="30.2474713" lon="-97.7260672"/>
 <node id="429397352" visible="true" version="1" changeset="1627825" timestamp="2009-06-26T02:27:32Z" user="adaman797" uid="135807" lat="30.2475676" lon="-97.7264878"/>
 <node id="429397353" visible="true" version="1" changeset="1627825" timestamp="2009-06-26T02:27:32Z" user="adaman797" uid="135807" lat="30.2476640" lon="-97.7266938"/>
 <node id="429397354" visible="true" version="1" changeset="1627825" timestamp="2009-06-26T02:27:32Z" user="adaman797" uid="135807" lat="30.2478272" lon="-97.7269170"/>
 <node id="429397355" visible="true" version="1" changeset="1627825" timestamp="2009-06-26T02:27:33Z" user="adaman797" uid="135807" lat="30.2480199" lon="-97.7271830"/>
 <node id="429397356" visible="true" version="1" changeset="1627825" timestamp="2009-06-26T02:27:33Z" user="adaman797" uid="135807" lat="30.2481831" lon="-97.7273976"/>
 <node id="429397357" visible="true" version="1" changeset="1627825" timestamp="2009-06-26T02:27:33Z" user="adaman797" uid="135807" lat="30.2482350" lon="-97.7275006"/>
 <node id="429397358" visible="true" version="1" changeset="1627825" timestamp="2009-06-26T02:27:33Z" user="adaman797" uid="135807" lat="30.2482794" lon="-97.7276809"/>
 <node id="429397359" visible="true" version="3" changeset="109291684" timestamp="2021-08-07T04:06:14Z" user="EricTheLinguist" uid="2259690" lat="30.2483410" lon="-97.7278219">
  <tag k="leisure" v="slipway"/>
  <tag k="name" v="Festival Beach Boat Landing"/>
 </node>
 <node id="429397360" visible="true" version="2" changeset="109291684" timestamp="2021-08-07T04:06:14Z" user="EricTheLinguist" uid="2259690" lat="30.2483475" lon="-97.7278955"/>
 <node id="429397361" visible="true" version="2" changeset="109291684" timestamp="2021-08-07T04:06:14Z" user="EricTheLinguist" uid="2259690" lat="30.2483689" lon="-97.7280681"/>
 <node id="429397362" visible="true" version="2" changeset="109291684" timestamp="2021-08-07T04:06:14Z" user="EricTheLinguist" uid="2259690" lat="30.2484544" lon="-97.7282959"/>
 <node id="429397363" visible="true" version="1" changeset="1627825" timestamp="2009-06-26T02:27:33Z" user="adaman797" uid="135807" lat="30.2487243" lon="-97.7289082"/>
 <node id="429397364" visible="true" version="2" changeset="109291684" timestamp="2021-08-07T04:06:14Z" user="EricTheLinguist" uid="2259690" lat="30.2489170" lon="-97.7293945"/>
 <node id="429397365" visible="true" version="2" changeset="109291684" timestamp="2021-08-07T04:06:14Z" user="EricTheLinguist" uid="2259690" lat="30.2489719" lon="-97.7296121"/>
 <node id="429397366" visible="true" version="1" changeset="1627825" timestamp="2009-06-26T02:27:33Z" user="adaman797" uid="135807" lat="30.2490135" lon="-97.7298610"/>
 <node id="429397367" visible="true" version="1" changeset="1627825" timestamp="2009-06-26T02:27:33Z" user="adaman797" uid="135807" lat="30.2490654" lon="-97.7300498"/>
 <node id="429397368" visible="true" version="1" changeset="1627825" timestamp="2009-06-26T02:27:33Z" user="adaman797" uid="135807" lat="30.2491840" lon="-97.7303931"/>
 <node id="429397369" visible="true" version="2" changeset="109291684" timestamp="2021-08-07T04:06:14Z" user="EricTheLinguist" uid="2259690" lat="30.2493820" lon="-97.7309639"/>
 <node id="429397370" visible="true" version="2" changeset="109291684" timestamp="2021-08-07T04:06:14Z" user="EricTheLinguist" uid="2259690" lat="30.2494334" lon="-97.7311384"/>
 <node id="429397371" visible="true" version="1" changeset="1627825" timestamp="2009-06-26T02:27:34Z" user="adaman797" uid="135807" lat="30.2495102" lon="-97.7313201"/>
 <node id="429397372" visible="true" version="1" changeset="1627825" timestamp="2009-06-26T02:27:34Z" user="adaman797" uid="135807" lat="30.2495547" lon="-97.7313973"/>
 <node id="429397373" visible="true" version="1" changeset="1627825" timestamp="2009-06-26T02:27:34Z" user="adaman797" uid="135807" lat="30.2496066" lon="-97.7315347"/>
 <node id="429397374" visible="true" version="1" changeset="1627825" timestamp="2009-06-26T02:27:34Z" user="adaman797" uid="135807" lat="30.2496734" lon="-97.7317321"/>
 <node id="429397375" visible="true" version="1" changeset="1627825" timestamp="2009-06-26T02:27:34Z" user="adaman797" uid="135807" lat="30.2497549" lon="-97.7319209"/>
 <node id="429397376" visible="true" version="2" changeset="148990301" timestamp="2024-03-21T23:53:09Z" user="kaleidoscopica" uid="8704810" lat="30.2498551" lon="-97.7320535"/>
 <node id="429397377" visible="true" version="1" changeset="1627825" timestamp="2009-06-26T02:27:34Z" user="adaman797" uid="135807" lat="30.2499773" lon="-97.7322814"/>
 <node id="429397378" visible="true" version="1" changeset="1627825" timestamp="2009-06-26T02:27:34Z" user="adaman797" uid="135807" lat="30.2500292" lon="-97.7323243"/>
 <node id="429397379" visible="true" version="1" changeset="1627825" timestamp="2009-06-26T02:27:34Z" user="adaman797" uid="135807" lat="30.2500737" lon="-97.7324016"/>
 <node id="429397380" visible="true" version="1" changeset="1627825" timestamp="2009-06-26T02:27:34Z" user="adaman797" uid="135807" lat="30.2500737" lon="-97.7324445"/>
 <node id="429397381" visible="true" version="2" changeset="109291684" timestamp="2021-08-07T04:06:14Z" user="EricTheLinguist" uid="2259690" lat="30.2500761" lon="-97.7324713"/>
 <node id="429397382" visible="true" version="1" changeset="1627825" timestamp="2009-06-26T02:27:34Z" user="adaman797" uid="135807" lat="30.2500886" lon="-97.7325131"/>
 <node id="429397383" visible="true" version="1" changeset="1627825" timestamp="2009-06-26T02:27:35Z" user="adaman797" uid="135807" lat="30.2501775" lon="-97.7326505"/>
 <node id="429397384" visible="true" version="1" changeset="1627825" timestamp="2009-06-26T02:27:35Z" user="adaman797" uid="135807" lat="30.2502294" lon="-97.7327706"/>
 <node id="429397385" visible="true" version="1" changeset="1627825" timestamp="2009-06-26T02:27:35Z" user="adaman797" uid="135807" lat="30.2503184" lon="-97.7329766"/>
 <node id="429397386" visible="true" version="1" changeset="1627825" timestamp="2009-06-26T02:27:35Z" user="adaman797" uid="135807" lat="30.2504074" lon="-97.7331740"/>
 <node id="429397387" visible="true" version="1" changeset="1627825" timestamp="2009-06-26T02:27:35Z" user="adaman797" uid="135807" lat="30.2504296" lon="-97.7332599"/>
 <node id="429397388" visible="true" version="1" changeset="1627825" timestamp="2009-06-26T02:27:35Z" user="adaman797" uid="135807" lat="30.2504444" lon="-97.7333371"/>
 <node id="429397389" visible="true" version="1" changeset="1627825" timestamp="2009-06-26T02:27:35Z" user="adaman797" uid="135807" lat="30.2505260" lon="-97.7335174"/>
 <node id="429397390" visible="true" version="1" changeset="1627825" timestamp="2009-06-26T02:27:35Z" user="adaman797" uid="135807" lat="30.2506446" lon="-97.7338950"/>
 <node id="429397391" visible="true" version="1" changeset="1627825" timestamp="2009-06-26T02:27:35Z" user="adaman797" uid="135807" lat="30.2507188" lon="-97.7340753"/>
 <node id="429397392" visible="true" version="1" changeset="1627825" timestamp="2009-06-26T02:27:35Z" user="adaman797" uid="135807" lat="30.2507781" lon="-97.7342812"/>
 <node id="429397393" visible="true" version="1" changeset="1627825" timestamp="2009-06-26T02:27:35Z" user="adaman797" uid="135807" lat="30.2508448" lon="-97.7345645"/>
 <node id="429397394" visible="true" version="1" changeset="1627825" timestamp="2009-06-26T02:27:35Z" user="adaman797" uid="135807" lat="30.2509190" lon="-97.7347447"/>
 <node id="429397395" visible="true" version="1" changeset="1627825" timestamp="2009-06-26T02:27:35Z" user="adaman797" uid="135807" lat="30.2510153" lon="-97.7350022"/>
 <node id="429397396" visible="true" version="2" changeset="61069912" timestamp="2018-07-25T22:33:20Z" user="user_2104173" uid="2104173" lat="30.2510620" lon="-97.7351778"/>
 <node id="429397397" visible="true" version="2" changeset="61069912" timestamp="2018-07-25T22:33:20Z" user="user_2104173" uid="2104173" lat="30.2510616" lon="-97.7353372"/>
 <node id="429397398" visible="true" version="1" changeset="1627825" timestamp="2009-06-26T02:27:36Z" user="adaman797" uid="135807" lat="30.2510672" lon="-97.7355000"/>
 <node id="429397399" visible="true" version="2" changeset="61069912" timestamp="2018-07-25T22:33:20Z" user="user_2104173" uid="2104173" lat="30.2510740" lon="-97.7355277"/>
 <node id="429397401" visible="true" version="2" changeset="61069912" timestamp="2018-07-25T22:33:20Z" user="user_2104173" uid="2104173" lat="30.2511803" lon="-97.7358593"/>
 <node id="429397402" visible="true" version="2" changeset="61069912" timestamp="2018-07-25T22:33:20Z" user="user_2104173" uid="2104173" lat="30.2513023" lon="-97.7360571"/>
 <node id="429397403" visible="true" version="2" changeset="61069912" timestamp="2018-07-25T22:33:20Z" user="user_2104173" uid="2104173" lat="30.2513725" lon="-97.7362998"/>
 <node id="429397404" visible="true" version="2" changeset="61069912" timestamp="2018-07-25T22:33:20Z" user="user_2104173" uid="2104173" lat="30.2515483" lon="-97.7364840"/>
 <node id="429397405" visible="true" version="2" changeset="61069912" timestamp="2018-07-25T22:33:20Z" user="user_2104173" uid="2104173" lat="30.2516099" lon="-97.7365696"/>
 <node id="429397406" visible="true" version="3" changeset="109291684" timestamp="2021-08-07T04:06:14Z" user="EricTheLinguist" uid="2259690" lat="30.2516792" lon="-97.7366827"/>
 <node id="429397407" visible="true" version="2" changeset="109291684" timestamp="2021-08-07T04:06:14Z" user="EricTheLinguist" uid="2259690" lat="30.2518022" lon="-97.7367254"/>
 <node id="429397408" visible="true" version="2" changeset="109291684" timestamp="2021-08-07T04:06:14Z" user="EricTheLinguist" uid="2259690" lat="30.2518917" lon="-97.7368384"/>
 <node id="429397409" visible="true" version="2" changeset="109291684" timestamp="2021-08-07T04:06:14Z" user="EricTheLinguist" uid="2259690" lat="30.2520683" lon="-97.7371308"/>
 <node id="429397410" visible="true" version="1" changeset="1627825" timestamp="2009-06-26T02:27:37Z" user="adaman797" uid="135807" lat="30.2521646" lon="-97.7372424"/>
 <node id="429397411" visible="true" version="1" changeset="1627825" timestamp="2009-06-26T02:27:37Z" user="adaman797" uid="135807" lat="30.2522684" lon="-97.7373540"/>
 <node id="429397412" visible="true" version="2" changeset="109291684" timestamp="2021-08-07T04:06:14Z" user="EricTheLinguist" uid="2259690" lat="30.2523447" lon="-97.7374192"/>
 <node id="429397413" visible="true" version="2" changeset="109291684" timestamp="2021-08-07T04:06:14Z" user="EricTheLinguist" uid="2259690" lat="30.2524281" lon="-97.7374581"/>
 <node id="429397414" visible="true" version="2" changeset="109291684" timestamp="2021-08-07T04:06:14Z" user="EricTheLinguist" uid="2259690" lat="30.2524761" lon="-97.7375252"/>
 <node id="429397415" visible="true" version="2" changeset="109291684" timestamp="2021-08-07T04:06:14Z" user="EricTheLinguist" uid="2259690" lat="30.2525061" lon="-97.7376281"/>
 <node id="429397416" visible="true" version="2" changeset="109291684" timestamp="2021-08-07T04:06:14Z" user="EricTheLinguist" uid="2259690" lat="30.2526274" lon="-97.7377227"/>
 <node id="429397417" visible="true" version="2" changeset="109291684" timestamp="2021-08-07T04:06:14Z" user="EricTheLinguist" uid="2259690" lat="30.2526653" lon="-97.7377355"/>
 <node id="429397418" visible="true" version="2" changeset="109291684" timestamp="2021-08-07T04:06:14Z" user="EricTheLinguist" uid="2259690" lat="30.2527829" lon="-97.7378916"/>
 <node id="429397419" visible="true" version="2" changeset="109291684" timestamp="2021-08-07T04:06:14Z" user="EricTheLinguist" uid="2259690" lat="30.2529802" lon="-97.7381548"/>
 <node id="429397420" visible="true" version="2" changeset="109291684" timestamp="2021-08-07T04:06:14Z" user="EricTheLinguist" uid="2259690" lat="30.2531664" lon="-97.7384010"/>
 <node id="429397421" visible="true" version="2" changeset="109291684" timestamp="2021-08-07T04:06:14Z" user="EricTheLinguist" uid="2259690" lat="30.2532868" lon="-97.7386126"/>
 <node id="429397422" visible="true" version="2" changeset="109291684" timestamp="2021-08-07T04:06:14Z" user="EricTheLinguist" uid="2259690" lat="30.2533583" lon="-97.7387290"/>
 <node id="429397423" visible="true" version="2" changeset="109291684" timestamp="2021-08-07T04:06:14Z" user="EricTheLinguist" uid="2259690" lat="30.2534971" lon="-97.7388692"/>
 <node id="429397424" visible="true" version="2" changeset="109291684" timestamp="2021-08-07T04:06:14Z" user="EricTheLinguist" uid="2259690" lat="30.2535920" lon="-97.7389511"/>
 <node id="429397425" visible="true" version="2" changeset="109291684" timestamp="2021-08-07T04:06:14Z" user="EricTheLinguist" uid="2259690" lat="30.2536946" lon="-97.7390024"/>
 <node id="429397426" visible="true" version="3" changeset="109291684" timestamp="2021-08-07T04:06:14Z" user="EricTheLinguist" uid="2259690" lat="30.2539843" lon="-97.7391090"/>
 <node id="429397427" visible="true" version="4" changeset="109291684" timestamp="2021-08-07T04:06:14Z" user="EricTheLinguist" uid="2259690" lat="30.2540390" lon="-97.7391066"/>
 <node id="429397428" visible="true" version="1" changeset="1627825" timestamp="2009-06-26T02:27:38Z" user="adaman797" uid="135807" lat="30.2541738" lon="-97.7390963"/>
 <node id="429397429" visible="true" version="2" changeset="61069912" timestamp="2018-07-25T22:33:21Z" user="user_2104173" uid="2104173" lat="30.2542716" lon="-97.7390432"/>
 <node id="429397431" visible="true" version="2" changeset="61069912" timestamp="2018-07-25T22:33:21Z" user="user_2104173" uid="2104173" lat="30.2543273" lon="-97.7390514"/>
 <node id="429397432" visible="true" version="3" changeset="109098313" timestamp="2021-08-03T14:13:29Z" user="EricTheLinguist" uid="2259690" lat="30.2543239" lon="-97.7390957"/>
 <node id="429397434" visible="true" version="4" changeset="109099760" timestamp="2021-08-03T14:46:59Z" user="EricTheLinguist" uid="2259690" lat="30.2542216" lon="-97.7391868"/>
 <node id="429397435" visible="true" version="4" changeset="148990301" timestamp="2024-03-21T23:53:09Z" user="kaleidoscopica" uid="8704810" lat="30.2541767" lon="-97.7392628"/>
 <node id="429397436" visible="true" version="2" changeset="109099760" timestamp="2021-08-03T14:46:59Z" user="EricTheLinguist" uid="2259690" lat="30.2541633" lon="-97.7393082"/>
 <node id="429397437" visible="true" version="3" changeset="109099760" timestamp="2021-08-03T14:46:59Z" user="EricTheLinguist" uid="2259690" lat="30.2541783" lon="-97.7393756"/>
 <node id="429397441" visible="true" version="3" changeset="109099760" timestamp="2021-08-03T14:46:59Z" user="EricTheLinguist" uid="2259690" lat="30.2542220" lon="-97.7394532"/>
 <node id="429397445" visible="true" version="2" changeset="61069912" timestamp="2018-07-25T22:33:21Z" user="user_2104173" uid="2104173" lat="30.2551443" lon="-97.7399786"/>
 <node id="429397452" visible="true" version="2" changeset="61069912" timestamp="2018-07-25T22:33:19Z" user="user_2104173" uid="2104173" lat="30.2561031" lon="-97.7404045"/>
 <node id="429397457" visible="true" version="2" changeset="61069912" timestamp="2018-07-25T22:33:20Z" user="user_2104173" uid="2104173" lat="30.2564246" lon="-97.7405691"/>
 <node id="429397458" visible="true" version="2" changeset="61069912" timestamp="2018-07-25T22:33:21Z" user="user_2104173" uid="2104173" lat="30.2566232" lon="-97.7406373"/>
 <node id="429397462" visible="true" version="2" changeset="61069912" timestamp="2018-07-25T22:33:21Z" user="user_2104173" uid="2104173" lat="30.2569525" lon="-97.7407708"/>
 <node id="429397464" visible="true" version="2" changeset="61069912" timestamp="2018-07-25T22:33:21Z" user="user_2104173" uid="2104173" lat="30.2573807" lon="-97.7408885"/>
 <node id="429397466" visible="true" version="2" changeset="61069912" timestamp="2018-07-25T22:33:21Z" user="user_2104173" uid="2104173" lat="30.2574820" lon="-97.7409252"/>
 <node id="429397468" visible="true" version="1" changeset="1627825" timestamp="2009-06-26T02:27:41Z" user="adaman797" uid="135807" lat="30.2578807" lon="-97.7410876"/>
 <node id="429397469" visible="true" version="2" changeset="61069912" timestamp="2018-07-25T22:33:21Z" user="user_2104173" uid="2104173" lat="30.2581900" lon="-97.7411444"/>
 <node id="429397471" visible="true" version="2" changeset="61069912" timestamp="2018-07-25T22:33:21Z" user="user_2104173" uid="2104173" lat="30.2585795" lon="-97.7412277"/>
 <node id="429397472" visible="true" version="2" changeset="109371208" timestamp="2021-08-09T03:04:54Z" user="EricTheLinguist" uid="2259690" lat="30.2585500" lon="-97.7414085"/>
 <node id="429397474" visible="true" version="3" changeset="109371208" timestamp="2021-08-09T03:04:54Z" user="EricTheLinguist" uid="2259690" lat="30.2586436" lon="-97.7415172"/>
 <node id="429397495" visible="true" version="5" changeset="109371208" timestamp="2021-08-09T03:04:54Z" user="EricTheLinguist" uid="2259690" lat="30.2594278" lon="-97.7418991"/>
 <node id="429397497" visible="true" version="4" changeset="183606600" timestamp="2026-06-03T17:38:34Z" user="EricTheLinguist" uid="2259690" lat="30.2595029" lon="-97.7418430"/>
 <node id="429397498" visible="true" version="4" changeset="183606600" timestamp="2026-06-03T17:38:34Z" user="EricTheLinguist" uid="2259690" lat="30.2595356" lon="-97.7418150"/>
 <node id="429397506" visible="true" version="6" changeset="183606600" timestamp="2026-06-03T17:38:34Z" user="EricTheLinguist" uid="2259690" lat="30.2597402" lon="-97.7417947"/>
 <node id="429397508" visible="true" version="6" changeset="109098313" timestamp="2021-08-03T14:13:29Z" user="EricTheLinguist" uid="2259690" lat="30.2598210" lon="-97.7417021"/>
 <node id="429397510" visible="true" version="5" changeset="109057818" timestamp="2021-08-03T03:28:17Z" user="EricTheLinguist" uid="2259690" lat="30.2601829" lon="-97.7419209"/>
 <node id="429397513" visible="true" version="4" changeset="61069912" timestamp="2018-07-25T22:33:21Z" user="user_2104173" uid="2104173" lat="30.2601315" lon="-97.7420311"/>
 <node id="429397515" visible="true" version="3" changeset="109099760" timestamp="2021-08-03T14:46:59Z" user="EricTheLinguist" uid="2259690" lat="30.2601566" lon="-97.7420392"/>
 <node id="429397517" visible="true" version="4" changeset="183510518" timestamp="2026-06-01T17:19:12Z" user="EricTheLinguist" uid="2259690" lat="30.2603437" lon="-97.7421665"/>
 <node id="429397519" visible="true" version="3" changeset="109099760" timestamp="2021-08-03T14:46:59Z" user="EricTheLinguist" uid="2259690" lat="30.2604020" lon="-97.7422432"/>
 <node id="429397521" visible="true" version="2" changeset="61069912" timestamp="2018-07-25T22:33:22Z" user="user_2104173" uid="2104173" lat="30.2604942" lon="-97.7423695"/>
 <node id="429397523" visible="true" version="2" changeset="61069912" timestamp="2018-07-25T22:33:22Z" user="user_2104173" uid="2104173" lat="30.2605746" lon="-97.7424340"/>
 <node id="429397524" visible="true" version="2" changeset="61069912" timestamp="2018-07-25T22:33:22Z" user="user_2104173" uid="2104173" lat="30.2606716" lon="-97.7425514"/>
 <node id="429397526" visible="true" version="2" changeset="61069912" timestamp="2018-07-25T22:33:22Z" user="user_2104173" uid="2104173" lat="30.2607241" lon="-97.7426851"/>
 <node id="429397528" visible="true" version="2" changeset="61069912" timestamp="2018-07-25T22:33:22Z" user="user_2104173" uid="2104173" lat="30.2609021" lon="-97.7428907"/>
 <node id="429397530" visible="true" version="2" changeset="61069912" timestamp="2018-07-25T22:33:22Z" user="user_2104173" uid="2104173" lat="30.2610572" lon="-97.7430092"/>
 <node id="430282460" visible="true" version="1" changeset="1663101" timestamp="2009-06-28T16:03:32Z" user="adaman797" uid="135807" lat="30.2469910" lon="-97.7200554"/>
 <node id="430282462" visible="true" version="1" changeset="1663101" timestamp="2009-06-28T16:03:32Z" user="adaman797" uid="135807" lat="30.2470874" lon="-97.7200297"/>
 <node id="430282463" visible="true" version="1" changeset="1663101" timestamp="2009-06-28T16:03:32Z" user="adaman797" uid="135807" lat="30.2471541" lon="-97.7199267"/>
 <node id="430282464" visible="true" version="1" changeset="1663101" timestamp="2009-06-28T16:03:32Z" user="adaman797" uid="135807" lat="30.2472876" lon="-97.7198237"/>
 <node id="430282466" visible="true" version="1" changeset="1663101" timestamp="2009-06-28T16:03:32Z" user="adaman797" uid="135807" lat="30.2473395" lon="-97.7197035"/>
 <node id="430282468" visible="true" version="1" changeset="1663101" timestamp="2009-06-28T16:03:32Z" user="adaman797" uid="135807" lat="30.2474507" lon="-97.7196177"/>
 <node id="430282470" visible="true" version="1" changeset="1663101" timestamp="2009-06-28T16:03:32Z" user="adaman797" uid="135807" lat="30.2475619" lon="-97.7195662"/>
 <node id="430282471" visible="true" version="1" changeset="1663101" timestamp="2009-06-28T16:03:32Z" user="adaman797" uid="135807" lat="30.2476287" lon="-97.7194975"/>
 <node id="430282472" visible="true" version="1" changeset="1663101" timestamp="2009-06-28T16:03:32Z" user="adaman797" uid="135807" lat="30.2476287" lon="-97.7194117"/>
 <node id="430282473" visible="true" version="1" changeset="1663101" timestamp="2009-06-28T16:03:33Z" user="adaman797" uid="135807" lat="30.2475990" lon="-97.7193258"/>
 <node id="430282474" visible="true" version="1" changeset="1663101" timestamp="2009-06-28T16:03:33Z" user="adaman797" uid="135807" lat="30.2475100" lon="-97.7193087"/>
 <node id="430282475" visible="true" version="1" changeset="1663101" timestamp="2009-06-28T16:03:33Z" user="adaman797" uid="135807" lat="30.2473840" lon="-97.7193173"/>
 <node id="430282477" visible="true" version="1" changeset="1663101" timestamp="2009-06-28T16:03:33Z" user="adaman797" uid="135807" lat="30.2472431" lon="-97.7193430"/>
 <node id="430282478" visible="true" version="1" changeset="1663101" timestamp="2009-06-28T16:03:33Z" user="adaman797" uid="135807" lat="30.2471022" lon="-97.7193602"/>
 <node id="430282481" visible="true" version="1" changeset="1663101" timestamp="2009-06-28T16:03:33Z" user="adaman797" uid="135807" lat="30.2470058" lon="-97.7194203"/>
 <node id="430282482" visible="true" version="2" changeset="108988820" timestamp="2021-08-01T21:58:53Z" user="EricTheLinguist" uid="2259690" lat="30.2469982" lon="-97.7195054"/>
 <node id="430282483" visible="true" version="1" changeset="1663101" timestamp="2009-06-28T16:03:33Z" user="adaman797" uid="135807" lat="30.2469984" lon="-97.7196005"/>
 <node id="430282484" visible="true" version="1" changeset="1663101" timestamp="2009-06-28T16:03:33Z" user="adaman797" uid="135807" lat="30.2469762" lon="-97.7197293"/>
 <node id="430282485" visible="true" version="1" changeset="1663101" timestamp="2009-06-28T16:03:33Z" user="adaman797" uid="135807" lat="30.2469020" lon="-97.7197979"/>
 <node id="430282486" visible="true" version="1" changeset="1663101" timestamp="2009-06-28T16:03:33Z" user="adaman797" uid="135807" lat="30.2468650" lon="-97.7199095"/>
 <node id="430282488" visible="true" version="1" changeset="1663101" timestamp="2009-06-28T16:03:33Z" user="adaman797" uid="135807" lat="30.2468946" lon="-97.7200211"/>
 <node id="432034187" visible="true" version="2" changeset="1705798" timestamp="2009-07-02T00:43:56Z" user="adaman797" uid="135807" lat="30.2915242" lon="-97.7866066"/>
 <node id="432034198" visible="true" version="1" changeset="1705798" timestamp="2009-07-02T00:43:57Z" user="adaman797" uid="135807" lat="30.2914872" lon="-97.7866667"/>
 <node id="432034199" visible="true" version="1" changeset="1705798" timestamp="2009-07-02T00:43:57Z" user="adaman797" uid="135807" lat="30.2914353" lon="-97.7867182"/>
 <node id="432034200" visible="true" version="1" changeset="1705798" timestamp="2009-07-02T00:43:57Z" user="adaman797" uid="135807" lat="30.2913464" lon="-97.7866838"/>
 <node id="432034212" visible="true" version="2" changeset="1705798" timestamp="2009-07-02T00:44:18Z" user="adaman797" uid="135807" lat="30.2913241" lon="-97.7862032"/>
 <node id="432034213" visible="true" version="1" changeset="1705798" timestamp="2009-07-02T00:44:03Z" user="adaman797" uid="135807" lat="30.2913167" lon="-97.7862633"/>
 <node id="432034254" visible="true" version="1" changeset="1705798" timestamp="2009-07-02T00:44:18Z" user="adaman797" uid="135807" lat="30.2915665" lon="-97.7860570"/>
 <node id="432034255" visible="true" version="1" changeset="1705798" timestamp="2009-07-02T00:44:18Z" user="adaman797" uid="135807" lat="30.2915020" lon="-97.7860487"/>
 <node id="432034256" visible="true" version="1" changeset="1705798" timestamp="2009-07-02T00:44:18Z" user="adaman797" uid="135807" lat="30.2914279" lon="-97.7860830"/>
 <node id="432034257" visible="true" version="1" changeset="1705798" timestamp="2009-07-02T00:44:18Z" user="adaman797" uid="135807" lat="30.2913612" lon="-97.7861002"/>
 <node id="432034261" visible="true" version="1" changeset="1705798" timestamp="2009-07-02T00:44:22Z" user="adaman797" uid="135807" lat="30.2915465" lon="-97.7860229"/>
 <node id="432034304" visible="true" version="1" changeset="1705798" timestamp="2009-07-02T00:44:52Z" user="adaman797" uid="135807" lat="30.2917243" lon="-97.7866237"/>
 <node id="432034305" visible="true" version="1" changeset="1705798" timestamp="2009-07-02T00:44:53Z" user="adaman797" uid="135807" lat="30.2916873" lon="-97.7866152"/>
 <node id="432034306" visible="true" version="1" changeset="1705798" timestamp="2009-07-02T00:44:53Z" user="adaman797" uid="135807" lat="30.2916725" lon="-97.7865637"/>
 <node id="432034307" visible="true" version="1" changeset="1705798" timestamp="2009-07-02T00:44:53Z" user="adaman797" uid="135807" lat="30.2916576" lon="-97.7864950"/>
 <node id="432034308" visible="true" version="1" changeset="1705798" timestamp="2009-07-02T00:44:55Z" user="adaman797" uid="135807" lat="30.2919325" lon="-97.7868776"/>
 <node id="432034349" visible="true" version="2" changeset="1705798" timestamp="2009-07-02T00:46:03Z" user="adaman797" uid="135807" lat="30.2918429" lon="-97.7878425"/>
 <node id="432034350" visible="true" version="1" changeset="1705798" timestamp="2009-07-02T00:45:25Z" user="adaman797" uid="135807" lat="30.2920875" lon="-97.7876537"/>
 <node id="432034352" visible="true" version="1" changeset="1705798" timestamp="2009-07-02T00:45:25Z" user="adaman797" uid="135807" lat="30.2920504" lon="-97.7872331"/>
 <node id="432034353" visible="true" version="1" changeset="1705798" timestamp="2009-07-02T00:45:25Z" user="adaman797" uid="135807" lat="30.2919393" lon="-97.7872246"/>
 <node id="432034354" visible="true" version="1" changeset="1705798" timestamp="2009-07-02T00:45:25Z" user="adaman797" uid="135807" lat="30.2919170" lon="-97.7871731"/>
 <node id="432034355" visible="true" version="1" changeset="1705798" timestamp="2009-07-02T00:45:25Z" user="adaman797" uid="135807" lat="30.2919096" lon="-97.7870786"/>
 <node id="432034356" visible="true" version="1" changeset="1705798" timestamp="2009-07-02T00:45:25Z" user="adaman797" uid="135807" lat="30.2919393" lon="-97.7869757"/>
 <node id="432034405" visible="true" version="1" changeset="1705798" timestamp="2009-07-02T00:46:02Z" user="adaman797" uid="135807" lat="30.2884041" lon="-97.7863405"/>
 <node id="432034407" visible="true" version="1" changeset="1705798" timestamp="2009-07-02T00:46:03Z" user="adaman797" uid="135807" lat="30.2906942" lon="-97.7877996"/>
 <node id="432034408" visible="true" version="1" changeset="1705798" timestamp="2009-07-02T00:46:03Z" user="adaman797" uid="135807" lat="30.2908350" lon="-97.7878597"/>
 <node id="432034409" visible="true" version="1" changeset="1705798" timestamp="2009-07-02T00:46:03Z" user="adaman797" uid="135807" lat="30.2909755" lon="-97.7878521"/>
 <node id="432034410" visible="true" version="1" changeset="1705798" timestamp="2009-07-02T00:46:03Z" user="adaman797" uid="135807" lat="30.2912645" lon="-97.7879581"/>
 <node id="432034411" visible="true" version="1" changeset="1705798" timestamp="2009-07-02T00:46:03Z" user="adaman797" uid="135807" lat="30.2913908" lon="-97.7879455"/>
 <node id="432034412" visible="true" version="1" changeset="1705798" timestamp="2009-07-02T00:46:03Z" user="adaman797" uid="135807" lat="30.2915242" lon="-97.7878855"/>
 <node id="432034413" visible="true" version="1" changeset="1705798" timestamp="2009-07-02T00:46:03Z" user="adaman797" uid="135807" lat="30.2919170" lon="-97.7877310"/>
 <node id="432034438" visible="true" version="1" changeset="1705798" timestamp="2009-07-02T00:46:26Z" user="adaman797" uid="135807" lat="30.2874479" lon="-97.7859899"/>
 <node id="432034439" visible="true" version="1" changeset="1705798" timestamp="2009-07-02T00:46:26Z" user="adaman797" uid="135807" lat="30.2875073" lon="-97.7859972"/>
 <node id="432034440" visible="true" version="1" changeset="1705798" timestamp="2009-07-02T00:46:26Z" user="adaman797" uid="135807" lat="30.2875962" lon="-97.7860229"/>
 <node id="432034441" visible="true" version="1" changeset="1705798" timestamp="2009-07-02T00:46:26Z" user="adaman797" uid="135807" lat="30.2876926" lon="-97.7860916"/>
 <node id="432034442" visible="true" version="1" changeset="1705798" timestamp="2009-07-02T00:46:26Z" user="adaman797" uid="135807" lat="30.2878037" lon="-97.7861688"/>
 <node id="432034443" visible="true" version="1" changeset="1705798" timestamp="2009-07-02T00:46:26Z" user="adaman797" uid="135807" lat="30.2880038" lon="-97.7862461"/>
 <node id="432034444" visible="true" version="1" changeset="1705798" timestamp="2009-07-02T00:46:26Z" user="adaman797" uid="135807" lat="30.2882262" lon="-97.7862976"/>
 <node id="432034525" visible="true" version="2" changeset="1705798" timestamp="2009-07-02T00:47:12Z" user="adaman797" uid="135807" lat="30.2906942" lon="-97.7861088"/>
 <node id="432034526" visible="true" version="1" changeset="1705798" timestamp="2009-07-02T00:46:54Z" user="adaman797" uid="135807" lat="30.2894417" lon="-97.7857225"/>
 <node id="432034527" visible="true" version="1" changeset="1705798" timestamp="2009-07-02T00:46:54Z" user="adaman797" uid="135807" lat="30.2892416" lon="-97.7857311"/>
 <node id="432034528" visible="true" version="1" changeset="1705798" timestamp="2009-07-02T00:46:54Z" user="adaman797" uid="135807" lat="30.2888858" lon="-97.7857740"/>
 <node id="432034530" visible="true" version="2" changeset="1705798" timestamp="2009-07-02T00:47:12Z" user="adaman797" uid="135807" lat="30.2905534" lon="-97.7860401"/>
 <node id="432034550" visible="true" version="2" changeset="1705798" timestamp="2009-07-02T00:47:29Z" user="adaman797" uid="135807" lat="30.2909017" lon="-97.7863405"/>
 <node id="432034551" visible="true" version="1" changeset="1705798" timestamp="2009-07-02T00:47:12Z" user="adaman797" uid="135807" lat="30.2903977" lon="-97.7859972"/>
 <node id="432034552" visible="true" version="1" changeset="1705798" timestamp="2009-07-02T00:47:12Z" user="adaman797" uid="135807" lat="30.2902866" lon="-97.7859457"/>
 <node id="432034553" visible="true" version="1" changeset="1705798" timestamp="2009-07-02T00:47:12Z" user="adaman797" uid="135807" lat="30.2901235" lon="-97.7858684"/>
 <node id="432034570" visible="true" version="2" changeset="1705798" timestamp="2009-07-02T00:47:29Z" user="adaman797" uid="135807" lat="30.2909906" lon="-97.7864521"/>
 <node id="432034618" visible="true" version="1" changeset="1705798" timestamp="2009-07-02T00:47:29Z" user="adaman797" uid="135807" lat="30.2912574" lon="-97.7865207"/>
 <node id="432034619" visible="true" version="1" changeset="1705798" timestamp="2009-07-02T00:47:29Z" user="adaman797" uid="135807" lat="30.2911166" lon="-97.7864692"/>
 <node id="432034654" visible="true" version="1" changeset="1705798" timestamp="2009-07-02T00:47:51Z" user="adaman797" uid="135807" lat="30.2924062" lon="-97.7859028"/>
 <node id="432034655" visible="true" version="1" changeset="1705798" timestamp="2009-07-02T00:47:51Z" user="adaman797" uid="135807" lat="30.2918207" lon="-97.7861688"/>
 <node id="432034658" visible="true" version="1" changeset="1705798" timestamp="2009-07-02T00:47:58Z" user="adaman797" uid="135807" lat="30.2937624" lon="-97.7874306"/>
 <node id="432034675" visible="true" version="1" changeset="1705798" timestamp="2009-07-02T00:48:16Z" user="adaman797" uid="135807" lat="30.2937402" lon="-97.7873276"/>
 <node id="432034682" visible="true" version="1" changeset="1705798" timestamp="2009-07-02T00:48:20Z" user="adaman797" uid="135807" lat="30.2935327" lon="-97.7872246"/>
 <node id="432034692" visible="true" version="2" changeset="109599965" timestamp="2021-08-13T02:58:05Z" user="EricTheLinguist" uid="2259690" lat="30.2933449" lon="-97.7872761"/>
 <node id="432034693" visible="true" version="2" changeset="109599965" timestamp="2021-08-13T02:58:05Z" user="EricTheLinguist" uid="2259690" lat="30.2931680" lon="-97.7873328"/>
 <node id="432034733" visible="true" version="2" changeset="109599965" timestamp="2021-08-13T02:58:05Z" user="EricTheLinguist" uid="2259690" lat="30.2930901" lon="-97.7872988"/>
 <node id="432034821" visible="true" version="1" changeset="1705798" timestamp="2009-07-02T00:49:51Z" user="adaman797" uid="135807" lat="30.2924729" lon="-97.7873018"/>
 <node id="432034822" visible="true" version="1" changeset="1705798" timestamp="2009-07-02T00:49:51Z" user="adaman797" uid="135807" lat="30.2923691" lon="-97.7873619"/>
 <node id="432034889" visible="true" version="2" changeset="109599965" timestamp="2021-08-13T02:58:05Z" user="EricTheLinguist" uid="2259690" lat="30.2930291" lon="-97.7872850"/>
 <node id="432034948" visible="true" version="1" changeset="1705798" timestamp="2009-07-02T00:50:43Z" user="adaman797" uid="135807" lat="30.2935845" lon="-97.7877224"/>
 <node id="432034949" visible="true" version="1" changeset="1705798" timestamp="2009-07-02T00:50:43Z" user="adaman797" uid="135807" lat="30.2936957" lon="-97.7876623"/>
 <node id="432034969" visible="true" version="1" changeset="1705798" timestamp="2009-07-02T00:50:48Z" user="adaman797" uid="135807" lat="30.2927471" lon="-97.7876451"/>
 <node id="432034974" visible="true" version="1" changeset="1705798" timestamp="2009-07-02T00:50:53Z" user="adaman797" uid="135807" lat="30.2923005" lon="-97.7876470"/>
 <node id="432034975" visible="true" version="2" changeset="1705798" timestamp="2009-07-02T00:51:11Z" user="adaman797" uid="135807" lat="30.2922579" lon="-97.7876966"/>
 <node id="432034976" visible="true" version="2" changeset="1705798" timestamp="2009-07-02T00:51:11Z" user="adaman797" uid="135807" lat="30.2922802" lon="-97.7877481"/>
 <node id="432035012" visible="true" version="1" changeset="1705798" timestamp="2009-07-02T00:51:11Z" user="adaman797" uid="135807" lat="30.2922505" lon="-97.7875421"/>
 <node id="432035013" visible="true" version="1" changeset="1705798" timestamp="2009-07-02T00:51:11Z" user="adaman797" uid="135807" lat="30.2923246" lon="-97.7876194"/>
 <node id="432035017" visible="true" version="1" changeset="1705798" timestamp="2009-07-02T00:51:17Z" user="adaman797" uid="135807" lat="30.2923098" lon="-97.7875850"/>
 <node id="432762196" visible="true" version="2" changeset="109330102" timestamp="2021-08-08T02:54:08Z" user="EricTheLinguist" uid="2259690" lat="30.2745361" lon="-97.7736910"/>
 <node id="435403156" visible="true" version="2" changeset="109294089" timestamp="2021-08-07T05:56:47Z" user="EricTheLinguist" uid="2259690" lat="30.2493656" lon="-97.7347859"/>
 <node id="437345407" visible="true" version="2" changeset="148981277" timestamp="2024-03-21T19:13:53Z" user="kaleidoscopica" uid="8704810" lat="30.2765627" lon="-97.7740529"/>
 <node id="437345409" visible="true" version="2" changeset="148981277" timestamp="2024-03-21T19:13:53Z" user="kaleidoscopica" uid="8704810" lat="30.2760959" lon="-97.7732508"/>
 <node id="454767629" visible="true" version="4" changeset="174834241" timestamp="2025-11-18T21:32:14Z" user="animebirder" uid="3343450" lat="30.2702409" lon="-97.7660063">
  <tag k="leisure" v="slipway"/>
  <tag k="name" v="Austin High School Boat Launch"/>
 </node>
 <node id="919350575" visible="true" version="2" changeset="108915121" timestamp="2021-07-31T03:23:12Z" user="EricTheLinguist" uid="2259690" lat="30.2631194" lon="-97.7505830"/>
 <node id="919354383" visible="true" version="3" changeset="109318426" timestamp="2021-08-07T16:52:10Z" user="EricTheLinguist" uid="2259690" lat="30.2668010" lon="-97.7606837"/>
 <node id="1387966195" visible="true" version="1" changeset="8933934" timestamp="2011-08-06T00:54:42Z" user="clay_c" uid="119881" lat="30.2937711" lon="-97.7879603"/>
 <node id="1387966229" visible="true" version="1" changeset="8933934" timestamp="2011-08-06T00:54:42Z" user="clay_c" uid="119881" lat="30.2934700" lon="-97.7879871"/>
 <node id="1387966249" visible="true" version="1" changeset="8933934" timestamp="2011-08-06T00:54:43Z" user="clay_c" uid="119881" lat="30.2932014" lon="-97.7850796"/>
 <node id="1387966253" visible="true" version="1" changeset="8933934" timestamp="2011-08-06T00:54:43Z" user="clay_c" uid="119881" lat="30.2938719" lon="-97.7879444"/>
 <node id="1387966273" visible="true" version="1" changeset="8933934" timestamp="2011-08-06T00:54:43Z" user="clay_c" uid="119881" lat="30.2939321" lon="-97.7878854"/>
 <node id="1387966286" visible="true" version="1" changeset="8933934" timestamp="2011-08-06T00:54:44Z" user="clay_c" uid="119881" lat="30.2940644" lon="-97.7879015"/>
 <node id="1387966301" visible="true" version="1" changeset="8933934" timestamp="2011-08-06T00:54:44Z" user="clay_c" uid="119881" lat="30.2936495" lon="-97.7879176"/>
 <node id="1387966312" visible="true" version="1" changeset="8933934" timestamp="2011-08-06T00:54:44Z" user="clay_c" uid="119881" lat="30.2935256" lon="-97.7879817"/>
 <node id="1387966330" visible="true" version="2" changeset="50412205" timestamp="2017-07-19T17:38:27Z" user="kre3d" uid="1745406" lat="30.2936825" lon="-97.7850286"/>
 <node id="1387971188" visible="true" version="1" changeset="8933934" timestamp="2011-08-06T01:09:48Z" user="clay_c" uid="119881" lat="30.2503570" lon="-97.7135962"/>
 <node id="1387971195" visible="true" version="1" changeset="8933934" timestamp="2011-08-06T01:09:49Z" user="clay_c" uid="119881" lat="30.2516110" lon="-97.7396797"/>
 <node id="1389065704" visible="true" version="1" changeset="8943257" timestamp="2011-08-07T01:57:36Z" user="clay_c" uid="119881" lat="30.2791048" lon="-97.7776257"/>
 <node id="1408899304" visible="true" version="1" changeset="9097434" timestamp="2011-08-22T19:32:57Z" user="clay_c" uid="119881" lat="30.2661053" lon="-97.7555957"/>
 <node id="1494657636" visible="true" version="1" changeset="9769390" timestamp="2011-11-07T22:01:48Z" user="clay_c" uid="119881" lat="30.2773700" lon="-97.7752023"/>
 <node id="1982999202" visible="true" version="4" changeset="109547128" timestamp="2021-08-12T05:13:08Z" user="EricTheLinguist" uid="2259690" lat="30.2626507" lon="-97.7450342"/>
 <node id="1982999237" visible="true" version="2" changeset="109547128" timestamp="2021-08-12T05:13:08Z" user="EricTheLinguist" uid="2259690" lat="30.2635867" lon="-97.7475905"/>
 <node id="1982999240" visible="true" version="3" changeset="93748273" timestamp="2020-11-08T16:13:43Z" user="EricTheLinguist" uid="2259690" lat="30.2651649" lon="-97.7511752"/>
 <node id="1982999241" visible="true" version="3" changeset="148990301" timestamp="2024-03-21T23:53:09Z" user="kaleidoscopica" uid="8704810" lat="30.2636959" lon="-97.7478661"/>
 <node id="1983005439" visible="true" version="1" changeset="13627925" timestamp="2012-10-25T14:41:19Z" user="FF808" uid="338022" lat="30.2623139" lon="-97.7483893"/>
 <node id="1984034688" visible="true" version="2" changeset="109318426" timestamp="2021-08-07T16:52:10Z" user="EricTheLinguist" uid="2259690" lat="30.2672728" lon="-97.7617369"/>
 <node id="1984034698" visible="true" version="2" changeset="109330102" timestamp="2021-08-08T02:54:08Z" user="EricTheLinguist" uid="2259690" lat="30.2702635" lon="-97.7688253"/>
 <node id="1984034720" visible="true" version="1" changeset="13635438" timestamp="2012-10-26T08:43:43Z" user="FF808" uid="338022" lat="30.2731759" lon="-97.7718565"/>
 <node id="1984039405" visible="true" version="1" changeset="13635438" timestamp="2012-10-26T08:52:05Z" user="FF808" uid="338022" lat="30.2768578" lon="-97.7745228"/>
 <node id="1984039430" visible="true" version="1" changeset="13635438" timestamp="2012-10-26T08:52:06Z" user="FF808" uid="338022" lat="30.2828750" lon="-97.7821885"/>
 <node id="1990844586" visible="true" version="3" changeset="109056934" timestamp="2021-08-03T02:50:59Z" user="EricTheLinguist" uid="2259690" lat="30.2537327" lon="-97.7417574"/>
 <node id="1990844687" visible="true" version="1" changeset="13697825" timestamp="2012-10-31T11:24:12Z" user="FF808" uid="338022" lat="30.2501647" lon="-97.7326307"/>
 <node id="1990948934" visible="true" version="1" changeset="13699817" timestamp="2012-10-31T13:51:38Z" user="FF808" uid="338022" lat="30.2840500" lon="-97.7848889"/>
 <node id="1990960096" visible="true" version="1" changeset="13699817" timestamp="2012-10-31T14:07:42Z" user="FF808" uid="338022" lat="30.2748175" lon="-97.7744207"/>
 <node id="1990960172" visible="true" version="1" changeset="13699817" timestamp="2012-10-31T14:07:45Z" user="FF808" uid="338022" lat="30.2735608" lon="-97.7722084"/>
 <node id="1990960253" visible="true" version="1" changeset="13699817" timestamp="2012-10-31T14:07:48Z" user="FF808" uid="338022" lat="30.2931091" lon="-97.7877890"/>
 <node id="1990960262" visible="true" version="2" changeset="109330102" timestamp="2021-08-08T02:54:08Z" user="EricTheLinguist" uid="2259690" lat="30.2747290" lon="-97.7741229"/>
 <node id="1990960281" visible="true" version="1" changeset="13699817" timestamp="2012-10-31T14:07:49Z" user="FF808" uid="338022" lat="30.2877932" lon="-97.7859113"/>
 <node id="1990960287" visible="true" version="1" changeset="13699817" timestamp="2012-10-31T14:07:50Z" user="FF808" uid="338022" lat="30.2926686" lon="-97.7871714"/>
 <node id="1990960288" visible="true" version="1" changeset="13699817" timestamp="2012-10-31T14:07:50Z" user="FF808" uid="338022" lat="30.2882656" lon="-97.7858362"/>
 <node id="1990960334" visible="true" version="3" changeset="148987121" timestamp="2024-03-21T21:26:34Z" user="kaleidoscopica" uid="8704810" lat="30.2918420" lon="-97.7880750"/>
 <node id="1990985527" visible="true" version="1" changeset="13699817" timestamp="2012-10-31T14:47:23Z" user="FF808" uid="338022" lat="30.2917063" lon="-97.7881398"/>
 <node id="2276353335" visible="true" version="1" changeset="15818843" timestamp="2013-04-22T01:05:14Z" user="clay_c" uid="119881" lat="30.2778542" lon="-97.7783476"/>
 <node id="2276353336" visible="true" version="1" changeset="15818843" timestamp="2013-04-22T01:05:14Z" user="clay_c" uid="119881" lat="30.2782507" lon="-97.7787072"/>
 <node id="2276353337" visible="true" version="1" changeset="15818843" timestamp="2013-04-22T01:05:14Z" user="clay_c" uid="119881" lat="30.2785085" lon="-97.7790058"/>
 <node id="2276353338" visible="true" version="1" changeset="15818843" timestamp="2013-04-22T01:05:14Z" user="clay_c" uid="119881" lat="30.2788080" lon="-97.7792465"/>
 <node id="2468406860" visible="true" version="2" changeset="109291684" timestamp="2021-08-07T04:06:14Z" user="EricTheLinguist" uid="2259690" lat="30.2483595" lon="-97.7278862"/>
 <node id="2965172828" visible="true" version="2" changeset="109056934" timestamp="2021-08-03T02:50:59Z" user="EricTheLinguist" uid="2259690" lat="30.2526547" lon="-97.7406730"/>
 <node id="2965178889" visible="true" version="1" changeset="24170593" timestamp="2014-07-15T21:39:54Z" user="katastrophik" uid="690132" lat="30.2505688" lon="-97.7377154"/>
 <node id="3277560411" visible="true" version="2" changeset="142245784" timestamp="2023-10-06T19:28:06Z" user="EricTheLinguist" uid="2259690" lat="30.2507081" lon="-97.7154972"/>
 <node id="3859079884" visible="true" version="2" changeset="50412205" timestamp="2017-07-19T17:38:31Z" user="kre3d" uid="1745406" lat="30.2937202" lon="-97.7852363"/>
 <node id="3911716452" visible="true" version="3" changeset="164401500" timestamp="2025-04-02T04:53:44Z" user="pmc_" uid="9622052" lat="30.2501266" lon="-97.7136239">
  <tag k="waterway" v="floodgate"/>
 </node>
 <node id="4638304439" visible="true" version="1" changeset="45571290" timestamp="2017-01-27T19:15:23Z" user="ItsWorth" uid="5209627" lat="30.2647666" lon="-97.7514379"/>
 <node id="4638304443" visible="true" version="2" changeset="109219472" timestamp="2021-08-05T19:46:24Z" user="EricTheLinguist" uid="2259690" lat="30.2646243" lon="-97.7516865"/>
 <node id="4638304449" visible="true" version="2" changeset="182856145" timestamp="2026-05-19T00:19:43Z" user="EricTheLinguist" uid="2259690" lat="30.2650375" lon="-97.7524156"/>
 <node id="4638304450" visible="true" version="2" changeset="182856145" timestamp="2026-05-19T00:19:43Z" user="EricTheLinguist" uid="2259690" lat="30.2650868" lon="-97.7524823"/>
 <node id="4638304451" visible="true" version="2" changeset="109219472" timestamp="2021-08-05T19:46:24Z" user="EricTheLinguist" uid="2259690" lat="30.2650039" lon="-97.7521889"/>
 <node id="4638304452" visible="true" version="2" changeset="109219472" timestamp="2021-08-05T19:46:24Z" user="EricTheLinguist" uid="2259690" lat="30.2649764" lon="-97.7522682"/>
 <node id="4638304453" visible="true" version="1" changeset="45571290" timestamp="2017-01-27T19:15:24Z" user="ItsWorth" uid="5209627" lat="30.2650003" lon="-97.7522192"/>
 <node id="4638304454" visible="true" version="2" changeset="109219472" timestamp="2021-08-05T19:46:24Z" user="EricTheLinguist" uid="2259690" lat="30.2642850" lon="-97.7507335"/>
 <node id="4676865952" visible="true" version="4" changeset="148990301" timestamp="2024-03-21T23:53:09Z" user="kaleidoscopica" uid="8704810" lat="30.2555002" lon="-97.7401531"/>
 <node id="4676865960" visible="true" version="3" changeset="109098313" timestamp="2021-08-03T14:13:29Z" user="EricTheLinguist" uid="2259690" lat="30.2597516" lon="-97.7417732"/>
 <node id="4980113291" visible="true" version="1" changeset="50412205" timestamp="2017-07-19T17:38:18Z" user="kre3d" uid="1745406" lat="30.2937036" lon="-97.7852384"/>
 <node id="5583208450" visible="true" version="2" changeset="148920458" timestamp="2024-03-20T15:37:21Z" user="kaleidoscopica" uid="8704810" lat="30.2446249" lon="-97.7221073"/>
 <node id="5583208511" visible="true" version="2" changeset="108767034" timestamp="2021-07-28T15:27:39Z" user="EricTheLinguist" uid="2259690" lat="30.2497056" lon="-97.7139888"/>
 <node id="5583208512" visible="true" version="2" changeset="108767034" timestamp="2021-07-28T15:27:39Z" user="EricTheLinguist" uid="2259690" lat="30.2493751" lon="-97.7144183"/>
 <node id="5594890836" visible="true" version="3" changeset="109312452" timestamp="2021-08-07T14:14:17Z" user="EricTheLinguist" uid="2259690" lat="30.2462780" lon="-97.7281324"/>
 <node id="5594890837" visible="true" version="2" changeset="109312452" timestamp="2021-08-07T14:14:17Z" user="EricTheLinguist" uid="2259690" lat="30.2470496" lon="-97.7299965"/>
 <node id="5594895795" visible="true" version="1" changeset="58653917" timestamp="2018-05-03T16:52:58Z" user="animebirder" uid="3343450" lat="30.2546193" lon="-97.7419076"/>
 <node id="5594895796" visible="true" version="1" changeset="58653917" timestamp="2018-05-03T16:52:58Z" user="animebirder" uid="3343450" lat="30.2546812" lon="-97.7418226"/>
 <node id="5594895797" visible="true" version="1" changeset="58653917" timestamp="2018-05-03T16:52:58Z" user="animebirder" uid="3343450" lat="30.2547388" lon="-97.7417908"/>
 <node id="5594895798" visible="true" version="1" changeset="58653917" timestamp="2018-05-03T16:52:58Z" user="animebirder" uid="3343450" lat="30.2547671" lon="-97.7417970"/>
 <node id="5594895799" visible="true" version="1" changeset="58653917" timestamp="2018-05-03T16:52:58Z" user="animebirder" uid="3343450" lat="30.2547972" lon="-97.7417816"/>
 <node id="5594895800" visible="true" version="1" changeset="58653917" timestamp="2018-05-03T16:52:58Z" user="animebirder" uid="3343450" lat="30.2548220" lon="-97.7417929"/>
 <node id="5594895801" visible="true" version="1" changeset="58653917" timestamp="2018-05-03T16:52:58Z" user="animebirder" uid="3343450" lat="30.2548432" lon="-97.7418554"/>
 <node id="5594895802" visible="true" version="1" changeset="58653917" timestamp="2018-05-03T16:52:58Z" user="animebirder" uid="3343450" lat="30.2548627" lon="-97.7419435"/>
 <node id="5594895803" visible="true" version="1" changeset="58653917" timestamp="2018-05-03T16:52:58Z" user="animebirder" uid="3343450" lat="30.2548459" lon="-97.7420480"/>
 <node id="5594895804" visible="true" version="1" changeset="58653917" timestamp="2018-05-03T16:52:58Z" user="animebirder" uid="3343450" lat="30.2548211" lon="-97.7421064"/>
 <node id="5594895805" visible="true" version="1" changeset="58653917" timestamp="2018-05-03T16:52:58Z" user="animebirder" uid="3343450" lat="30.2547910" lon="-97.7421166"/>
 <node id="5594895806" visible="true" version="1" changeset="58653917" timestamp="2018-05-03T16:52:58Z" user="animebirder" uid="3343450" lat="30.2547698" lon="-97.7420900"/>
 <node id="5594895807" visible="true" version="1" changeset="58653917" timestamp="2018-05-03T16:52:58Z" user="animebirder" uid="3343450" lat="30.2547405" lon="-97.7421013"/>
 <node id="5594895808" visible="true" version="2" changeset="109056934" timestamp="2021-08-03T02:50:59Z" user="EricTheLinguist" uid="2259690" lat="30.2547221" lon="-97.7420732"/>
 <node id="5594895809" visible="true" version="2" changeset="109056934" timestamp="2021-08-03T02:50:59Z" user="EricTheLinguist" uid="2259690" lat="30.2546706" lon="-97.7420976"/>
 <node id="5594895810" visible="true" version="1" changeset="58653917" timestamp="2018-05-03T16:52:58Z" user="animebirder" uid="3343450" lat="30.2546396" lon="-97.7420757"/>
 <node id="5594895811" visible="true" version="1" changeset="58653917" timestamp="2018-05-03T16:52:58Z" user="animebirder" uid="3343450" lat="30.2546193" lon="-97.7420736"/>
 <node id="5594895812" visible="true" version="1" changeset="58653917" timestamp="2018-05-03T16:52:58Z" user="animebirder" uid="3343450" lat="30.2545989" lon="-97.7420623"/>
 <node id="5594895813" visible="true" version="1" changeset="58653917" timestamp="2018-05-03T16:52:58Z" user="animebirder" uid="3343450" lat="30.2545945" lon="-97.7420418"/>
 <node id="5594895814" visible="true" version="1" changeset="58653917" timestamp="2018-05-03T16:52:58Z" user="animebirder" uid="3343450" lat="30.2545998" lon="-97.7419619"/>
 <node id="5594895815" visible="true" version="1" changeset="58653917" timestamp="2018-05-03T16:52:58Z" user="animebirder" uid="3343450" lat="30.2561047" lon="-97.7427079"/>
 <node id="5594896522" visible="true" version="1" changeset="58653917" timestamp="2018-05-03T16:52:58Z" user="animebirder" uid="3343450" lat="30.2547743" lon="-97.7424780"/>
 <node id="5594896525" visible="true" version="2" changeset="109056934" timestamp="2021-08-03T02:50:59Z" user="EricTheLinguist" uid="2259690" lat="30.2568181" lon="-97.7428220"/>
 <node id="5594896527" visible="true" version="2" changeset="109056934" timestamp="2021-08-03T02:50:59Z" user="EricTheLinguist" uid="2259690" lat="30.2568415" lon="-97.7428254"/>
 <node id="5595077175" visible="true" version="2" changeset="109051787" timestamp="2021-08-02T20:55:18Z" user="EricTheLinguist" uid="2259690" lat="30.2612447" lon="-97.7470085"/>
 <node id="5595077179" visible="true" version="2" changeset="109051787" timestamp="2021-08-02T20:55:18Z" user="EricTheLinguist" uid="2259690" lat="30.2618138" lon="-97.7478751"/>
 <node id="5785228616" visible="true" version="2" changeset="148990301" timestamp="2024-03-21T23:53:09Z" user="kaleidoscopica" uid="8704810" lat="30.2625041" lon="-97.7447077"/>
 <node id="5785228617" visible="true" version="2" changeset="148990301" timestamp="2024-03-21T23:53:09Z" user="kaleidoscopica" uid="8704810" lat="30.2593785" lon="-97.7419882"/>
 <node id="5785228620" visible="true" version="1" changeset="61069912" timestamp="2018-07-25T22:33:18Z" user="user_2104173" uid="2104173" lat="30.2542896" lon="-97.7394854"/>
 <node id="5785228621" visible="true" version="1" changeset="61069912" timestamp="2018-07-25T22:33:18Z" user="user_2104173" uid="2104173" lat="30.2545212" lon="-97.7396467"/>
 <node id="5785228622" visible="true" version="1" changeset="61069912" timestamp="2018-07-25T22:33:18Z" user="user_2104173" uid="2104173" lat="30.2547443" lon="-97.7398155"/>
 <node id="5785228623" visible="true" version="1" changeset="61069912" timestamp="2018-07-25T22:33:18Z" user="user_2104173" uid="2104173" lat="30.2548243" lon="-97.7398317"/>
 <node id="5785228624" visible="true" version="1" changeset="61069912" timestamp="2018-07-25T22:33:18Z" user="user_2104173" uid="2104173" lat="30.2552480" lon="-97.7400385"/>
 <node id="5785228625" visible="true" version="1" changeset="61069912" timestamp="2018-07-25T22:33:18Z" user="user_2104173" uid="2104173" lat="30.2554215" lon="-97.7400816"/>
 <node id="5785228626" visible="true" version="1" changeset="61069912" timestamp="2018-07-25T22:33:18Z" user="user_2104173" uid="2104173" lat="30.2557560" lon="-97.7401833"/>
 <node id="5785228627" visible="true" version="2" changeset="109098313" timestamp="2021-08-03T14:13:29Z" user="EricTheLinguist" uid="2259690" lat="30.2560319" lon="-97.7403110"/>
 <node id="5785228628" visible="true" version="2" changeset="182721715" timestamp="2026-05-16T00:19:58Z" user="EricTheLinguist" uid="2259690" lat="30.2561889" lon="-97.7404680"/>
 <node id="5785228629" visible="true" version="2" changeset="182721715" timestamp="2026-05-16T00:19:58Z" user="EricTheLinguist" uid="2259690" lat="30.2562683" lon="-97.7405192"/>
 <node id="5785228630" visible="true" version="2" changeset="182721715" timestamp="2026-05-16T00:19:58Z" user="EricTheLinguist" uid="2259690" lat="30.2563560" lon="-97.7405355"/>
 <node id="5785228631" visible="true" version="1" changeset="61069912" timestamp="2018-07-25T22:33:18Z" user="user_2104173" uid="2104173" lat="30.2564629" lon="-97.7405478"/>
 <node id="5785228632" visible="true" version="2" changeset="109098313" timestamp="2021-08-03T14:13:29Z" user="EricTheLinguist" uid="2259690" lat="30.2568030" lon="-97.7407348"/>
 <node id="5785228633" visible="true" version="1" changeset="61069912" timestamp="2018-07-25T22:33:18Z" user="user_2104173" uid="2104173" lat="30.2571401" lon="-97.7407971"/>
 <node id="5785228634" visible="true" version="1" changeset="61069912" timestamp="2018-07-25T22:33:18Z" user="user_2104173" uid="2104173" lat="30.2577005" lon="-97.7410505"/>
 <node id="5785228635" visible="true" version="1" changeset="61069912" timestamp="2018-07-25T22:33:18Z" user="user_2104173" uid="2104173" lat="30.2577344" lon="-97.7410340"/>
 <node id="5785228636" visible="true" version="1" changeset="61069912" timestamp="2018-07-25T22:33:18Z" user="user_2104173" uid="2104173" lat="30.2580553" lon="-97.7411325"/>
 <node id="5785228637" visible="true" version="1" changeset="61069912" timestamp="2018-07-25T22:33:18Z" user="user_2104173" uid="2104173" lat="30.2584207" lon="-97.7411972"/>
 <node id="5785228650" visible="true" version="3" changeset="109371208" timestamp="2021-08-09T03:04:54Z" user="EricTheLinguist" uid="2259690" lat="30.2596124" lon="-97.7417887"/>
 <node id="5785228651" visible="true" version="2" changeset="109098313" timestamp="2021-08-03T14:13:29Z" user="EricTheLinguist" uid="2259690" lat="30.2597597" lon="-97.7417819"/>
 <node id="5785228652" visible="true" version="2" changeset="109098313" timestamp="2021-08-03T14:13:29Z" user="EricTheLinguist" uid="2259690" lat="30.2597770" lon="-97.7418166"/>
 <node id="5785228654" visible="true" version="1" changeset="61069912" timestamp="2018-07-25T22:33:19Z" user="user_2104173" uid="2104173" lat="30.2608322" lon="-97.7427927"/>
 <node id="5785228655" visible="true" version="2" changeset="110725311" timestamp="2021-09-04T17:18:35Z" user="EricTheLinguist" uid="2259690" lat="30.2615060" lon="-97.7433760"/>
 <node id="5785228656" visible="true" version="1" changeset="61069912" timestamp="2018-07-25T22:33:19Z" user="user_2104173" uid="2104173" lat="30.2617489" lon="-97.7437201"/>
 <node id="5785228657" visible="true" version="2" changeset="110725311" timestamp="2021-09-04T17:18:35Z" user="EricTheLinguist" uid="2259690" lat="30.2617335" lon="-97.7436515"/>
 <node id="5785228658" visible="true" version="1" changeset="61069912" timestamp="2018-07-25T22:33:19Z" user="user_2104173" uid="2104173" lat="30.2623641" lon="-97.7445507"/>
 <node id="5785228659" visible="true" version="3" changeset="110725311" timestamp="2021-09-04T17:18:35Z" user="EricTheLinguist" uid="2259690" lat="30.2624472" lon="-97.7446630"/>
 <node id="5785228660" visible="true" version="2" changeset="109547128" timestamp="2021-08-12T05:13:08Z" user="EricTheLinguist" uid="2259690" lat="30.2626536" lon="-97.7451255"/>
 <node id="5864411500" visible="true" version="2" changeset="75971161" timestamp="2019-10-21T03:41:02Z" user="Iowa Kid" uid="703517" lat="30.2651800" lon="-97.7511656"/>
 <node id="6358886618" visible="true" version="1" changeset="68480738" timestamp="2019-03-24T18:42:37Z" user="quincylvania" uid="4515353" lat="30.2647494" lon="-97.7547325"/>
 <node id="6358886619" visible="true" version="1" changeset="68480738" timestamp="2019-03-24T18:42:37Z" user="quincylvania" uid="4515353" lat="30.2647659" lon="-97.7547002"/>
 <node id="6358886620" visible="true" version="1" changeset="68480738" timestamp="2019-03-24T18:42:37Z" user="quincylvania" uid="4515353" lat="30.2647459" lon="-97.7545693"/>
 <node id="6358886621" visible="true" version="1" changeset="68480738" timestamp="2019-03-24T18:42:37Z" user="quincylvania" uid="4515353" lat="30.2646937" lon="-97.7544877"/>
 <node id="6358886622" visible="true" version="2" changeset="109057001" timestamp="2021-08-03T02:53:46Z" user="EricTheLinguist" uid="2259690" lat="30.2646420" lon="-97.7544590"/>
 <node id="6358886623" visible="true" version="1" changeset="68480738" timestamp="2019-03-24T18:42:37Z" user="quincylvania" uid="4515353" lat="30.2645919" lon="-97.7544333"/>
 <node id="6358886624" visible="true" version="2" changeset="109057001" timestamp="2021-08-03T02:53:46Z" user="EricTheLinguist" uid="2259690" lat="30.2645720" lon="-97.7544879"/>
 <node id="6358886625" visible="true" version="2" changeset="109057001" timestamp="2021-08-03T02:53:46Z" user="EricTheLinguist" uid="2259690" lat="30.2646006" lon="-97.7545861"/>
 <node id="6358886626" visible="true" version="1" changeset="68480738" timestamp="2019-03-24T18:42:37Z" user="quincylvania" uid="4515353" lat="30.2646389" lon="-97.7546670"/>
 <node id="6358886627" visible="true" version="1" changeset="68480738" timestamp="2019-03-24T18:42:37Z" user="quincylvania" uid="4515353" lat="30.2646893" lon="-97.7547385"/>
 <node id="6358886628" visible="true" version="1" changeset="68480738" timestamp="2019-03-24T18:42:37Z" user="quincylvania" uid="4515353" lat="30.2652280" lon="-97.7544471"/>
 <node id="6358886629" visible="true" version="1" changeset="68480738" timestamp="2019-03-24T18:42:37Z" user="quincylvania" uid="4515353" lat="30.2652347" lon="-97.7543140"/>
 <node id="6358886630" visible="true" version="1" changeset="68480738" timestamp="2019-03-24T18:42:37Z" user="quincylvania" uid="4515353" lat="30.2652097" lon="-97.7542465"/>
 <node id="6358886631" visible="true" version="1" changeset="68480738" timestamp="2019-03-24T18:42:37Z" user="quincylvania" uid="4515353" lat="30.2651972" lon="-97.7542051"/>
 <node id="6358886632" visible="true" version="1" changeset="68480738" timestamp="2019-03-24T18:42:37Z" user="quincylvania" uid="4515353" lat="30.2651680" lon="-97.7541964"/>
 <node id="6358886633" visible="true" version="1" changeset="68480738" timestamp="2019-03-24T18:42:37Z" user="quincylvania" uid="4515353" lat="30.2651447" lon="-97.7542166"/>
 <node id="6358886634" visible="true" version="1" changeset="68480738" timestamp="2019-03-24T18:42:37Z" user="quincylvania" uid="4515353" lat="30.2651456" lon="-97.7542543"/>
 <node id="6358886635" visible="true" version="1" changeset="68480738" timestamp="2019-03-24T18:42:37Z" user="quincylvania" uid="4515353" lat="30.2651222" lon="-97.7543208"/>
 <node id="6358886636" visible="true" version="1" changeset="68480738" timestamp="2019-03-24T18:42:37Z" user="quincylvania" uid="4515353" lat="30.2651664" lon="-97.7544037"/>
 <node id="6358886637" visible="true" version="1" changeset="68480738" timestamp="2019-03-24T18:42:37Z" user="quincylvania" uid="4515353" lat="30.2652039" lon="-97.7544587"/>
 <node id="8083058084" visible="true" version="1" changeset="93570252" timestamp="2020-11-05T03:14:08Z" user="EricTheLinguist" uid="2259690" lat="30.2639884" lon="-97.7526994"/>
 <node id="8083058085" visible="true" version="1" changeset="93570252" timestamp="2020-11-05T03:14:08Z" user="EricTheLinguist" uid="2259690" lat="30.2639456" lon="-97.7526331"/>
 <node id="8083058086" visible="true" version="1" changeset="93570252" timestamp="2020-11-05T03:14:08Z" user="EricTheLinguist" uid="2259690" lat="30.2639216" lon="-97.7526559"/>
 <node id="8083058087" visible="true" version="1" changeset="93570252" timestamp="2020-11-05T03:14:08Z" user="EricTheLinguist" uid="2259690" lat="30.2639479" lon="-97.7527095"/>
 <node id="8083058088" visible="true" version="2" changeset="108987009" timestamp="2021-08-01T20:26:27Z" user="EricTheLinguist" uid="2259690" lat="30.2639565" lon="-97.7527406"/>
 <node id="8083058089" visible="true" version="2" changeset="108987009" timestamp="2021-08-01T20:26:27Z" user="EricTheLinguist" uid="2259690" lat="30.2639831" lon="-97.7527400"/>
 <node id="8083058090" visible="true" version="1" changeset="93570252" timestamp="2020-11-05T03:14:08Z" user="EricTheLinguist" uid="2259690" lat="30.2639060" lon="-97.7526373"/>
 <node id="8083058091" visible="true" version="2" changeset="108987009" timestamp="2021-08-01T20:26:27Z" user="EricTheLinguist" uid="2259690" lat="30.2639028" lon="-97.7525928"/>
 <node id="8083058098" visible="true" version="2" changeset="108987009" timestamp="2021-08-01T20:26:27Z" user="EricTheLinguist" uid="2259690" lat="30.2641184" lon="-97.7535649"/>
 <node id="8128139022" visible="true" version="1" changeset="94249414" timestamp="2020-11-17T06:47:04Z" user="EricTheLinguist" uid="2259690" lat="30.2624892" lon="-97.7489995"/>
 <node id="8128139030" visible="true" version="1" changeset="94249414" timestamp="2020-11-17T06:47:04Z" user="EricTheLinguist" uid="2259690" lat="30.2624950" lon="-97.7489851"/>
 <node id="8241465941" visible="true" version="2" changeset="109099760" timestamp="2021-08-03T14:46:59Z" user="EricTheLinguist" uid="2259690" lat="30.2626758" lon="-97.7450235"/>
 <node id="8241465942" visible="true" version="2" changeset="109099760" timestamp="2021-08-03T14:46:59Z" user="EricTheLinguist" uid="2259690" lat="30.2625615" lon="-97.7447265"/>
 <node id="8241465977" visible="true" version="1" changeset="96091071" timestamp="2020-12-18T21:25:58Z" user="EricTheLinguist" uid="2259690" lat="30.2508279" lon="-97.7385897"/>
 <node id="8241465978" visible="true" version="1" changeset="96091071" timestamp="2020-12-18T21:25:58Z" user="EricTheLinguist" uid="2259690" lat="30.2512000" lon="-97.7391886"/>
 <node id="8241465979" visible="true" version="1" changeset="96091071" timestamp="2020-12-18T21:25:58Z" user="EricTheLinguist" uid="2259690" lat="30.2509701" lon="-97.7389285"/>
 <node id="8241465980" visible="true" version="2" changeset="109056934" timestamp="2021-08-03T02:50:59Z" user="EricTheLinguist" uid="2259690" lat="30.2509107" lon="-97.7387210"/>
 <node id="8419556168" visible="true" version="1" changeset="99200879" timestamp="2021-02-13T01:35:00Z" user="Milroy1812" uid="12056179" lat="30.2461399" lon="-97.7281934"/>
 <node id="8419556169" visible="true" version="1" changeset="99200879" timestamp="2021-02-13T01:35:00Z" user="Milroy1812" uid="12056179" lat="30.2461041" lon="-97.7280800"/>
 <node id="8419556171" visible="true" version="1" changeset="99200879" timestamp="2021-02-13T01:35:00Z" user="Milroy1812" uid="12056179" lat="30.2461765" lon="-97.7279696"/>
 <node id="8419556172" visible="true" version="1" changeset="99200879" timestamp="2021-02-13T01:35:00Z" user="Milroy1812" uid="12056179" lat="30.2461652" lon="-97.7278717"/>
 <node id="8623312511" visible="true" version="2" changeset="108914849" timestamp="2021-07-31T02:51:22Z" user="EricTheLinguist" uid="2259690" lat="30.2642125" lon="-97.7541248"/>
 <node id="8623338619" visible="true" version="2" changeset="108915121" timestamp="2021-07-31T03:23:12Z" user="EricTheLinguist" uid="2259690" lat="30.2629507" lon="-97.7502307"/>
 <node id="8649219138" visible="true" version="1" changeset="103299945" timestamp="2021-04-21T01:09:37Z" user="LRStoolmaker" uid="13111702" lat="30.2766628" lon="-97.7741930"/>
 <node id="8649219139" visible="true" version="1" changeset="103299945" timestamp="2021-04-21T01:09:37Z" user="LRStoolmaker" uid="13111702" lat="30.2766320" lon="-97.7741355"/>
 <node id="8759041897" visible="true" version="3" changeset="148981277" timestamp="2024-03-21T19:13:53Z" user="kaleidoscopica" uid="8704810" lat="30.2708444" lon="-97.7669575"/>
 <node id="8759046926" visible="true" version="2" changeset="109330102" timestamp="2021-08-08T02:54:08Z" user="EricTheLinguist" uid="2259690" lat="30.2746294" lon="-97.7739158"/>
 <node id="8759046927" visible="true" version="2" changeset="109330102" timestamp="2021-08-08T02:54:08Z" user="EricTheLinguist" uid="2259690" lat="30.2746951" lon="-97.7740516"/>
 <node id="8759046933" visible="true" version="2" changeset="109330102" timestamp="2021-08-08T02:54:08Z" user="EricTheLinguist" uid="2259690" lat="30.2748542" lon="-97.7744624"/>
 <node id="8957574500" visible="true" version="1" changeset="108767034" timestamp="2021-07-28T15:27:39Z" user="EricTheLinguist" uid="2259690" lat="30.2446346" lon="-97.7167390"/>
 <node id="8957574501" visible="true" version="2" changeset="110724623" timestamp="2021-09-04T16:57:17Z" user="EricTheLinguist" uid="2259690" lat="30.2445485" lon="-97.7166857"/>
 <node id="8957574502" visible="true" version="1" changeset="108767034" timestamp="2021-07-28T15:27:39Z" user="EricTheLinguist" uid="2259690" lat="30.2445445" lon="-97.7166807"/>
 <node id="8957574503" visible="true" version="1" changeset="108767034" timestamp="2021-07-28T15:27:39Z" user="EricTheLinguist" uid="2259690" lat="30.2444312" lon="-97.7166001"/>
 <node id="8957574504" visible="true" version="1" changeset="108767034" timestamp="2021-07-28T15:27:39Z" user="EricTheLinguist" uid="2259690" lat="30.2443126" lon="-97.7165572"/>
 <node id="8957574505" visible="true" version="1" changeset="108767034" timestamp="2021-07-28T15:27:39Z" user="EricTheLinguist" uid="2259690" lat="30.2441791" lon="-97.7165400"/>
 <node id="8957574506" visible="true" version="1" changeset="108767034" timestamp="2021-07-28T15:27:39Z" user="EricTheLinguist" uid="2259690" lat="30.2440976" lon="-97.7165400"/>
 <node id="8957574512" visible="true" version="1" changeset="108767034" timestamp="2021-07-28T15:27:39Z" user="EricTheLinguist" uid="2259690" lat="30.2448316" lon="-97.7166516"/>
 <node id="8957574513" visible="true" version="1" changeset="108767034" timestamp="2021-07-28T15:27:39Z" user="EricTheLinguist" uid="2259690" lat="30.2450541" lon="-97.7164971"/>
 <node id="8957574514" visible="true" version="1" changeset="108767034" timestamp="2021-07-28T15:27:39Z" user="EricTheLinguist" uid="2259690" lat="30.2451653" lon="-97.7164456"/>
 <node id="8957574515" visible="true" version="1" changeset="108767034" timestamp="2021-07-28T15:27:39Z" user="EricTheLinguist" uid="2259690" lat="30.2496713" lon="-97.7136785"/>
 <node id="8957619917" visible="true" version="1" changeset="108767034" timestamp="2021-07-28T15:27:39Z" user="EricTheLinguist" uid="2259690" lat="30.2495279" lon="-97.7142542"/>
 <node id="8957619918" visible="true" version="1" changeset="108767034" timestamp="2021-07-28T15:27:39Z" user="EricTheLinguist" uid="2259690" lat="30.2493323" lon="-97.7144200"/>
 <node id="8957619919" visible="true" version="1" changeset="108767034" timestamp="2021-07-28T15:27:39Z" user="EricTheLinguist" uid="2259690" lat="30.2489467" lon="-97.7144801"/>
 <node id="8957619920" visible="true" version="1" changeset="108767034" timestamp="2021-07-28T15:27:39Z" user="EricTheLinguist" uid="2259690" lat="30.2487391" lon="-97.7144973"/>
 <node id="8957619921" visible="true" version="1" changeset="108767034" timestamp="2021-07-28T15:27:39Z" user="EricTheLinguist" uid="2259690" lat="30.2484277" lon="-97.7144801"/>
 <node id="8957619922" visible="true" version="1" changeset="108767034" timestamp="2021-07-28T15:27:39Z" user="EricTheLinguist" uid="2259690" lat="30.2483165" lon="-97.7144715"/>
 <node id="8957619923" visible="true" version="1" changeset="108767034" timestamp="2021-07-28T15:27:39Z" user="EricTheLinguist" uid="2259690" lat="30.2481831" lon="-97.7145659"/>
 <node id="8957619924" visible="true" version="1" changeset="108767034" timestamp="2021-07-28T15:27:39Z" user="EricTheLinguist" uid="2259690" lat="30.2480496" lon="-97.7146003"/>
 <node id="8957619925" visible="true" version="1" changeset="108767034" timestamp="2021-07-28T15:27:39Z" user="EricTheLinguist" uid="2259690" lat="30.2479161" lon="-97.7147204"/>
 <node id="8957619926" visible="true" version="1" changeset="108767034" timestamp="2021-07-28T15:27:39Z" user="EricTheLinguist" uid="2259690" lat="30.2478494" lon="-97.7148063"/>
 <node id="8957619927" visible="true" version="1" changeset="108767034" timestamp="2021-07-28T15:27:39Z" user="EricTheLinguist" uid="2259690" lat="30.2477753" lon="-97.7148663"/>
 <node id="8957619928" visible="true" version="1" changeset="108767034" timestamp="2021-07-28T15:27:39Z" user="EricTheLinguist" uid="2259690" lat="30.2456102" lon="-97.7161881"/>
 <node id="8957619929" visible="true" version="1" changeset="108767034" timestamp="2021-07-28T15:27:39Z" user="EricTheLinguist" uid="2259690" lat="30.2463072" lon="-97.7157418"/>
 <node id="8957619930" visible="true" version="1" changeset="108767034" timestamp="2021-07-28T15:27:39Z" user="EricTheLinguist" uid="2259690" lat="30.2469226" lon="-97.7153556"/>
 <node id="8957619931" visible="true" version="1" changeset="108767034" timestamp="2021-07-28T15:27:39Z" user="EricTheLinguist" uid="2259690" lat="30.2471154" lon="-97.7151839"/>
 <node id="8957619932" visible="true" version="1" changeset="108767034" timestamp="2021-07-28T15:27:39Z" user="EricTheLinguist" uid="2259690" lat="30.2472933" lon="-97.7150638"/>
 <node id="8957619933" visible="true" version="1" changeset="108767034" timestamp="2021-07-28T15:27:39Z" user="EricTheLinguist" uid="2259690" lat="30.2474490" lon="-97.7150037"/>
 <node id="8957619934" visible="true" version="2" changeset="142213582" timestamp="2023-10-06T04:04:02Z" user="EricTheLinguist" uid="2259690" lat="30.2476314" lon="-97.7148921"/>
 <node id="8957619935" visible="true" version="1" changeset="108767034" timestamp="2021-07-28T15:27:39Z" user="EricTheLinguist" uid="2259690" lat="30.2496686" lon="-97.7137354"/>
 <node id="8957619936" visible="true" version="1" changeset="108767034" timestamp="2021-07-28T15:27:39Z" user="EricTheLinguist" uid="2259690" lat="30.2496645" lon="-97.7136795"/>
 <node id="8957619937" visible="true" version="1" changeset="108767034" timestamp="2021-07-28T15:27:39Z" user="EricTheLinguist" uid="2259690" lat="30.2496848" lon="-97.7137348"/>
 <node id="8957619938" visible="true" version="1" changeset="108767034" timestamp="2021-07-28T15:27:39Z" user="EricTheLinguist" uid="2259690" lat="30.2497042" lon="-97.7140011"/>
 <node id="8957619939" visible="true" version="1" changeset="108767034" timestamp="2021-07-28T15:27:39Z" user="EricTheLinguist" uid="2259690" lat="30.2497058" lon="-97.7139952"/>
 <node id="8957619940" visible="true" version="1" changeset="108767034" timestamp="2021-07-28T15:27:39Z" user="EricTheLinguist" uid="2259690" lat="30.2495652" lon="-97.7142002"/>
 <node id="8957619941" visible="true" version="1" changeset="108767034" timestamp="2021-07-28T15:27:39Z" user="EricTheLinguist" uid="2259690" lat="30.2494374" lon="-97.7143763"/>
 <node id="8957619942" visible="true" version="1" changeset="108767034" timestamp="2021-07-28T15:27:39Z" user="EricTheLinguist" uid="2259690" lat="30.2494688" lon="-97.7143364"/>
 <node id="8957645261" visible="true" version="1" changeset="108767577" timestamp="2021-07-28T15:39:36Z" user="EricTheLinguist" uid="2259690" lat="30.2454354" lon="-97.7242818"/>
 <node id="8957645280" visible="true" version="1" changeset="108767577" timestamp="2021-07-28T15:39:36Z" user="EricTheLinguist" uid="2259690" lat="30.2454516" lon="-97.7241632"/>
 <node id="8960603433" visible="true" version="1" changeset="108839355" timestamp="2021-07-29T17:33:31Z" user="EricTheLinguist" uid="2259690" lat="30.2622903" lon="-97.7483753"/>
 <node id="8964570179" visible="true" version="1" changeset="108914849" timestamp="2021-07-31T02:51:22Z" user="EricTheLinguist" uid="2259690" lat="30.2642285" lon="-97.7542823"/>
 <node id="8964570194" visible="true" version="1" changeset="108914849" timestamp="2021-07-31T02:51:22Z" user="EricTheLinguist" uid="2259690" lat="30.2642271" lon="-97.7542641"/>
 <node id="8964570195" visible="true" version="1" changeset="108914849" timestamp="2021-07-31T02:51:22Z" user="EricTheLinguist" uid="2259690" lat="30.2642189" lon="-97.7542468"/>
 <node id="8964570204" visible="true" version="1" changeset="108914849" timestamp="2021-07-31T02:51:22Z" user="EricTheLinguist" uid="2259690" lat="30.2642327" lon="-97.7537725"/>
 <node id="8964570205" visible="true" version="1" changeset="108914849" timestamp="2021-07-31T02:51:22Z" user="EricTheLinguist" uid="2259690" lat="30.2641974" lon="-97.7539223"/>
 <node id="8964570206" visible="true" version="1" changeset="108914849" timestamp="2021-07-31T02:51:22Z" user="EricTheLinguist" uid="2259690" lat="30.2642341" lon="-97.7538316"/>
 <node id="8964570207" visible="true" version="1" changeset="108914849" timestamp="2021-07-31T02:51:22Z" user="EricTheLinguist" uid="2259690" lat="30.2642387" lon="-97.7537935">
  <tag k="leisure" v="slipway"/>
 </node>
 <node id="8964570227" visible="true" version="1" changeset="108914849" timestamp="2021-07-31T02:51:22Z" user="EricTheLinguist" uid="2259690" lat="30.2641730" lon="-97.7536900"/>
 <node id="8964570229" visible="true" version="1" changeset="108914849" timestamp="2021-07-31T02:51:22Z" user="EricTheLinguist" uid="2259690" lat="30.2641801" lon="-97.7536987">
  <tag k="leisure" v="slipway"/>
 </node>
 <node id="8964570230" visible="true" version="1" changeset="108914849" timestamp="2021-07-31T02:51:22Z" user="EricTheLinguist" uid="2259690" lat="30.2641866" lon="-97.7537066"/>
 <node id="8964570231" visible="true" version="1" changeset="108914849" timestamp="2021-07-31T02:51:22Z" user="EricTheLinguist" uid="2259690" lat="30.2642371" lon="-97.7537685"/>
 <node id="8964570232" visible="true" version="1" changeset="108914849" timestamp="2021-07-31T02:51:22Z" user="EricTheLinguist" uid="2259690" lat="30.2642398" lon="-97.7538319"/>
 <node id="8964570233" visible="true" version="1" changeset="108914849" timestamp="2021-07-31T02:51:22Z" user="EricTheLinguist" uid="2259690" lat="30.2642422" lon="-97.7538132"/>
 <node id="8964570235" visible="true" version="1" changeset="108914849" timestamp="2021-07-31T02:51:22Z" user="EricTheLinguist" uid="2259690" lat="30.2642411" lon="-97.7538264"/>
 <node id="8964588825" visible="true" version="1" changeset="108915121" timestamp="2021-07-31T03:23:12Z" user="EricTheLinguist" uid="2259690" lat="30.2634684" lon="-97.7517976"/>
 <node id="8964588826" visible="true" version="1" changeset="108915121" timestamp="2021-07-31T03:23:12Z" user="EricTheLinguist" uid="2259690" lat="30.2635286" lon="-97.7519868"/>
 <node id="8964588827" visible="true" version="1" changeset="108915121" timestamp="2021-07-31T03:23:12Z" user="EricTheLinguist" uid="2259690" lat="30.2636288" lon="-97.7521420"/>
 <node id="8964588828" visible="true" version="1" changeset="108915121" timestamp="2021-07-31T03:23:12Z" user="EricTheLinguist" uid="2259690" lat="30.2636855" lon="-97.7522207"/>
 <node id="8964588829" visible="true" version="1" changeset="108915121" timestamp="2021-07-31T03:23:12Z" user="EricTheLinguist" uid="2259690" lat="30.2638324" lon="-97.7524849"/>
 <node id="8964588830" visible="true" version="1" changeset="108915121" timestamp="2021-07-31T03:23:12Z" user="EricTheLinguist" uid="2259690" lat="30.2638415" lon="-97.7524832"/>
 <node id="8964588831" visible="true" version="1" changeset="108915121" timestamp="2021-07-31T03:23:12Z" user="EricTheLinguist" uid="2259690" lat="30.2637468" lon="-97.7523293"/>
 <node id="8964588832" visible="true" version="1" changeset="108915121" timestamp="2021-07-31T03:23:12Z" user="EricTheLinguist" uid="2259690" lat="30.2638117" lon="-97.7523929"/>
 <node id="8964588833" visible="true" version="1" changeset="108915121" timestamp="2021-07-31T03:23:12Z" user="EricTheLinguist" uid="2259690" lat="30.2638406" lon="-97.7524633"/>
 <node id="8964588834" visible="true" version="1" changeset="108915121" timestamp="2021-07-31T03:23:12Z" user="EricTheLinguist" uid="2259690" lat="30.2638346" lon="-97.7524379"/>
 <node id="8964588835" visible="true" version="1" changeset="108915121" timestamp="2021-07-31T03:23:12Z" user="EricTheLinguist" uid="2259690" lat="30.2638243" lon="-97.7524145"/>
 <node id="8964588836" visible="true" version="1" changeset="108915121" timestamp="2021-07-31T03:23:12Z" user="EricTheLinguist" uid="2259690" lat="30.2637986" lon="-97.7523753"/>
 <node id="8964588837" visible="true" version="1" changeset="108915121" timestamp="2021-07-31T03:23:12Z" user="EricTheLinguist" uid="2259690" lat="30.2637733" lon="-97.7523498"/>
 <node id="8964588838" visible="true" version="1" changeset="108915121" timestamp="2021-07-31T03:23:12Z" user="EricTheLinguist" uid="2259690" lat="30.2637869" lon="-97.7523619"/>
 <node id="8964588839" visible="true" version="1" changeset="108915121" timestamp="2021-07-31T03:23:12Z" user="EricTheLinguist" uid="2259690" lat="30.2637600" lon="-97.7523387"/>
 <node id="8964588840" visible="true" version="1" changeset="108915121" timestamp="2021-07-31T03:23:12Z" user="EricTheLinguist" uid="2259690" lat="30.2635324" lon="-97.7519581"/>
 <node id="8964588841" visible="true" version="1" changeset="108915121" timestamp="2021-07-31T03:23:12Z" user="EricTheLinguist" uid="2259690" lat="30.2634948" lon="-97.7518613"/>
 <node id="8964588842" visible="true" version="1" changeset="108915121" timestamp="2021-07-31T03:23:12Z" user="EricTheLinguist" uid="2259690" lat="30.2635090" lon="-97.7518790"/>
 <node id="8964588843" visible="true" version="1" changeset="108915121" timestamp="2021-07-31T03:23:12Z" user="EricTheLinguist" uid="2259690" lat="30.2635297" lon="-97.7519332"/>
 <node id="8964588844" visible="true" version="1" changeset="108915121" timestamp="2021-07-31T03:23:12Z" user="EricTheLinguist" uid="2259690" lat="30.2635259" lon="-97.7519133"/>
 <node id="8964588845" visible="true" version="1" changeset="108915121" timestamp="2021-07-31T03:23:12Z" user="EricTheLinguist" uid="2259690" lat="30.2635185" lon="-97.7518953"/>
 <node id="8964588848" visible="true" version="1" changeset="108915121" timestamp="2021-07-31T03:23:12Z" user="EricTheLinguist" uid="2259690" lat="30.2634622" lon="-97.7518395"/>
 <node id="8964588865" visible="true" version="1" changeset="108915121" timestamp="2021-07-31T03:23:12Z" user="EricTheLinguist" uid="2259690" lat="30.2631460" lon="-97.7507305"/>
 <node id="8964588866" visible="true" version="1" changeset="108915121" timestamp="2021-07-31T03:23:12Z" user="EricTheLinguist" uid="2259690" lat="30.2631523" lon="-97.7507173"/>
 <node id="8964588867" visible="true" version="1" changeset="108915121" timestamp="2021-07-31T03:23:12Z" user="EricTheLinguist" uid="2259690" lat="30.2631562" lon="-97.7507032"/>
 <node id="8964588868" visible="true" version="1" changeset="108915121" timestamp="2021-07-31T03:23:12Z" user="EricTheLinguist" uid="2259690" lat="30.2631579" lon="-97.7506881"/>
 <node id="8964588869" visible="true" version="1" changeset="108915121" timestamp="2021-07-31T03:23:12Z" user="EricTheLinguist" uid="2259690" lat="30.2631543" lon="-97.7506588"/>
 <node id="8964588870" visible="true" version="1" changeset="108915121" timestamp="2021-07-31T03:23:12Z" user="EricTheLinguist" uid="2259690" lat="30.2631483" lon="-97.7506426"/>
 <node id="8964588871" visible="true" version="1" changeset="108915121" timestamp="2021-07-31T03:23:12Z" user="EricTheLinguist" uid="2259690" lat="30.2631416" lon="-97.7506302"/>
 <node id="8964588872" visible="true" version="1" changeset="108915121" timestamp="2021-07-31T03:23:12Z" user="EricTheLinguist" uid="2259690" lat="30.2631336" lon="-97.7506204"/>
 <node id="8964588873" visible="true" version="1" changeset="108915121" timestamp="2021-07-31T03:23:12Z" user="EricTheLinguist" uid="2259690" lat="30.2630833" lon="-97.7505632"/>
 <node id="8972775671" visible="true" version="1" changeset="108987009" timestamp="2021-08-01T20:26:27Z" user="EricTheLinguist" uid="2259690" lat="30.2640880" lon="-97.7534348"/>
 <node id="8972775672" visible="true" version="1" changeset="108987009" timestamp="2021-08-01T20:26:27Z" user="EricTheLinguist" uid="2259690" lat="30.2639058" lon="-97.7526141"/>
 <node id="8972775673" visible="true" version="1" changeset="108987009" timestamp="2021-08-01T20:26:27Z" user="EricTheLinguist" uid="2259690" lat="30.2638882" lon="-97.7525698"/>
 <node id="8972775674" visible="true" version="1" changeset="108987009" timestamp="2021-08-01T20:26:27Z" user="EricTheLinguist" uid="2259690" lat="30.2638753" lon="-97.7525491"/>
 <node id="8972775675" visible="true" version="1" changeset="108987009" timestamp="2021-08-01T20:26:27Z" user="EricTheLinguist" uid="2259690" lat="30.2638539" lon="-97.7525214"/>
 <node id="8972775737" visible="true" version="1" changeset="108987009" timestamp="2021-08-01T20:26:27Z" user="EricTheLinguist" uid="2259690" lat="30.2639945" lon="-97.7527641"/>
 <node id="8972775738" visible="true" version="1" changeset="108987009" timestamp="2021-08-01T20:26:27Z" user="EricTheLinguist" uid="2259690" lat="30.2634755" lon="-97.7518260"/>
 <node id="8972775744" visible="true" version="1" changeset="108987009" timestamp="2021-08-01T20:26:27Z" user="EricTheLinguist" uid="2259690" lat="30.2632684" lon="-97.7510207"/>
 <node id="8972775745" visible="true" version="1" changeset="108987009" timestamp="2021-08-01T20:26:27Z" user="EricTheLinguist" uid="2259690" lat="30.2632423" lon="-97.7509507"/>
 <node id="8972775746" visible="true" version="1" changeset="108987009" timestamp="2021-08-01T20:26:27Z" user="EricTheLinguist" uid="2259690" lat="30.2631926" lon="-97.7508424"/>
 <node id="8972775747" visible="true" version="1" changeset="108987009" timestamp="2021-08-01T20:26:27Z" user="EricTheLinguist" uid="2259690" lat="30.2633070" lon="-97.7510867"/>
 <node id="8972775748" visible="true" version="1" changeset="108987009" timestamp="2021-08-01T20:26:27Z" user="EricTheLinguist" uid="2259690" lat="30.2633318" lon="-97.7511533"/>
 <node id="8972775749" visible="true" version="1" changeset="108987009" timestamp="2021-08-01T20:26:27Z" user="EricTheLinguist" uid="2259690" lat="30.2633761" lon="-97.7512253"/>
 <node id="8972775750" visible="true" version="1" changeset="108987009" timestamp="2021-08-01T20:26:27Z" user="EricTheLinguist" uid="2259690" lat="30.2634102" lon="-97.7513365"/>
 <node id="8972775751" visible="true" version="1" changeset="108987009" timestamp="2021-08-01T20:26:27Z" user="EricTheLinguist" uid="2259690" lat="30.2634400" lon="-97.7514114"/>
 <node id="8972775752" visible="true" version="1" changeset="108987009" timestamp="2021-08-01T20:26:27Z" user="EricTheLinguist" uid="2259690" lat="30.2634547" lon="-97.7514707"/>
 <node id="8972775819" visible="true" version="1" changeset="108987009" timestamp="2021-08-01T20:26:27Z" user="EricTheLinguist" uid="2259690" lat="30.2626109" lon="-97.7492947"/>
 <node id="8972775820" visible="true" version="1" changeset="108987009" timestamp="2021-08-01T20:26:27Z" user="EricTheLinguist" uid="2259690" lat="30.2625248" lon="-97.7491156"/>
 <node id="8972775821" visible="true" version="1" changeset="108987009" timestamp="2021-08-01T20:26:27Z" user="EricTheLinguist" uid="2259690" lat="30.2625110" lon="-97.7490636"/>
 <node id="8972775828" visible="true" version="1" changeset="108987009" timestamp="2021-08-01T20:26:27Z" user="EricTheLinguist" uid="2259690" lat="30.2628589" lon="-97.7499468"/>
 <node id="8972775829" visible="true" version="1" changeset="108987009" timestamp="2021-08-01T20:26:27Z" user="EricTheLinguist" uid="2259690" lat="30.2629061" lon="-97.7500857"/>
 <node id="8972775830" visible="true" version="1" changeset="108987009" timestamp="2021-08-01T20:26:27Z" user="EricTheLinguist" uid="2259690" lat="30.2630119" lon="-97.7503944"/>
 <node id="8972775834" visible="true" version="1" changeset="108987009" timestamp="2021-08-01T20:26:27Z" user="EricTheLinguist" uid="2259690" lat="30.2645096" lon="-97.7546729"/>
 <node id="8972775835" visible="true" version="1" changeset="108987009" timestamp="2021-08-01T20:26:27Z" user="EricTheLinguist" uid="2259690" lat="30.2643676" lon="-97.7547549"/>
 <node id="8972775836" visible="true" version="1" changeset="108987009" timestamp="2021-08-01T20:26:27Z" user="EricTheLinguist" uid="2259690" lat="30.2643553" lon="-97.7547521"/>
 <node id="8972775837" visible="true" version="1" changeset="108987009" timestamp="2021-08-01T20:26:27Z" user="EricTheLinguist" uid="2259690" lat="30.2643296" lon="-97.7547141"/>
 <node id="8972775838" visible="true" version="1" changeset="108987009" timestamp="2021-08-01T20:26:27Z" user="EricTheLinguist" uid="2259690" lat="30.2643121" lon="-97.7546924"/>
 <node id="8972775839" visible="true" version="1" changeset="108987009" timestamp="2021-08-01T20:26:27Z" user="EricTheLinguist" uid="2259690" lat="30.2642747" lon="-97.7546911"/>
 <node id="8972775840" visible="true" version="1" changeset="108987009" timestamp="2021-08-01T20:26:27Z" user="EricTheLinguist" uid="2259690" lat="30.2642578" lon="-97.7546772"/>
 <node id="8972775841" visible="true" version="1" changeset="108987009" timestamp="2021-08-01T20:26:27Z" user="EricTheLinguist" uid="2259690" lat="30.2642478" lon="-97.7546598"/>
 <node id="8972775842" visible="true" version="1" changeset="108987009" timestamp="2021-08-01T20:26:27Z" user="EricTheLinguist" uid="2259690" lat="30.2642393" lon="-97.7546320"/>
 <node id="8972775843" visible="true" version="1" changeset="108987009" timestamp="2021-08-01T20:26:27Z" user="EricTheLinguist" uid="2259690" lat="30.2642247" lon="-97.7546196"/>
 <node id="8972775844" visible="true" version="1" changeset="108987009" timestamp="2021-08-01T20:26:27Z" user="EricTheLinguist" uid="2259690" lat="30.2642202" lon="-97.7545949"/>
 <node id="8972775845" visible="true" version="1" changeset="108987009" timestamp="2021-08-01T20:26:27Z" user="EricTheLinguist" uid="2259690" lat="30.2642381" lon="-97.7545787"/>
 <node id="8972775846" visible="true" version="1" changeset="108987009" timestamp="2021-08-01T20:26:27Z" user="EricTheLinguist" uid="2259690" lat="30.2642623" lon="-97.7545760"/>
 <node id="8972775847" visible="true" version="1" changeset="108987009" timestamp="2021-08-01T20:26:27Z" user="EricTheLinguist" uid="2259690" lat="30.2642757" lon="-97.7545308"/>
 <node id="8972775848" visible="true" version="1" changeset="108987009" timestamp="2021-08-01T20:26:27Z" user="EricTheLinguist" uid="2259690" lat="30.2642882" lon="-97.7544721"/>
 <node id="8972775849" visible="true" version="1" changeset="108987009" timestamp="2021-08-01T20:26:27Z" user="EricTheLinguist" uid="2259690" lat="30.2643470" lon="-97.7543436"/>
 <node id="8972775850" visible="true" version="1" changeset="108987009" timestamp="2021-08-01T20:26:27Z" user="EricTheLinguist" uid="2259690" lat="30.2643927" lon="-97.7542536"/>
 <node id="8972775851" visible="true" version="1" changeset="108987009" timestamp="2021-08-01T20:26:27Z" user="EricTheLinguist" uid="2259690" lat="30.2644128" lon="-97.7542496"/>
 <node id="8972775852" visible="true" version="1" changeset="108987009" timestamp="2021-08-01T20:26:27Z" user="EricTheLinguist" uid="2259690" lat="30.2644393" lon="-97.7542579"/>
 <node id="8972775853" visible="true" version="1" changeset="108987009" timestamp="2021-08-01T20:26:27Z" user="EricTheLinguist" uid="2259690" lat="30.2644502" lon="-97.7543016"/>
 <node id="8972775854" visible="true" version="1" changeset="108987009" timestamp="2021-08-01T20:26:27Z" user="EricTheLinguist" uid="2259690" lat="30.2644604" lon="-97.7543332"/>
 <node id="8972775855" visible="true" version="1" changeset="108987009" timestamp="2021-08-01T20:26:27Z" user="EricTheLinguist" uid="2259690" lat="30.2644736" lon="-97.7544067"/>
 <node id="8972775856" visible="true" version="1" changeset="108987009" timestamp="2021-08-01T20:26:27Z" user="EricTheLinguist" uid="2259690" lat="30.2644754" lon="-97.7544620"/>
 <node id="8972775857" visible="true" version="1" changeset="108987009" timestamp="2021-08-01T20:26:27Z" user="EricTheLinguist" uid="2259690" lat="30.2644925" lon="-97.7545333"/>
 <node id="8972775858" visible="true" version="1" changeset="108987009" timestamp="2021-08-01T20:26:27Z" user="EricTheLinguist" uid="2259690" lat="30.2644984" lon="-97.7545743"/>
 <node id="8972775859" visible="true" version="1" changeset="108987009" timestamp="2021-08-01T20:26:27Z" user="EricTheLinguist" uid="2259690" lat="30.2645175" lon="-97.7545916"/>
 <node id="8972775860" visible="true" version="1" changeset="108987009" timestamp="2021-08-01T20:26:27Z" user="EricTheLinguist" uid="2259690" lat="30.2645220" lon="-97.7546163"/>
 <node id="8972775861" visible="true" version="1" changeset="108987009" timestamp="2021-08-01T20:26:27Z" user="EricTheLinguist" uid="2259690" lat="30.2645214" lon="-97.7546440"/>
 <node id="8972775862" visible="true" version="1" changeset="108987009" timestamp="2021-08-01T20:26:27Z" user="EricTheLinguist" uid="2259690" lat="30.2644252" lon="-97.7547344"/>
 <node id="8972775863" visible="true" version="1" changeset="108987009" timestamp="2021-08-01T20:26:27Z" user="EricTheLinguist" uid="2259690" lat="30.2644715" lon="-97.7547028"/>
 <node id="8972775864" visible="true" version="1" changeset="108987009" timestamp="2021-08-01T20:26:27Z" user="EricTheLinguist" uid="2259690" lat="30.2625342" lon="-97.7486882"/>
 <node id="8972775865" visible="true" version="1" changeset="108987009" timestamp="2021-08-01T20:26:27Z" user="EricTheLinguist" uid="2259690" lat="30.2624896" lon="-97.7485436"/>
 <node id="8972775866" visible="true" version="1" changeset="108987009" timestamp="2021-08-01T20:26:27Z" user="EricTheLinguist" uid="2259690" lat="30.2623845" lon="-97.7484173"/>
 <node id="8972806936" visible="true" version="1" changeset="108987414" timestamp="2021-08-01T20:43:38Z" user="EricTheLinguist" uid="2259690" lat="30.2625393" lon="-97.7488453"/>
 <node id="8972806945" visible="true" version="1" changeset="108987414" timestamp="2021-08-01T20:43:38Z" user="EricTheLinguist" uid="2259690" lat="30.2625428" lon="-97.7487402"/>
 <node id="8972853484" visible="true" version="1" changeset="108988820" timestamp="2021-08-01T21:58:53Z" user="EricTheLinguist" uid="2259690" lat="30.2471717" lon="-97.7193465"/>
 <node id="8972853485" visible="true" version="1" changeset="108988820" timestamp="2021-08-01T21:58:53Z" user="EricTheLinguist" uid="2259690" lat="30.2473136" lon="-97.7193332"/>
 <node id="8972853486" visible="true" version="1" changeset="108988820" timestamp="2021-08-01T21:58:53Z" user="EricTheLinguist" uid="2259690" lat="30.2474467" lon="-97.7193062"/>
 <node id="8972853487" visible="true" version="1" changeset="108988820" timestamp="2021-08-01T21:58:53Z" user="EricTheLinguist" uid="2259690" lat="30.2470400" lon="-97.7193387"/>
 <node id="8972853488" visible="true" version="1" changeset="108988820" timestamp="2021-08-01T21:58:53Z" user="EricTheLinguist" uid="2259690" lat="30.2469994" lon="-97.7193773"/>
 <node id="8972853489" visible="true" version="1" changeset="108988820" timestamp="2021-08-01T21:58:53Z" user="EricTheLinguist" uid="2259690" lat="30.2470125" lon="-97.7193507"/>
 <node id="8972853490" visible="true" version="1" changeset="108988820" timestamp="2021-08-01T21:58:53Z" user="EricTheLinguist" uid="2259690" lat="30.2464130" lon="-97.7205283"/>
 <node id="8972853500" visible="true" version="1" changeset="108988820" timestamp="2021-08-01T21:58:53Z" user="EricTheLinguist" uid="2259690" lat="30.2463023" lon="-97.7208172"/>
 <node id="8972853501" visible="true" version="1" changeset="108988820" timestamp="2021-08-01T21:58:53Z" user="EricTheLinguist" uid="2259690" lat="30.2464826" lon="-97.7207391"/>
 <node id="8972853502" visible="true" version="1" changeset="108988820" timestamp="2021-08-01T21:58:53Z" user="EricTheLinguist" uid="2259690" lat="30.2464709" lon="-97.7208338"/>
 <node id="8972853503" visible="true" version="1" changeset="108988820" timestamp="2021-08-01T21:58:53Z" user="EricTheLinguist" uid="2259690" lat="30.2464247" lon="-97.7210411"/>
 <node id="8975255700" visible="true" version="1" changeset="109049696" timestamp="2021-08-02T19:44:22Z" user="EricTheLinguist" uid="2259690" lat="30.2457139" lon="-97.7261860"/>
 <node id="8975255701" visible="true" version="1" changeset="109049696" timestamp="2021-08-02T19:44:22Z" user="EricTheLinguist" uid="2259690" lat="30.2457649" lon="-97.7263889"/>
 <node id="8975255702" visible="true" version="1" changeset="109049696" timestamp="2021-08-02T19:44:22Z" user="EricTheLinguist" uid="2259690" lat="30.2458041" lon="-97.7264845"/>
 <node id="8975255703" visible="true" version="1" changeset="109049696" timestamp="2021-08-02T19:44:22Z" user="EricTheLinguist" uid="2259690" lat="30.2458803" lon="-97.7268093"/>
 <node id="8975255704" visible="true" version="1" changeset="109049696" timestamp="2021-08-02T19:44:22Z" user="EricTheLinguist" uid="2259690" lat="30.2459206" lon="-97.7269651"/>
 <node id="8975255705" visible="true" version="1" changeset="109049696" timestamp="2021-08-02T19:44:22Z" user="EricTheLinguist" uid="2259690" lat="30.2459687" lon="-97.7271479"/>
 <node id="8975255706" visible="true" version="1" changeset="109049696" timestamp="2021-08-02T19:44:22Z" user="EricTheLinguist" uid="2259690" lat="30.2459870" lon="-97.7272400"/>
 <node id="8975255707" visible="true" version="1" changeset="109049696" timestamp="2021-08-02T19:44:22Z" user="EricTheLinguist" uid="2259690" lat="30.2460387" lon="-97.7273905"/>
 <node id="8975255708" visible="true" version="1" changeset="109049696" timestamp="2021-08-02T19:44:22Z" user="EricTheLinguist" uid="2259690" lat="30.2460727" lon="-97.7274511"/>
 <node id="8975301024" visible="true" version="1" changeset="109049696" timestamp="2021-08-02T19:44:22Z" user="EricTheLinguist" uid="2259690" lat="30.2458634" lon="-97.7267391"/>
 <node id="8975301048" visible="true" version="1" changeset="109049696" timestamp="2021-08-02T19:44:22Z" user="EricTheLinguist" uid="2259690" lat="30.2454749" lon="-97.7251018"/>
 <node id="8975301051" visible="true" version="2" changeset="182758399" timestamp="2026-05-16T20:17:31Z" user="EricTheLinguist" uid="2259690" lat="30.2454293" lon="-97.7252004"/>
 <node id="8975301052" visible="true" version="2" changeset="182758399" timestamp="2026-05-16T20:17:31Z" user="EricTheLinguist" uid="2259690" lat="30.2454248" lon="-97.7251336"/>
 <node id="8975301053" visible="true" version="2" changeset="182758399" timestamp="2026-05-16T20:17:31Z" user="EricTheLinguist" uid="2259690" lat="30.2454159" lon="-97.7251369"/>
 <node id="8975301054" visible="true" version="2" changeset="182758399" timestamp="2026-05-16T20:17:31Z" user="EricTheLinguist" uid="2259690" lat="30.2454011" lon="-97.7251419"/>
 <node id="8975301055" visible="true" version="1" changeset="109049696" timestamp="2021-08-02T19:44:22Z" user="EricTheLinguist" uid="2259690" lat="30.2453922" lon="-97.7251457"/>
 <node id="8975301056" visible="true" version="2" changeset="182758399" timestamp="2026-05-16T20:17:31Z" user="EricTheLinguist" uid="2259690" lat="30.2454197" lon="-97.7251993"/>
 <node id="8975301057" visible="true" version="2" changeset="182758399" timestamp="2026-05-16T20:17:31Z" user="EricTheLinguist" uid="2259690" lat="30.2454062" lon="-97.7251991"/>
 <node id="8975301058" visible="true" version="1" changeset="109049696" timestamp="2021-08-02T19:44:22Z" user="EricTheLinguist" uid="2259690" lat="30.2453926" lon="-97.7251920"/>
 <node id="8975301059" visible="true" version="2" changeset="182758399" timestamp="2026-05-16T20:17:31Z" user="EricTheLinguist" uid="2259690" lat="30.2453911" lon="-97.7251839"/>
 <node id="8975301060" visible="true" version="2" changeset="182758399" timestamp="2026-05-16T20:17:31Z" user="EricTheLinguist" uid="2259690" lat="30.2453907" lon="-97.7251597"/>
 <node id="8975301061" visible="true" version="1" changeset="109049696" timestamp="2021-08-02T19:44:22Z" user="EricTheLinguist" uid="2259690" lat="30.2454904" lon="-97.7252560"/>
 <node id="8975301062" visible="true" version="1" changeset="109049696" timestamp="2021-08-02T19:44:22Z" user="EricTheLinguist" uid="2259690" lat="30.2455279" lon="-97.7253829"/>
 <node id="8975301063" visible="true" version="1" changeset="109049696" timestamp="2021-08-02T19:44:22Z" user="EricTheLinguist" uid="2259690" lat="30.2455728" lon="-97.7255956"/>
 <node id="8975301064" visible="true" version="1" changeset="109049696" timestamp="2021-08-02T19:44:22Z" user="EricTheLinguist" uid="2259690" lat="30.2455870" lon="-97.7256873"/>
 <node id="8975301065" visible="true" version="1" changeset="109049696" timestamp="2021-08-02T19:44:22Z" user="EricTheLinguist" uid="2259690" lat="30.2456029" lon="-97.7257683"/>
 <node id="8975301087" visible="true" version="1" changeset="109049696" timestamp="2021-08-02T19:44:22Z" user="EricTheLinguist" uid="2259690" lat="30.2458161" lon="-97.7265382"/>
 <node id="8975301159" visible="true" version="1" changeset="109049696" timestamp="2021-08-02T19:44:22Z" user="EricTheLinguist" uid="2259690" lat="30.2454679" lon="-97.7240756"/>
 <node id="8975301160" visible="true" version="1" changeset="109049696" timestamp="2021-08-02T19:44:22Z" user="EricTheLinguist" uid="2259690" lat="30.2455109" lon="-97.7239216"/>
 <node id="8975301173" visible="true" version="2" changeset="182756154" timestamp="2026-05-16T19:04:05Z" user="EricTheLinguist" uid="2259690" lat="30.2455431" lon="-97.7238062"/>
 <node id="8975429277" visible="true" version="1" changeset="109051787" timestamp="2021-08-02T20:55:18Z" user="EricTheLinguist" uid="2259690" lat="30.2616266" lon="-97.7476020"/>
 <node id="8975429278" visible="true" version="1" changeset="109051787" timestamp="2021-08-02T20:55:18Z" user="EricTheLinguist" uid="2259690" lat="30.2615178" lon="-97.7475780"/>
 <node id="8975429291" visible="true" version="1" changeset="109051787" timestamp="2021-08-02T20:55:18Z" user="EricTheLinguist" uid="2259690" lat="30.2612648" lon="-97.7469171"/>
 <node id="8975429292" visible="true" version="1" changeset="109051787" timestamp="2021-08-02T20:55:18Z" user="EricTheLinguist" uid="2259690" lat="30.2610253" lon="-97.7461814"/>
 <node id="8975871669" visible="true" version="1" changeset="109056934" timestamp="2021-08-03T02:50:59Z" user="EricTheLinguist" uid="2259690" lat="30.2546983" lon="-97.7420827"/>
 <node id="8975871670" visible="true" version="1" changeset="109056934" timestamp="2021-08-03T02:50:59Z" user="EricTheLinguist" uid="2259690" lat="30.2546859" lon="-97.7420977"/>
 <node id="8975871680" visible="true" version="1" changeset="109056934" timestamp="2021-08-03T02:50:59Z" user="EricTheLinguist" uid="2259690" lat="30.2619563" lon="-97.7481577"/>
 <node id="8975871681" visible="true" version="1" changeset="109056934" timestamp="2021-08-03T02:50:59Z" user="EricTheLinguist" uid="2259690" lat="30.2619648" lon="-97.7481620"/>
 <node id="8975871691" visible="true" version="1" changeset="109056934" timestamp="2021-08-03T02:50:59Z" user="EricTheLinguist" uid="2259690" lat="30.2618539" lon="-97.7479592"/>
 <node id="8975871692" visible="true" version="1" changeset="109056934" timestamp="2021-08-03T02:50:59Z" user="EricTheLinguist" uid="2259690" lat="30.2618279" lon="-97.7478923"/>
 <node id="8975871713" visible="true" version="1" changeset="109056934" timestamp="2021-08-03T02:50:59Z" user="EricTheLinguist" uid="2259690" lat="30.2618163" lon="-97.7478782"/>
 <node id="8975890993" visible="true" version="1" changeset="109057186" timestamp="2021-08-03T03:01:55Z" user="EricTheLinguist" uid="2259690" lat="30.2464702" lon="-97.7208287"/>
 <node id="8975890994" visible="true" version="1" changeset="109057186" timestamp="2021-08-03T03:01:55Z" user="EricTheLinguist" uid="2259690" lat="30.2462493" lon="-97.7216891"/>
 <node id="8975890995" visible="true" version="1" changeset="109057186" timestamp="2021-08-03T03:01:55Z" user="EricTheLinguist" uid="2259690" lat="30.2462762" lon="-97.7216058"/>
 <node id="8975890997" visible="true" version="1" changeset="109057186" timestamp="2021-08-03T03:01:55Z" user="EricTheLinguist" uid="2259690" lat="30.2464722" lon="-97.7207950"/>
 <node id="8975890998" visible="true" version="1" changeset="109057186" timestamp="2021-08-03T03:01:55Z" user="EricTheLinguist" uid="2259690" lat="30.2464756" lon="-97.7207670"/>
 <node id="8975895635" visible="true" version="1" changeset="109056934" timestamp="2021-08-03T02:50:59Z" user="EricTheLinguist" uid="2259690" lat="30.2613964" lon="-97.7473877"/>
 <node id="8975895639" visible="true" version="1" changeset="109056934" timestamp="2021-08-03T02:50:59Z" user="EricTheLinguist" uid="2259690" lat="30.2614367" lon="-97.7475154"/>
 <node id="8975895640" visible="true" version="1" changeset="109056934" timestamp="2021-08-03T02:50:59Z" user="EricTheLinguist" uid="2259690" lat="30.2614298" lon="-97.7475055"/>
 <node id="8975895641" visible="true" version="1" changeset="109056934" timestamp="2021-08-03T02:50:59Z" user="EricTheLinguist" uid="2259690" lat="30.2614191" lon="-97.7474955"/>
 <node id="8975895642" visible="true" version="1" changeset="109056934" timestamp="2021-08-03T02:50:59Z" user="EricTheLinguist" uid="2259690" lat="30.2614059" lon="-97.7474744"/>
 <node id="8975895643" visible="true" version="1" changeset="109056934" timestamp="2021-08-03T02:50:59Z" user="EricTheLinguist" uid="2259690" lat="30.2614019" lon="-97.7474555"/>
 <node id="8975895644" visible="true" version="1" changeset="109056934" timestamp="2021-08-03T02:50:59Z" user="EricTheLinguist" uid="2259690" lat="30.2614003" lon="-97.7474314"/>
 <node id="8975895671" visible="true" version="1" changeset="109056934" timestamp="2021-08-03T02:50:59Z" user="EricTheLinguist" uid="2259690" lat="30.2608564" lon="-97.7456280"/>
 <node id="8975895672" visible="true" version="1" changeset="109056934" timestamp="2021-08-03T02:50:59Z" user="EricTheLinguist" uid="2259690" lat="30.2602720" lon="-97.7443426"/>
 <node id="8975895674" visible="true" version="1" changeset="109056934" timestamp="2021-08-03T02:50:59Z" user="EricTheLinguist" uid="2259690" lat="30.2572745" lon="-97.7429084"/>
 <node id="8975895677" visible="true" version="1" changeset="109056934" timestamp="2021-08-03T02:50:59Z" user="EricTheLinguist" uid="2259690" lat="30.2563497" lon="-97.7427890"/>
 <node id="8975895723" visible="true" version="1" changeset="109056934" timestamp="2021-08-03T02:50:59Z" user="EricTheLinguist" uid="2259690" lat="30.2607528" lon="-97.7453254"/>
 <node id="8975895724" visible="true" version="1" changeset="109056934" timestamp="2021-08-03T02:50:59Z" user="EricTheLinguist" uid="2259690" lat="30.2607293" lon="-97.7451925"/>
 <node id="8975895725" visible="true" version="1" changeset="109056934" timestamp="2021-08-03T02:50:59Z" user="EricTheLinguist" uid="2259690" lat="30.2606955" lon="-97.7450942"/>
 <node id="8975895726" visible="true" version="1" changeset="109056934" timestamp="2021-08-03T02:50:59Z" user="EricTheLinguist" uid="2259690" lat="30.2605840" lon="-97.7448442"/>
 <node id="8975895727" visible="true" version="1" changeset="109056934" timestamp="2021-08-03T02:50:59Z" user="EricTheLinguist" uid="2259690" lat="30.2606304" lon="-97.7449592"/>
 <node id="8975895734" visible="true" version="1" changeset="109056934" timestamp="2021-08-03T02:50:59Z" user="EricTheLinguist" uid="2259690" lat="30.2605330" lon="-97.7447595"/>
 <node id="8975895735" visible="true" version="1" changeset="109056934" timestamp="2021-08-03T02:50:59Z" user="EricTheLinguist" uid="2259690" lat="30.2604658" lon="-97.7446223"/>
 <node id="8975895736" visible="true" version="1" changeset="109056934" timestamp="2021-08-03T02:50:59Z" user="EricTheLinguist" uid="2259690" lat="30.2603978" lon="-97.7445161"/>
 <node id="8975895737" visible="true" version="1" changeset="109056934" timestamp="2021-08-03T02:50:59Z" user="EricTheLinguist" uid="2259690" lat="30.2604151" lon="-97.7445618"/>
 <node id="8975895738" visible="true" version="1" changeset="109056934" timestamp="2021-08-03T02:50:59Z" user="EricTheLinguist" uid="2259690" lat="30.2602063" lon="-97.7442890"/>
 <node id="8975895739" visible="true" version="1" changeset="109056934" timestamp="2021-08-03T02:50:59Z" user="EricTheLinguist" uid="2259690" lat="30.2603396" lon="-97.7444522"/>
 <node id="8975895740" visible="true" version="1" changeset="109056934" timestamp="2021-08-03T02:50:59Z" user="EricTheLinguist" uid="2259690" lat="30.2601338" lon="-97.7441832"/>
 <node id="8975895741" visible="true" version="1" changeset="109056934" timestamp="2021-08-03T02:50:59Z" user="EricTheLinguist" uid="2259690" lat="30.2600839" lon="-97.7441419"/>
 <node id="8975895742" visible="true" version="1" changeset="109056934" timestamp="2021-08-03T02:50:59Z" user="EricTheLinguist" uid="2259690" lat="30.2599933" lon="-97.7440637"/>
 <node id="8975895743" visible="true" version="1" changeset="109056934" timestamp="2021-08-03T02:50:59Z" user="EricTheLinguist" uid="2259690" lat="30.2599002" lon="-97.7439778"/>
 <node id="8975895744" visible="true" version="1" changeset="109056934" timestamp="2021-08-03T02:50:59Z" user="EricTheLinguist" uid="2259690" lat="30.2598406" lon="-97.7438913"/>
 <node id="8975895745" visible="true" version="1" changeset="109056934" timestamp="2021-08-03T02:50:59Z" user="EricTheLinguist" uid="2259690" lat="30.2598141" lon="-97.7438581"/>
 <node id="8975895746" visible="true" version="1" changeset="109056934" timestamp="2021-08-03T02:50:59Z" user="EricTheLinguist" uid="2259690" lat="30.2596161" lon="-97.7436946"/>
 <node id="8975895747" visible="true" version="1" changeset="109056934" timestamp="2021-08-03T02:50:59Z" user="EricTheLinguist" uid="2259690" lat="30.2595588" lon="-97.7436675"/>
 <node id="8975895748" visible="true" version="1" changeset="109056934" timestamp="2021-08-03T02:50:59Z" user="EricTheLinguist" uid="2259690" lat="30.2596811" lon="-97.7437565"/>
 <node id="8975895749" visible="true" version="1" changeset="109056934" timestamp="2021-08-03T02:50:59Z" user="EricTheLinguist" uid="2259690" lat="30.2596945" lon="-97.7437729"/>
 <node id="8975895750" visible="true" version="1" changeset="109056934" timestamp="2021-08-03T02:50:59Z" user="EricTheLinguist" uid="2259690" lat="30.2597414" lon="-97.7438005"/>
 <node id="8975895751" visible="true" version="1" changeset="109056934" timestamp="2021-08-03T02:50:59Z" user="EricTheLinguist" uid="2259690" lat="30.2597596" lon="-97.7438262"/>
 <node id="8975895752" visible="true" version="1" changeset="109056934" timestamp="2021-08-03T02:50:59Z" user="EricTheLinguist" uid="2259690" lat="30.2594339" lon="-97.7436270"/>
 <node id="8975895753" visible="true" version="1" changeset="109056934" timestamp="2021-08-03T02:50:59Z" user="EricTheLinguist" uid="2259690" lat="30.2593596" lon="-97.7436022"/>
 <node id="8975895754" visible="true" version="1" changeset="109056934" timestamp="2021-08-03T02:50:59Z" user="EricTheLinguist" uid="2259690" lat="30.2593082" lon="-97.7435883"/>
 <node id="8975895755" visible="true" version="1" changeset="109056934" timestamp="2021-08-03T02:50:59Z" user="EricTheLinguist" uid="2259690" lat="30.2592088" lon="-97.7435326"/>
 <node id="8975895756" visible="true" version="1" changeset="109056934" timestamp="2021-08-03T02:50:59Z" user="EricTheLinguist" uid="2259690" lat="30.2589952" lon="-97.7434456"/>
 <node id="8975895757" visible="true" version="1" changeset="109056934" timestamp="2021-08-03T02:50:59Z" user="EricTheLinguist" uid="2259690" lat="30.2589749" lon="-97.7434222"/>
 <node id="8975895758" visible="true" version="1" changeset="109056934" timestamp="2021-08-03T02:50:59Z" user="EricTheLinguist" uid="2259690" lat="30.2589283" lon="-97.7434180"/>
 <node id="8975895759" visible="true" version="1" changeset="109056934" timestamp="2021-08-03T02:50:59Z" user="EricTheLinguist" uid="2259690" lat="30.2588972" lon="-97.7434415"/>
 <node id="8975895760" visible="true" version="1" changeset="109056934" timestamp="2021-08-03T02:50:59Z" user="EricTheLinguist" uid="2259690" lat="30.2588554" lon="-97.7434307"/>
 <node id="8975895761" visible="true" version="1" changeset="109056934" timestamp="2021-08-03T02:50:59Z" user="EricTheLinguist" uid="2259690" lat="30.2588154" lon="-97.7433945"/>
 <node id="8975895762" visible="true" version="1" changeset="109056934" timestamp="2021-08-03T02:50:59Z" user="EricTheLinguist" uid="2259690" lat="30.2588117" lon="-97.7433571"/>
 <node id="8975895763" visible="true" version="1" changeset="109056934" timestamp="2021-08-03T02:50:59Z" user="EricTheLinguist" uid="2259690" lat="30.2588124" lon="-97.7433335"/>
 <node id="8975895764" visible="true" version="1" changeset="109056934" timestamp="2021-08-03T02:50:59Z" user="EricTheLinguist" uid="2259690" lat="30.2587849" lon="-97.7432961"/>
 <node id="8975895765" visible="true" version="1" changeset="109056934" timestamp="2021-08-03T02:50:59Z" user="EricTheLinguist" uid="2259690" lat="30.2587517" lon="-97.7433030"/>
 <node id="8975895766" visible="true" version="1" changeset="109056934" timestamp="2021-08-03T02:50:59Z" user="EricTheLinguist" uid="2259690" lat="30.2587430" lon="-97.7433362"/>
 <node id="8975895767" visible="true" version="1" changeset="109056934" timestamp="2021-08-03T02:50:59Z" user="EricTheLinguist" uid="2259690" lat="30.2587032" lon="-97.7433289"/>
 <node id="8975895768" visible="true" version="1" changeset="109056934" timestamp="2021-08-03T02:50:59Z" user="EricTheLinguist" uid="2259690" lat="30.2586047" lon="-97.7432943"/>
 <node id="8975895770" visible="true" version="1" changeset="109056934" timestamp="2021-08-03T02:50:59Z" user="EricTheLinguist" uid="2259690" lat="30.2581476" lon="-97.7430738"/>
 <node id="8975895771" visible="true" version="1" changeset="109056934" timestamp="2021-08-03T02:50:59Z" user="EricTheLinguist" uid="2259690" lat="30.2583127" lon="-97.7431378"/>
 <node id="8975895772" visible="true" version="1" changeset="109056934" timestamp="2021-08-03T02:50:59Z" user="EricTheLinguist" uid="2259690" lat="30.2585346" lon="-97.7432018"/>
 <node id="8975895773" visible="true" version="1" changeset="109056934" timestamp="2021-08-03T02:50:59Z" user="EricTheLinguist" uid="2259690" lat="30.2584957" lon="-97.7432399"/>
 <node id="8975895774" visible="true" version="1" changeset="109056934" timestamp="2021-08-03T02:50:59Z" user="EricTheLinguist" uid="2259690" lat="30.2584313" lon="-97.7432319"/>
 <node id="8975895775" visible="true" version="1" changeset="109056934" timestamp="2021-08-03T02:50:59Z" user="EricTheLinguist" uid="2259690" lat="30.2583899" lon="-97.7432042"/>
 <node id="8975895776" visible="true" version="1" changeset="109056934" timestamp="2021-08-03T02:50:59Z" user="EricTheLinguist" uid="2259690" lat="30.2583553" lon="-97.7432103"/>
 <node id="8975895777" visible="true" version="1" changeset="109056934" timestamp="2021-08-03T02:50:59Z" user="EricTheLinguist" uid="2259690" lat="30.2583096" lon="-97.7432032"/>
 <node id="8975895778" visible="true" version="1" changeset="109056934" timestamp="2021-08-03T02:50:59Z" user="EricTheLinguist" uid="2259690" lat="30.2583278" lon="-97.7431654"/>
 <node id="8975895779" visible="true" version="1" changeset="109056934" timestamp="2021-08-03T02:50:59Z" user="EricTheLinguist" uid="2259690" lat="30.2582753" lon="-97.7431776"/>
 <node id="8975895780" visible="true" version="1" changeset="109056934" timestamp="2021-08-03T02:50:59Z" user="EricTheLinguist" uid="2259690" lat="30.2582267" lon="-97.7431705"/>
 <node id="8975895781" visible="true" version="1" changeset="109056934" timestamp="2021-08-03T02:50:59Z" user="EricTheLinguist" uid="2259690" lat="30.2582100" lon="-97.7431355"/>
 <node id="8975895782" visible="true" version="1" changeset="109056934" timestamp="2021-08-03T02:50:59Z" user="EricTheLinguist" uid="2259690" lat="30.2581871" lon="-97.7430932"/>
 <node id="8975895783" visible="true" version="1" changeset="109056934" timestamp="2021-08-03T02:50:59Z" user="EricTheLinguist" uid="2259690" lat="30.2579408" lon="-97.7430258"/>
 <node id="8975895784" visible="true" version="1" changeset="109056934" timestamp="2021-08-03T02:50:59Z" user="EricTheLinguist" uid="2259690" lat="30.2581090" lon="-97.7430960"/>
 <node id="8975895785" visible="true" version="1" changeset="109056934" timestamp="2021-08-03T02:50:59Z" user="EricTheLinguist" uid="2259690" lat="30.2580912" lon="-97.7431275"/>
 <node id="8975895786" visible="true" version="1" changeset="109056934" timestamp="2021-08-03T02:50:59Z" user="EricTheLinguist" uid="2259690" lat="30.2580243" lon="-97.7430834"/>
 <node id="8975895787" visible="true" version="1" changeset="109056934" timestamp="2021-08-03T02:50:59Z" user="EricTheLinguist" uid="2259690" lat="30.2579762" lon="-97.7430587"/>
 <node id="8975895788" visible="true" version="1" changeset="109056934" timestamp="2021-08-03T02:50:59Z" user="EricTheLinguist" uid="2259690" lat="30.2576848" lon="-97.7429774"/>
 <node id="8975895789" visible="true" version="1" changeset="109056934" timestamp="2021-08-03T02:50:59Z" user="EricTheLinguist" uid="2259690" lat="30.2577643" lon="-97.7430078"/>
 <node id="8975895790" visible="true" version="1" changeset="109056934" timestamp="2021-08-03T02:50:59Z" user="EricTheLinguist" uid="2259690" lat="30.2578714" lon="-97.7430672"/>
 <node id="8975895791" visible="true" version="1" changeset="109056934" timestamp="2021-08-03T02:50:59Z" user="EricTheLinguist" uid="2259690" lat="30.2579118" lon="-97.7430260"/>
 <node id="8975895792" visible="true" version="1" changeset="109056934" timestamp="2021-08-03T02:50:59Z" user="EricTheLinguist" uid="2259690" lat="30.2576042" lon="-97.7429954"/>
 <node id="8975895793" visible="true" version="1" changeset="109056934" timestamp="2021-08-03T02:50:59Z" user="EricTheLinguist" uid="2259690" lat="30.2575238" lon="-97.7429747"/>
 <node id="8975895794" visible="true" version="1" changeset="109056934" timestamp="2021-08-03T02:50:59Z" user="EricTheLinguist" uid="2259690" lat="30.2571917" lon="-97.7428857"/>
 <node id="8975895795" visible="true" version="1" changeset="109056934" timestamp="2021-08-03T02:50:59Z" user="EricTheLinguist" uid="2259690" lat="30.2571203" lon="-97.7428857"/>
 <node id="8975895796" visible="true" version="1" changeset="109056934" timestamp="2021-08-03T02:50:59Z" user="EricTheLinguist" uid="2259690" lat="30.2569993" lon="-97.7428632"/>
 <node id="8975895797" visible="true" version="1" changeset="109056934" timestamp="2021-08-03T02:50:59Z" user="EricTheLinguist" uid="2259690" lat="30.2568862" lon="-97.7428234"/>
 <node id="8975895798" visible="true" version="1" changeset="109056934" timestamp="2021-08-03T02:50:59Z" user="EricTheLinguist" uid="2259690" lat="30.2568528" lon="-97.7428270"/>
 <node id="8975895799" visible="true" version="1" changeset="109056934" timestamp="2021-08-03T02:50:59Z" user="EricTheLinguist" uid="2259690" lat="30.2563870" lon="-97.7427661"/>
 <node id="8975895800" visible="true" version="1" changeset="109056934" timestamp="2021-08-03T02:50:59Z" user="EricTheLinguist" uid="2259690" lat="30.2563553" lon="-97.7427895"/>
 <node id="8975895824" visible="true" version="1" changeset="109056934" timestamp="2021-08-03T02:50:59Z" user="EricTheLinguist" uid="2259690" lat="30.2562538" lon="-97.7427816"/>
 <node id="8975895825" visible="true" version="1" changeset="109056934" timestamp="2021-08-03T02:50:59Z" user="EricTheLinguist" uid="2259690" lat="30.2562327" lon="-97.7427589"/>
 <node id="8975895826" visible="true" version="1" changeset="109056934" timestamp="2021-08-03T02:50:59Z" user="EricTheLinguist" uid="2259690" lat="30.2562001" lon="-97.7427156"/>
 <node id="8975895827" visible="true" version="1" changeset="109056934" timestamp="2021-08-03T02:50:59Z" user="EricTheLinguist" uid="2259690" lat="30.2561550" lon="-97.7426940"/>
 <node id="8975895831" visible="true" version="1" changeset="109056934" timestamp="2021-08-03T02:50:59Z" user="EricTheLinguist" uid="2259690" lat="30.2545914" lon="-97.7424289"/>
 <node id="8975895904" visible="true" version="1" changeset="109056934" timestamp="2021-08-03T02:50:59Z" user="EricTheLinguist" uid="2259690" lat="30.2544757" lon="-97.7423355"/>
 <node id="8975895907" visible="true" version="1" changeset="109056934" timestamp="2021-08-03T02:50:59Z" user="EricTheLinguist" uid="2259690" lat="30.2546412" lon="-97.7424379"/>
 <node id="8975896032" visible="true" version="1" changeset="109056934" timestamp="2021-08-03T02:50:59Z" user="EricTheLinguist" uid="2259690" lat="30.2547365" lon="-97.7424639"/>
 <node id="8975896033" visible="true" version="1" changeset="109056934" timestamp="2021-08-03T02:50:59Z" user="EricTheLinguist" uid="2259690" lat="30.2562627" lon="-97.7427823"/>
 <node id="8975896034" visible="true" version="1" changeset="109056934" timestamp="2021-08-03T02:50:59Z" user="EricTheLinguist" uid="2259690" lat="30.2546875" lon="-97.7424655"/>
 <node id="8975896035" visible="true" version="1" changeset="109056934" timestamp="2021-08-03T02:50:59Z" user="EricTheLinguist" uid="2259690" lat="30.2548444" lon="-97.7425250"/>
 <node id="8975896036" visible="true" version="1" changeset="109056934" timestamp="2021-08-03T02:50:59Z" user="EricTheLinguist" uid="2259690" lat="30.2549877" lon="-97.7425782"/>
 <node id="8975896037" visible="true" version="1" changeset="109056934" timestamp="2021-08-03T02:50:59Z" user="EricTheLinguist" uid="2259690" lat="30.2551348" lon="-97.7425737"/>
 <node id="8975896038" visible="true" version="1" changeset="109056934" timestamp="2021-08-03T02:50:59Z" user="EricTheLinguist" uid="2259690" lat="30.2552136" lon="-97.7425722"/>
 <node id="8975896039" visible="true" version="1" changeset="109056934" timestamp="2021-08-03T02:50:59Z" user="EricTheLinguist" uid="2259690" lat="30.2552632" lon="-97.7426104"/>
 <node id="8975896040" visible="true" version="1" changeset="109056934" timestamp="2021-08-03T02:50:59Z" user="EricTheLinguist" uid="2259690" lat="30.2556641" lon="-97.7426426"/>
 <node id="8975896070" visible="true" version="1" changeset="109056934" timestamp="2021-08-03T02:50:59Z" user="EricTheLinguist" uid="2259690" lat="30.2526128" lon="-97.7408070"/>
 <node id="8975896071" visible="true" version="1" changeset="109056934" timestamp="2021-08-03T02:50:59Z" user="EricTheLinguist" uid="2259690" lat="30.2528420" lon="-97.7406640"/>
 <node id="8975896072" visible="true" version="2" changeset="109293696" timestamp="2021-08-07T05:41:20Z" user="EricTheLinguist" uid="2259690" lat="30.2530205" lon="-97.7406194"/>
 <node id="8975896073" visible="true" version="1" changeset="109056934" timestamp="2021-08-03T02:50:59Z" user="EricTheLinguist" uid="2259690" lat="30.2530235" lon="-97.7405225"/>
 <node id="8975896074" visible="true" version="1" changeset="109056934" timestamp="2021-08-03T02:50:59Z" user="EricTheLinguist" uid="2259690" lat="30.2529734" lon="-97.7405043"/>
 <node id="8975896075" visible="true" version="1" changeset="109056934" timestamp="2021-08-03T02:50:59Z" user="EricTheLinguist" uid="2259690" lat="30.2529311" lon="-97.7405241"/>
 <node id="8975896076" visible="true" version="1" changeset="109056934" timestamp="2021-08-03T02:50:59Z" user="EricTheLinguist" uid="2259690" lat="30.2528819" lon="-97.7405411"/>
 <node id="8975896080" visible="true" version="1" changeset="109056934" timestamp="2021-08-03T02:50:59Z" user="EricTheLinguist" uid="2259690" lat="30.2527915" lon="-97.7403541"/>
 <node id="8975896081" visible="true" version="1" changeset="109056934" timestamp="2021-08-03T02:50:59Z" user="EricTheLinguist" uid="2259690" lat="30.2528333" lon="-97.7402868"/>
 <node id="8975896083" visible="true" version="1" changeset="109056934" timestamp="2021-08-03T02:50:59Z" user="EricTheLinguist" uid="2259690" lat="30.2530578" lon="-97.7405933"/>
 <node id="8975896084" visible="true" version="1" changeset="109056934" timestamp="2021-08-03T02:50:59Z" user="EricTheLinguist" uid="2259690" lat="30.2530599" lon="-97.7405598"/>
 <node id="8975896085" visible="true" version="1" changeset="109056934" timestamp="2021-08-03T02:50:59Z" user="EricTheLinguist" uid="2259690" lat="30.2526711" lon="-97.7403597"/>
 <node id="8975896092" visible="true" version="1" changeset="109056934" timestamp="2021-08-03T02:50:59Z" user="EricTheLinguist" uid="2259690" lat="30.2528501" lon="-97.7403804"/>
 <node id="8975896093" visible="true" version="1" changeset="109056934" timestamp="2021-08-03T02:50:59Z" user="EricTheLinguist" uid="2259690" lat="30.2528988" lon="-97.7403846"/>
 <node id="8975896094" visible="true" version="1" changeset="109056934" timestamp="2021-08-03T02:50:59Z" user="EricTheLinguist" uid="2259690" lat="30.2529059" lon="-97.7404286"/>
 <node id="8975896095" visible="true" version="1" changeset="109056934" timestamp="2021-08-03T02:50:59Z" user="EricTheLinguist" uid="2259690" lat="30.2529062" lon="-97.7404798"/>
 <node id="8975896096" visible="true" version="1" changeset="109056934" timestamp="2021-08-03T02:50:59Z" user="EricTheLinguist" uid="2259690" lat="30.2528700" lon="-97.7405106"/>
 <node id="8975896100" visible="true" version="2" changeset="109293696" timestamp="2021-08-07T05:41:20Z" user="EricTheLinguist" uid="2259690" lat="30.2526237" lon="-97.7403498"/>
 <node id="8975896101" visible="true" version="2" changeset="109293696" timestamp="2021-08-07T05:41:20Z" user="EricTheLinguist" uid="2259690" lat="30.2525955" lon="-97.7403661"/>
 <node id="8975896102" visible="true" version="2" changeset="109293696" timestamp="2021-08-07T05:41:20Z" user="EricTheLinguist" uid="2259690" lat="30.2525713" lon="-97.7403616"/>
 <node id="8975896103" visible="true" version="1" changeset="109056934" timestamp="2021-08-03T02:50:59Z" user="EricTheLinguist" uid="2259690" lat="30.2522512" lon="-97.7403320"/>
 <node id="8975896123" visible="true" version="2" changeset="109293696" timestamp="2021-08-07T05:41:20Z" user="EricTheLinguist" uid="2259690" lat="30.2528449" lon="-97.7403508"/>
 <node id="8975896125" visible="true" version="1" changeset="109056934" timestamp="2021-08-03T02:50:59Z" user="EricTheLinguist" uid="2259690" lat="30.2509520" lon="-97.7388296"/>
 <node id="8975896126" visible="true" version="1" changeset="109056934" timestamp="2021-08-03T02:50:59Z" user="EricTheLinguist" uid="2259690" lat="30.2506695" lon="-97.7380571"/>
 <node id="8975896127" visible="true" version="1" changeset="109056934" timestamp="2021-08-03T02:50:59Z" user="EricTheLinguist" uid="2259690" lat="30.2506250" lon="-97.7378781"/>
 <node id="8975896128" visible="true" version="1" changeset="109056934" timestamp="2021-08-03T02:50:59Z" user="EricTheLinguist" uid="2259690" lat="30.2497489" lon="-97.7360084"/>
 <node id="8975896129" visible="true" version="1" changeset="109056934" timestamp="2021-08-03T02:50:59Z" user="EricTheLinguist" uid="2259690" lat="30.2498342" lon="-97.7362325"/>
 <node id="8975896130" visible="true" version="1" changeset="109056934" timestamp="2021-08-03T02:50:59Z" user="EricTheLinguist" uid="2259690" lat="30.2499206" lon="-97.7363884"/>
 <node id="8975896138" visible="true" version="1" changeset="109056934" timestamp="2021-08-03T02:50:59Z" user="EricTheLinguist" uid="2259690" lat="30.2537654" lon="-97.7417142"/>
 <node id="8975896141" visible="true" version="1" changeset="109056934" timestamp="2021-08-03T02:50:59Z" user="EricTheLinguist" uid="2259690" lat="30.2536508" lon="-97.7416860"/>
 <node id="8975896142" visible="true" version="1" changeset="109056934" timestamp="2021-08-03T02:50:59Z" user="EricTheLinguist" uid="2259690" lat="30.2536554" lon="-97.7416578"/>
 <node id="8975896143" visible="true" version="1" changeset="109056934" timestamp="2021-08-03T02:50:59Z" user="EricTheLinguist" uid="2259690" lat="30.2536555" lon="-97.7416237"/>
 <node id="8975896144" visible="true" version="1" changeset="109056934" timestamp="2021-08-03T02:50:59Z" user="EricTheLinguist" uid="2259690" lat="30.2535794" lon="-97.7416040"/>
 <node id="8975896145" visible="true" version="1" changeset="109056934" timestamp="2021-08-03T02:50:59Z" user="EricTheLinguist" uid="2259690" lat="30.2535451" lon="-97.7416099"/>
 <node id="8975896146" visible="true" version="1" changeset="109056934" timestamp="2021-08-03T02:50:59Z" user="EricTheLinguist" uid="2259690" lat="30.2535270" lon="-97.7415832"/>
 <node id="8975896147" visible="true" version="1" changeset="109056934" timestamp="2021-08-03T02:50:59Z" user="EricTheLinguist" uid="2259690" lat="30.2537455" lon="-97.7417290"/>
 <node id="8975934077" visible="true" version="1" changeset="109057818" timestamp="2021-08-03T03:28:17Z" user="EricTheLinguist" uid="2259690" lat="30.2587901" lon="-97.7417443"/>
 <node id="8975934078" visible="true" version="1" changeset="109057818" timestamp="2021-08-03T03:28:17Z" user="EricTheLinguist" uid="2259690" lat="30.2588679" lon="-97.7418262"/>
 <node id="8975934083" visible="true" version="2" changeset="183606600" timestamp="2026-06-03T17:38:34Z" user="EricTheLinguist" uid="2259690" lat="30.2596868" lon="-97.7418235"/>
 <node id="8975934090" visible="true" version="2" changeset="183606600" timestamp="2026-06-03T17:38:34Z" user="EricTheLinguist" uid="2259690" lat="30.2596628" lon="-97.7417964"/>
 <node id="8975934101" visible="true" version="1" changeset="109057818" timestamp="2021-08-03T03:28:17Z" user="EricTheLinguist" uid="2259690" lat="30.2587887" lon="-97.7416137"/>
 <node id="8975934104" visible="true" version="2" changeset="109371208" timestamp="2021-08-09T03:04:54Z" user="EricTheLinguist" uid="2259690" lat="30.2587089" lon="-97.7416171"/>
 <node id="8975934107" visible="true" version="1" changeset="109057818" timestamp="2021-08-03T03:28:17Z" user="EricTheLinguist" uid="2259690" lat="30.2589285" lon="-97.7418288"/>
 <node id="8975934108" visible="true" version="1" changeset="109057818" timestamp="2021-08-03T03:28:17Z" user="EricTheLinguist" uid="2259690" lat="30.2587821" lon="-97.7416790"/>
 <node id="8975934109" visible="true" version="1" changeset="109057818" timestamp="2021-08-03T03:28:17Z" user="EricTheLinguist" uid="2259690" lat="30.2588248" lon="-97.7417934"/>
 <node id="8975934110" visible="true" version="3" changeset="183606600" timestamp="2026-06-03T17:38:34Z" user="EricTheLinguist" uid="2259690" lat="30.2594577" lon="-97.7418769"/>
 <node id="8975934112" visible="true" version="2" changeset="183606600" timestamp="2026-06-03T17:38:34Z" user="EricTheLinguist" uid="2259690" lat="30.2595175" lon="-97.7418300"/>
 <node id="8975934113" visible="true" version="2" changeset="183606600" timestamp="2026-06-03T17:38:34Z" user="EricTheLinguist" uid="2259690" lat="30.2595637" lon="-97.7417917"/>
 <node id="8975934115" visible="true" version="1" changeset="109057818" timestamp="2021-08-03T03:28:17Z" user="EricTheLinguist" uid="2259690" lat="30.2589891" lon="-97.7418079"/>
 <node id="8975934116" visible="true" version="2" changeset="109371208" timestamp="2021-08-09T03:04:54Z" user="EricTheLinguist" uid="2259690" lat="30.2593384" lon="-97.7420252"/>
 <node id="8975934117" visible="true" version="2" changeset="109371208" timestamp="2021-08-09T03:04:54Z" user="EricTheLinguist" uid="2259690" lat="30.2592681" lon="-97.7420196"/>
 <node id="8975934118" visible="true" version="2" changeset="109371208" timestamp="2021-08-09T03:04:54Z" user="EricTheLinguist" uid="2259690" lat="30.2592134" lon="-97.7419252"/>
 <node id="8975934119" visible="true" version="1" changeset="109057818" timestamp="2021-08-03T03:28:17Z" user="EricTheLinguist" uid="2259690" lat="30.2592015" lon="-97.7417991"/>
 <node id="8975934120" visible="true" version="1" changeset="109057818" timestamp="2021-08-03T03:28:17Z" user="EricTheLinguist" uid="2259690" lat="30.2590346" lon="-97.7418217"/>
 <node id="8975934121" visible="true" version="1" changeset="109057818" timestamp="2021-08-03T03:28:17Z" user="EricTheLinguist" uid="2259690" lat="30.2590707" lon="-97.7418167"/>
 <node id="8975934122" visible="true" version="1" changeset="109057818" timestamp="2021-08-03T03:28:17Z" user="EricTheLinguist" uid="2259690" lat="30.2591301" lon="-97.7418005"/>
 <node id="8977391293" visible="true" version="1" changeset="109098313" timestamp="2021-08-03T14:13:29Z" user="EricTheLinguist" uid="2259690" lat="30.2598184" lon="-97.7417108"/>
 <node id="8977391294" visible="true" version="1" changeset="109098313" timestamp="2021-08-03T14:13:29Z" user="EricTheLinguist" uid="2259690" lat="30.2598068" lon="-97.7417348"/>
 <node id="8977391295" visible="true" version="1" changeset="109098313" timestamp="2021-08-03T14:13:29Z" user="EricTheLinguist" uid="2259690" lat="30.2597985" lon="-97.7417644"/>
 <node id="8977391296" visible="true" version="1" changeset="109098313" timestamp="2021-08-03T14:13:29Z" user="EricTheLinguist" uid="2259690" lat="30.2597915" lon="-97.7417866"/>
 <node id="8977391297" visible="true" version="1" changeset="109098313" timestamp="2021-08-03T14:13:29Z" user="EricTheLinguist" uid="2259690" lat="30.2597821" lon="-97.7418036"/>
 <node id="8977391298" visible="true" version="1" changeset="109098313" timestamp="2021-08-03T14:13:29Z" user="EricTheLinguist" uid="2259690" lat="30.2597625" lon="-97.7418083"/>
 <node id="8977391299" visible="true" version="1" changeset="109098313" timestamp="2021-08-03T14:13:29Z" user="EricTheLinguist" uid="2259690" lat="30.2597587" lon="-97.7417942"/>
 <node id="8977391300" visible="true" version="1" changeset="109098313" timestamp="2021-08-03T14:13:29Z" user="EricTheLinguist" uid="2259690" lat="30.2597450" lon="-97.7417545"/>
 <node id="8977391321" visible="true" version="1" changeset="109098313" timestamp="2021-08-03T14:13:29Z" user="EricTheLinguist" uid="2259690" lat="30.2542721" lon="-97.7391360"/>
 <node id="8977391322" visible="true" version="1" changeset="109098313" timestamp="2021-08-03T14:13:29Z" user="EricTheLinguist" uid="2259690" lat="30.2559113" lon="-97.7402334"/>
 <node id="8977433367" visible="true" version="2" changeset="183510518" timestamp="2026-06-01T17:19:12Z" user="EricTheLinguist" uid="2259690" lat="30.2601489" lon="-97.7420412"/>
 <node id="8977433368" visible="true" version="1" changeset="109099760" timestamp="2021-08-03T14:46:59Z" user="EricTheLinguist" uid="2259690" lat="30.2601626" lon="-97.7420272"/>
 <node id="8977433369" visible="true" version="1" changeset="109099760" timestamp="2021-08-03T14:46:59Z" user="EricTheLinguist" uid="2259690" lat="30.2601716" lon="-97.7420276"/>
 <node id="8977433370" visible="true" version="1" changeset="109099760" timestamp="2021-08-03T14:46:59Z" user="EricTheLinguist" uid="2259690" lat="30.2601958" lon="-97.7420340"/>
 <node id="8977433371" visible="true" version="1" changeset="109099760" timestamp="2021-08-03T14:46:59Z" user="EricTheLinguist" uid="2259690" lat="30.2602110" lon="-97.7420153"/>
 <node id="8977444431" visible="true" version="1" changeset="109099760" timestamp="2021-08-03T14:46:59Z" user="EricTheLinguist" uid="2259690" lat="30.2541993" lon="-97.7394186"/>
 <node id="8977444434" visible="true" version="1" changeset="109099760" timestamp="2021-08-03T14:46:59Z" user="EricTheLinguist" uid="2259690" lat="30.2541689" lon="-97.7393686"/>
 <node id="8977444435" visible="true" version="1" changeset="109099760" timestamp="2021-08-03T14:46:59Z" user="EricTheLinguist" uid="2259690" lat="30.2541645" lon="-97.7393622"/>
 <node id="8977444438" visible="true" version="1" changeset="109099760" timestamp="2021-08-03T14:46:59Z" user="EricTheLinguist" uid="2259690" lat="30.2541617" lon="-97.7393457"/>
 <node id="8977444439" visible="true" version="1" changeset="109099760" timestamp="2021-08-03T14:46:59Z" user="EricTheLinguist" uid="2259690" lat="30.2541628" lon="-97.7393315"/>
 <node id="8977444440" visible="true" version="1" changeset="109099760" timestamp="2021-08-03T14:46:59Z" user="EricTheLinguist" uid="2259690" lat="30.2541651" lon="-97.7393178"/>
 <node id="8977444441" visible="true" version="1" changeset="109099760" timestamp="2021-08-03T14:46:59Z" user="EricTheLinguist" uid="2259690" lat="30.2541610" lon="-97.7392943"/>
 <node id="8977444442" visible="true" version="1" changeset="109099760" timestamp="2021-08-03T14:46:59Z" user="EricTheLinguist" uid="2259690" lat="30.2541621" lon="-97.7392802"/>
 <node id="8977444443" visible="true" version="1" changeset="109099760" timestamp="2021-08-03T14:46:59Z" user="EricTheLinguist" uid="2259690" lat="30.2541665" lon="-97.7392694"/>
 <node id="8977444444" visible="true" version="1" changeset="109099760" timestamp="2021-08-03T14:46:59Z" user="EricTheLinguist" uid="2259690" lat="30.2541986" lon="-97.7392239"/>
 <node id="8977444459" visible="true" version="1" changeset="109099760" timestamp="2021-08-03T14:46:59Z" user="EricTheLinguist" uid="2259690" lat="30.2542230" lon="-97.7391854"/>
 <node id="8977444461" visible="true" version="1" changeset="109099760" timestamp="2021-08-03T14:46:59Z" user="EricTheLinguist" uid="2259690" lat="30.2544445" lon="-97.7396086"/>
 <node id="8977444466" visible="true" version="1" changeset="109099760" timestamp="2021-08-03T14:46:59Z" user="EricTheLinguist" uid="2259690" lat="30.2543733" lon="-97.7395576"/>
 <node id="8977444474" visible="true" version="1" changeset="109099760" timestamp="2021-08-03T14:46:59Z" user="EricTheLinguist" uid="2259690" lat="30.2625919" lon="-97.7447169"/>
 <node id="8984143845" visible="true" version="1" changeset="109219472" timestamp="2021-08-05T19:46:24Z" user="EricTheLinguist" uid="2259690" lat="30.2650866" lon="-97.7513201"/>
 <node id="8984143851" visible="true" version="1" changeset="109219472" timestamp="2021-08-05T19:46:24Z" user="EricTheLinguist" uid="2259690" lat="30.2639691" lon="-97.7492819"/>
 <node id="8984143852" visible="true" version="1" changeset="109219472" timestamp="2021-08-05T19:46:24Z" user="EricTheLinguist" uid="2259690" lat="30.2639252" lon="-97.7492618"/>
 <node id="8984143853" visible="true" version="1" changeset="109219472" timestamp="2021-08-05T19:46:24Z" user="EricTheLinguist" uid="2259690" lat="30.2638787" lon="-97.7492370"/>
 <node id="8984143854" visible="true" version="1" changeset="109219472" timestamp="2021-08-05T19:46:24Z" user="EricTheLinguist" uid="2259690" lat="30.2638590" lon="-97.7492110"/>
 <node id="8984143855" visible="true" version="1" changeset="109219472" timestamp="2021-08-05T19:46:24Z" user="EricTheLinguist" uid="2259690" lat="30.2638465" lon="-97.7491416"/>
 <node id="8984143856" visible="true" version="1" changeset="109219472" timestamp="2021-08-05T19:46:24Z" user="EricTheLinguist" uid="2259690" lat="30.2638401" lon="-97.7490574"/>
 <node id="8984143857" visible="true" version="1" changeset="109219472" timestamp="2021-08-05T19:46:24Z" user="EricTheLinguist" uid="2259690" lat="30.2638308" lon="-97.7490063"/>
 <node id="8984143858" visible="true" version="1" changeset="109219472" timestamp="2021-08-05T19:46:24Z" user="EricTheLinguist" uid="2259690" lat="30.2638266" lon="-97.7489328"/>
 <node id="8984143859" visible="true" version="1" changeset="109219472" timestamp="2021-08-05T19:46:24Z" user="EricTheLinguist" uid="2259690" lat="30.2638148" lon="-97.7488802"/>
 <node id="8984143860" visible="true" version="1" changeset="109219472" timestamp="2021-08-05T19:46:24Z" user="EricTheLinguist" uid="2259690" lat="30.2638154" lon="-97.7488492"/>
 <node id="8984143861" visible="true" version="1" changeset="109219472" timestamp="2021-08-05T19:46:24Z" user="EricTheLinguist" uid="2259690" lat="30.2638278" lon="-97.7488551"/>
 <node id="8984143862" visible="true" version="1" changeset="109219472" timestamp="2021-08-05T19:46:24Z" user="EricTheLinguist" uid="2259690" lat="30.2638574" lon="-97.7489070"/>
 <node id="8984143863" visible="true" version="1" changeset="109219472" timestamp="2021-08-05T19:46:24Z" user="EricTheLinguist" uid="2259690" lat="30.2639020" lon="-97.7489905"/>
 <node id="8984143864" visible="true" version="1" changeset="109219472" timestamp="2021-08-05T19:46:24Z" user="EricTheLinguist" uid="2259690" lat="30.2639934" lon="-97.7493044"/>
 <node id="8984143885" visible="true" version="1" changeset="109219472" timestamp="2021-08-05T19:46:24Z" user="EricTheLinguist" uid="2259690" lat="30.2640059" lon="-97.7493003"/>
 <node id="8984143886" visible="true" version="1" changeset="109219472" timestamp="2021-08-05T19:46:24Z" user="EricTheLinguist" uid="2259690" lat="30.2640115" lon="-97.7492872"/>
 <node id="8984143887" visible="true" version="1" changeset="109219472" timestamp="2021-08-05T19:46:24Z" user="EricTheLinguist" uid="2259690" lat="30.2640149" lon="-97.7492470"/>
 <node id="8984143888" visible="true" version="1" changeset="109219472" timestamp="2021-08-05T19:46:24Z" user="EricTheLinguist" uid="2259690" lat="30.2640018" lon="-97.7491983"/>
 <node id="8984143889" visible="true" version="1" changeset="109219472" timestamp="2021-08-05T19:46:24Z" user="EricTheLinguist" uid="2259690" lat="30.2639732" lon="-97.7491217"/>
 <node id="8984143890" visible="true" version="1" changeset="109219472" timestamp="2021-08-05T19:46:24Z" user="EricTheLinguist" uid="2259690" lat="30.2639431" lon="-97.7490386"/>
 <node id="8984143892" visible="true" version="1" changeset="109219472" timestamp="2021-08-05T19:46:24Z" user="EricTheLinguist" uid="2259690" lat="30.2652161" lon="-97.7513509"/>
 <node id="8984143899" visible="true" version="1" changeset="109219472" timestamp="2021-08-05T19:46:24Z" user="EricTheLinguist" uid="2259690" lat="30.2651520" lon="-97.7512705"/>
 <node id="8984143901" visible="true" version="1" changeset="109219472" timestamp="2021-08-05T19:46:24Z" user="EricTheLinguist" uid="2259690" lat="30.2651904" lon="-97.7513813"/>
 <node id="8984143902" visible="true" version="1" changeset="109219472" timestamp="2021-08-05T19:46:24Z" user="EricTheLinguist" uid="2259690" lat="30.2651499" lon="-97.7514023"/>
 <node id="8984143903" visible="true" version="1" changeset="109219472" timestamp="2021-08-05T19:46:24Z" user="EricTheLinguist" uid="2259690" lat="30.2650981" lon="-97.7514284"/>
 <node id="8984143904" visible="true" version="1" changeset="109219472" timestamp="2021-08-05T19:46:24Z" user="EricTheLinguist" uid="2259690" lat="30.2651184" lon="-97.7512895"/>
 <node id="8984143905" visible="true" version="1" changeset="109219472" timestamp="2021-08-05T19:46:24Z" user="EricTheLinguist" uid="2259690" lat="30.2650499" lon="-97.7513634"/>
 <node id="8984143906" visible="true" version="1" changeset="109219472" timestamp="2021-08-05T19:46:24Z" user="EricTheLinguist" uid="2259690" lat="30.2650089" lon="-97.7513940"/>
 <node id="8984143907" visible="true" version="1" changeset="109219472" timestamp="2021-08-05T19:46:24Z" user="EricTheLinguist" uid="2259690" lat="30.2649573" lon="-97.7514233"/>
 <node id="8984143908" visible="true" version="1" changeset="109219472" timestamp="2021-08-05T19:46:24Z" user="EricTheLinguist" uid="2259690" lat="30.2650531" lon="-97.7514495"/>
 <node id="8984143909" visible="true" version="1" changeset="109219472" timestamp="2021-08-05T19:46:24Z" user="EricTheLinguist" uid="2259690" lat="30.2650066" lon="-97.7514582"/>
 <node id="8984143910" visible="true" version="1" changeset="109219472" timestamp="2021-08-05T19:46:24Z" user="EricTheLinguist" uid="2259690" lat="30.2649720" lon="-97.7514618"/>
 <node id="8984143911" visible="true" version="1" changeset="109219472" timestamp="2021-08-05T19:46:24Z" user="EricTheLinguist" uid="2259690" lat="30.2649400" lon="-97.7514595"/>
 <node id="8984143912" visible="true" version="1" changeset="109219472" timestamp="2021-08-05T19:46:24Z" user="EricTheLinguist" uid="2259690" lat="30.2649204" lon="-97.7514462"/>
 <node id="8984143913" visible="true" version="1" changeset="109219472" timestamp="2021-08-05T19:46:24Z" user="EricTheLinguist" uid="2259690" lat="30.2649311" lon="-97.7514241"/>
 <node id="8984143937" visible="true" version="1" changeset="109219472" timestamp="2021-08-05T19:46:24Z" user="EricTheLinguist" uid="2259690" lat="30.2649463" lon="-97.7515961"/>
 <node id="8984143944" visible="true" version="1" changeset="109219472" timestamp="2021-08-05T19:46:24Z" user="EricTheLinguist" uid="2259690" lat="30.2651333" lon="-97.7514106"/>
 <node id="8984143980" visible="true" version="1" changeset="109219472" timestamp="2021-08-05T19:46:24Z" user="EricTheLinguist" uid="2259690" lat="30.2641048" lon="-97.7499804"/>
 <node id="8984143981" visible="true" version="1" changeset="109219472" timestamp="2021-08-05T19:46:24Z" user="EricTheLinguist" uid="2259690" lat="30.2641626" lon="-97.7499494"/>
 <node id="8984143984" visible="true" version="1" changeset="109219472" timestamp="2021-08-05T19:46:24Z" user="EricTheLinguist" uid="2259690" lat="30.2644588" lon="-97.7511935"/>
 <node id="8984143985" visible="true" version="1" changeset="109219472" timestamp="2021-08-05T19:46:24Z" user="EricTheLinguist" uid="2259690" lat="30.2643856" lon="-97.7510209"/>
 <node id="8984143986" visible="true" version="1" changeset="109219472" timestamp="2021-08-05T19:46:24Z" user="EricTheLinguist" uid="2259690" lat="30.2643297" lon="-97.7508597"/>
 <node id="8984143987" visible="true" version="1" changeset="109219472" timestamp="2021-08-05T19:46:24Z" user="EricTheLinguist" uid="2259690" lat="30.2642742" lon="-97.7502163"/>
 <node id="8984144007" visible="true" version="1" changeset="109219472" timestamp="2021-08-05T19:46:24Z" user="EricTheLinguist" uid="2259690" lat="30.2643069" lon="-97.7507948"/>
 <node id="8984144017" visible="true" version="1" changeset="109219472" timestamp="2021-08-05T19:46:24Z" user="EricTheLinguist" uid="2259690" lat="30.2647867" lon="-97.7519412"/>
 <node id="8984144018" visible="true" version="1" changeset="109219472" timestamp="2021-08-05T19:46:24Z" user="EricTheLinguist" uid="2259690" lat="30.2648823" lon="-97.7520354"/>
 <node id="8984144019" visible="true" version="1" changeset="109219472" timestamp="2021-08-05T19:46:24Z" user="EricTheLinguist" uid="2259690" lat="30.2649544" lon="-97.7520910"/>
 <node id="8984144020" visible="true" version="1" changeset="109219472" timestamp="2021-08-05T19:46:24Z" user="EricTheLinguist" uid="2259690" lat="30.2650171" lon="-97.7520873"/>
 <node id="8984144021" visible="true" version="1" changeset="109219472" timestamp="2021-08-05T19:46:24Z" user="EricTheLinguist" uid="2259690" lat="30.2650474" lon="-97.7521011"/>
 <node id="8984144022" visible="true" version="1" changeset="109219472" timestamp="2021-08-05T19:46:24Z" user="EricTheLinguist" uid="2259690" lat="30.2650587" lon="-97.7521289"/>
 <node id="8984144023" visible="true" version="1" changeset="109219472" timestamp="2021-08-05T19:46:24Z" user="EricTheLinguist" uid="2259690" lat="30.2650474" lon="-97.7521633"/>
 <node id="8984144024" visible="true" version="1" changeset="109219472" timestamp="2021-08-05T19:46:24Z" user="EricTheLinguist" uid="2259690" lat="30.2650231" lon="-97.7521742"/>
 <node id="8984144025" visible="true" version="1" changeset="109219472" timestamp="2021-08-05T19:46:24Z" user="EricTheLinguist" uid="2259690" lat="30.2650013" lon="-97.7522040"/>
 <node id="8984144062" visible="true" version="2" changeset="109542424" timestamp="2021-08-12T02:03:55Z" user="EricTheLinguist" uid="2259690" lat="30.2644802" lon="-97.7501318"/>
 <node id="8984144064" visible="true" version="1" changeset="109219472" timestamp="2021-08-05T19:46:24Z" user="EricTheLinguist" uid="2259690" lat="30.2642846" lon="-97.7502481"/>
 <node id="8984144077" visible="true" version="1" changeset="109219472" timestamp="2021-08-05T19:46:24Z" user="EricTheLinguist" uid="2259690" lat="30.2646005" lon="-97.7512044"/>
 <node id="8984144078" visible="true" version="1" changeset="109219472" timestamp="2021-08-05T19:46:24Z" user="EricTheLinguist" uid="2259690" lat="30.2648058" lon="-97.7514815"/>
 <node id="8984144146" visible="true" version="1" changeset="109219472" timestamp="2021-08-05T19:46:24Z" user="EricTheLinguist" uid="2259690" lat="30.2644380" lon="-97.7512637"/>
 <node id="8984144147" visible="true" version="1" changeset="109219472" timestamp="2021-08-05T19:46:24Z" user="EricTheLinguist" uid="2259690" lat="30.2644453" lon="-97.7512268"/>
 <node id="8984144148" visible="true" version="1" changeset="109219472" timestamp="2021-08-05T19:46:24Z" user="EricTheLinguist" uid="2259690" lat="30.2645309" lon="-97.7514845"/>
 <node id="8984144149" visible="true" version="1" changeset="109219472" timestamp="2021-08-05T19:46:24Z" user="EricTheLinguist" uid="2259690" lat="30.2646522" lon="-97.7517348"/>
 <node id="8984144152" visible="true" version="1" changeset="109219472" timestamp="2021-08-05T19:46:24Z" user="EricTheLinguist" uid="2259690" lat="30.2649855" lon="-97.7522790"/>
 <node id="8984144153" visible="true" version="1" changeset="109219472" timestamp="2021-08-05T19:46:24Z" user="EricTheLinguist" uid="2259690" lat="30.2649793" lon="-97.7522807"/>
 <node id="8984144154" visible="true" version="1" changeset="109219472" timestamp="2021-08-05T19:46:24Z" user="EricTheLinguist" uid="2259690" lat="30.2650125" lon="-97.7522518"/>
 <node id="8984144194" visible="true" version="1" changeset="109219472" timestamp="2021-08-05T19:46:24Z" user="EricTheLinguist" uid="2259690" lat="30.2646557" lon="-97.7517402"/>
 <node id="8984310155" visible="true" version="1" changeset="109223718" timestamp="2021-08-05T22:01:41Z" user="EricTheLinguist" uid="2259690" lat="30.2641984" lon="-97.7548190"/>
 <node id="8984310156" visible="true" version="1" changeset="109223718" timestamp="2021-08-05T22:01:41Z" user="EricTheLinguist" uid="2259690" lat="30.2641590" lon="-97.7548113"/>
 <node id="8984310157" visible="true" version="1" changeset="109223718" timestamp="2021-08-05T22:01:41Z" user="EricTheLinguist" uid="2259690" lat="30.2641260" lon="-97.7547883"/>
 <node id="8984310158" visible="true" version="1" changeset="109223718" timestamp="2021-08-05T22:01:41Z" user="EricTheLinguist" uid="2259690" lat="30.2640731" lon="-97.7548099"/>
 <node id="8984310159" visible="true" version="1" changeset="109223718" timestamp="2021-08-05T22:01:41Z" user="EricTheLinguist" uid="2259690" lat="30.2642851" lon="-97.7549858"/>
 <node id="8984310160" visible="true" version="1" changeset="109223718" timestamp="2021-08-05T22:01:41Z" user="EricTheLinguist" uid="2259690" lat="30.2644945" lon="-97.7556127"/>
 <node id="8984310161" visible="true" version="1" changeset="109223718" timestamp="2021-08-05T22:01:41Z" user="EricTheLinguist" uid="2259690" lat="30.2645534" lon="-97.7557444"/>
 <node id="8984310162" visible="true" version="1" changeset="109223718" timestamp="2021-08-05T22:01:41Z" user="EricTheLinguist" uid="2259690" lat="30.2646359" lon="-97.7559707"/>
 <node id="8987009609" visible="true" version="1" changeset="109291684" timestamp="2021-08-07T04:06:14Z" user="EricTheLinguist" uid="2259690" lat="30.2541366" lon="-97.7391005"/>
 <node id="8987024727" visible="true" version="1" changeset="109291684" timestamp="2021-08-07T04:06:14Z" user="EricTheLinguist" uid="2259690" lat="30.2539390" lon="-97.7391016"/>
 <node id="8987024728" visible="true" version="1" changeset="109291684" timestamp="2021-08-07T04:06:14Z" user="EricTheLinguist" uid="2259690" lat="30.2538739" lon="-97.7390836"/>
 <node id="8987024729" visible="true" version="1" changeset="109291684" timestamp="2021-08-07T04:06:14Z" user="EricTheLinguist" uid="2259690" lat="30.2537865" lon="-97.7390446"/>
 <node id="8987024730" visible="true" version="1" changeset="109291684" timestamp="2021-08-07T04:06:14Z" user="EricTheLinguist" uid="2259690" lat="30.2535469" lon="-97.7389157"/>
 <node id="8987024731" visible="true" version="1" changeset="109291684" timestamp="2021-08-07T04:06:14Z" user="EricTheLinguist" uid="2259690" lat="30.2534077" lon="-97.7387869"/>
 <node id="8987024732" visible="true" version="1" changeset="109291684" timestamp="2021-08-07T04:06:14Z" user="EricTheLinguist" uid="2259690" lat="30.2533439" lon="-97.7387086"/>
 <node id="8987024733" visible="true" version="1" changeset="109291684" timestamp="2021-08-07T04:06:14Z" user="EricTheLinguist" uid="2259690" lat="30.2532446" lon="-97.7385425"/>
 <node id="8987024734" visible="true" version="1" changeset="109291684" timestamp="2021-08-07T04:06:14Z" user="EricTheLinguist" uid="2259690" lat="30.2532079" lon="-97.7384669"/>
 <node id="8987024735" visible="true" version="1" changeset="109291684" timestamp="2021-08-07T04:06:14Z" user="EricTheLinguist" uid="2259690" lat="30.2531163" lon="-97.7383458"/>
 <node id="8987024736" visible="true" version="1" changeset="109291684" timestamp="2021-08-07T04:06:14Z" user="EricTheLinguist" uid="2259690" lat="30.2530815" lon="-97.7383018"/>
 <node id="8987024737" visible="true" version="1" changeset="109291684" timestamp="2021-08-07T04:06:14Z" user="EricTheLinguist" uid="2259690" lat="30.2530777" lon="-97.7382685"/>
 <node id="8987024738" visible="true" version="1" changeset="109291684" timestamp="2021-08-07T04:06:14Z" user="EricTheLinguist" uid="2259690" lat="30.2530237" lon="-97.7381968"/>
 <node id="8987024739" visible="true" version="1" changeset="109291684" timestamp="2021-08-07T04:06:14Z" user="EricTheLinguist" uid="2259690" lat="30.2529682" lon="-97.7381243"/>
 <node id="8987024740" visible="true" version="1" changeset="109291684" timestamp="2021-08-07T04:06:14Z" user="EricTheLinguist" uid="2259690" lat="30.2529449" lon="-97.7380773"/>
 <node id="8987024741" visible="true" version="1" changeset="109291684" timestamp="2021-08-07T04:06:14Z" user="EricTheLinguist" uid="2259690" lat="30.2529041" lon="-97.7380336"/>
 <node id="8987024742" visible="true" version="1" changeset="109291684" timestamp="2021-08-07T04:06:14Z" user="EricTheLinguist" uid="2259690" lat="30.2528431" lon="-97.7379575"/>
 <node id="8987024743" visible="true" version="1" changeset="109291684" timestamp="2021-08-07T04:06:14Z" user="EricTheLinguist" uid="2259690" lat="30.2526719" lon="-97.7377488"/>
 <node id="8987024744" visible="true" version="1" changeset="109291684" timestamp="2021-08-07T04:06:14Z" user="EricTheLinguist" uid="2259690" lat="30.2527227" lon="-97.7378102"/>
 <node id="8987024745" visible="true" version="1" changeset="109291684" timestamp="2021-08-07T04:06:14Z" user="EricTheLinguist" uid="2259690" lat="30.2525707" lon="-97.7376781"/>
 <node id="8987024746" visible="true" version="1" changeset="109291684" timestamp="2021-08-07T04:06:14Z" user="EricTheLinguist" uid="2259690" lat="30.2524881" lon="-97.7375808"/>
 <node id="8987024747" visible="true" version="1" changeset="109291684" timestamp="2021-08-07T04:06:14Z" user="EricTheLinguist" uid="2259690" lat="30.2520047" lon="-97.7370386"/>
 <node id="8987024751" visible="true" version="1" changeset="109291684" timestamp="2021-08-07T04:06:14Z" user="EricTheLinguist" uid="2259690" lat="30.2518935" lon="-97.7368212"/>
 <node id="8987024752" visible="true" version="1" changeset="109291684" timestamp="2021-08-07T04:06:14Z" user="EricTheLinguist" uid="2259690" lat="30.2518736" lon="-97.7367865"/>
 <node id="8987024753" visible="true" version="1" changeset="109291684" timestamp="2021-08-07T04:06:14Z" user="EricTheLinguist" uid="2259690" lat="30.2518359" lon="-97.7367491"/>
 <node id="8987024754" visible="true" version="1" changeset="109291684" timestamp="2021-08-07T04:06:14Z" user="EricTheLinguist" uid="2259690" lat="30.2517419" lon="-97.7367029"/>
 <node id="8987024755" visible="true" version="1" changeset="109291684" timestamp="2021-08-07T04:06:14Z" user="EricTheLinguist" uid="2259690" lat="30.2516387" lon="-97.7366414"/>
 <node id="8987024785" visible="true" version="1" changeset="109291684" timestamp="2021-08-07T04:06:14Z" user="EricTheLinguist" uid="2259690" lat="30.2524380" lon="-97.7374707"/>
 <node id="8987024831" visible="true" version="1" changeset="109291684" timestamp="2021-08-07T04:06:14Z" user="EricTheLinguist" uid="2259690" lat="30.2492533" lon="-97.7305883"/>
 <node id="8987024832" visible="true" version="1" changeset="109291684" timestamp="2021-08-07T04:06:14Z" user="EricTheLinguist" uid="2259690" lat="30.2492524" lon="-97.7306110"/>
 <node id="8987024833" visible="true" version="1" changeset="109291684" timestamp="2021-08-07T04:06:14Z" user="EricTheLinguist" uid="2259690" lat="30.2492866" lon="-97.7307222"/>
 <node id="8987024834" visible="true" version="1" changeset="109291684" timestamp="2021-08-07T04:06:14Z" user="EricTheLinguist" uid="2259690" lat="30.2493119" lon="-97.7307635"/>
 <node id="8987024835" visible="true" version="1" changeset="109291684" timestamp="2021-08-07T04:06:14Z" user="EricTheLinguist" uid="2259690" lat="30.2493489" lon="-97.7308491"/>
 <node id="8987024840" visible="true" version="1" changeset="109291684" timestamp="2021-08-07T04:06:14Z" user="EricTheLinguist" uid="2259690" lat="30.2510864" lon="-97.7355663"/>
 <node id="8987024842" visible="true" version="1" changeset="109291684" timestamp="2021-08-07T04:06:14Z" user="EricTheLinguist" uid="2259690" lat="30.2492751" lon="-97.7306847"/>
 <node id="8987024910" visible="true" version="1" changeset="109291684" timestamp="2021-08-07T04:06:14Z" user="EricTheLinguist" uid="2259690" lat="30.2492937" lon="-97.7307337"/>
 <node id="8987024918" visible="true" version="1" changeset="109291684" timestamp="2021-08-07T04:06:14Z" user="EricTheLinguist" uid="2259690" lat="30.2483296" lon="-97.7277588"/>
 <node id="8987024919" visible="true" version="1" changeset="109291684" timestamp="2021-08-07T04:06:14Z" user="EricTheLinguist" uid="2259690" lat="30.2485141" lon="-97.7284283"/>
 <node id="8987024920" visible="true" version="1" changeset="109291684" timestamp="2021-08-07T04:06:14Z" user="EricTheLinguist" uid="2259690" lat="30.2484111" lon="-97.7281846"/>
 <node id="8987024922" visible="true" version="1" changeset="109291684" timestamp="2021-08-07T04:06:14Z" user="EricTheLinguist" uid="2259690" lat="30.2487802" lon="-97.7290077"/>
 <node id="8987024923" visible="true" version="1" changeset="109291684" timestamp="2021-08-07T04:06:14Z" user="EricTheLinguist" uid="2259690" lat="30.2488340" lon="-97.7291722"/>
 <node id="8987024947" visible="true" version="1" changeset="109291684" timestamp="2021-08-07T04:06:14Z" user="EricTheLinguist" uid="2259690" lat="30.2492528" lon="-97.7306013"/>
 <node id="8987052005" visible="true" version="1" changeset="109292339" timestamp="2021-08-07T04:41:43Z" user="EricTheLinguist" uid="2259690" lat="30.2479330" lon="-97.7251509"/>
 <node id="8987053800" visible="true" version="1" changeset="109292339" timestamp="2021-08-07T04:41:43Z" user="EricTheLinguist" uid="2259690" lat="30.2463105" lon="-97.7208470"/>
 <node id="8987053807" visible="true" version="1" changeset="109292339" timestamp="2021-08-07T04:41:43Z" user="EricTheLinguist" uid="2259690" lat="30.2463118" lon="-97.7208429"/>
 <node id="8987053827" visible="true" version="1" changeset="109292339" timestamp="2021-08-07T04:41:43Z" user="EricTheLinguist" uid="2259690" lat="30.2457246" lon="-97.7222701"/>
 <node id="8987053828" visible="true" version="1" changeset="109292339" timestamp="2021-08-07T04:41:43Z" user="EricTheLinguist" uid="2259690" lat="30.2459177" lon="-97.7221236"/>
 <node id="8987053882" visible="true" version="1" changeset="109292339" timestamp="2021-08-07T04:41:43Z" user="EricTheLinguist" uid="2259690" lat="30.2460699" lon="-97.7224418"/>
 <node id="8987073300" visible="true" version="1" changeset="109292729" timestamp="2021-08-07T05:02:09Z" user="EricTheLinguist" uid="2259690" lat="30.2461172" lon="-97.7275779"/>
 <node id="8987073301" visible="true" version="1" changeset="109292729" timestamp="2021-08-07T05:02:09Z" user="EricTheLinguist" uid="2259690" lat="30.2461083" lon="-97.7275232"/>
 <node id="8987113533" visible="true" version="1" changeset="109293696" timestamp="2021-08-07T05:41:20Z" user="EricTheLinguist" uid="2259690" lat="30.2529820" lon="-97.7406246"/>
 <node id="8987113548" visible="true" version="1" changeset="109293696" timestamp="2021-08-07T05:41:20Z" user="EricTheLinguist" uid="2259690" lat="30.2527940" lon="-97.7402885"/>
 <node id="8987113554" visible="true" version="1" changeset="109293696" timestamp="2021-08-07T05:41:20Z" user="EricTheLinguist" uid="2259690" lat="30.2528677" lon="-97.7403819"/>
 <node id="8987113560" visible="true" version="1" changeset="109293696" timestamp="2021-08-07T05:41:20Z" user="EricTheLinguist" uid="2259690" lat="30.2529060" lon="-97.7404456"/>
 <node id="8987113573" visible="true" version="1" changeset="109293696" timestamp="2021-08-07T05:41:20Z" user="EricTheLinguist" uid="2259690" lat="30.2526643" lon="-97.7409642"/>
 <node id="8987113574" visible="true" version="1" changeset="109293696" timestamp="2021-08-07T05:41:20Z" user="EricTheLinguist" uid="2259690" lat="30.2526242" lon="-97.7408486"/>
 <node id="8987123404" visible="true" version="2" changeset="109312452" timestamp="2021-08-07T14:14:17Z" user="EricTheLinguist" uid="2259690" lat="30.2495190" lon="-97.7350505"/>
 <node id="8987123405" visible="true" version="1" changeset="109294089" timestamp="2021-08-07T05:56:47Z" user="EricTheLinguist" uid="2259690" lat="30.2495493" lon="-97.7351568"/>
 <node id="8987125925" visible="true" version="1" changeset="109294089" timestamp="2021-08-07T05:56:47Z" user="EricTheLinguist" uid="2259690" lat="30.2492535" lon="-97.7347640"/>
 <node id="8987125926" visible="true" version="2" changeset="109312452" timestamp="2021-08-07T14:14:17Z" user="EricTheLinguist" uid="2259690" lat="30.2494268" lon="-97.7349141"/>
 <node id="8987910810" visible="true" version="1" changeset="109312452" timestamp="2021-08-07T14:14:17Z" user="EricTheLinguist" uid="2259690" lat="30.2466446" lon="-97.7290436"/>
 <node id="8987910813" visible="true" version="1" changeset="109312452" timestamp="2021-08-07T14:14:17Z" user="EricTheLinguist" uid="2259690" lat="30.2462711" lon="-97.7281171"/>
 <node id="8987910814" visible="true" version="1" changeset="109312452" timestamp="2021-08-07T14:14:17Z" user="EricTheLinguist" uid="2259690" lat="30.2462435" lon="-97.7281440"/>
 <node id="8987910815" visible="true" version="1" changeset="109312452" timestamp="2021-08-07T14:14:17Z" user="EricTheLinguist" uid="2259690" lat="30.2462360" lon="-97.7281640"/>
 <node id="8987910816" visible="true" version="1" changeset="109312452" timestamp="2021-08-07T14:14:17Z" user="EricTheLinguist" uid="2259690" lat="30.2462033" lon="-97.7281490"/>
 <node id="8987975517" visible="true" version="1" changeset="109312452" timestamp="2021-08-07T14:14:17Z" user="EricTheLinguist" uid="2259690" lat="30.2461711" lon="-97.7281758"/>
 <node id="8987975522" visible="true" version="1" changeset="109312452" timestamp="2021-08-07T14:14:17Z" user="EricTheLinguist" uid="2259690" lat="30.2462498" lon="-97.7281275"/>
 <node id="8987975523" visible="true" version="1" changeset="109312452" timestamp="2021-08-07T14:14:17Z" user="EricTheLinguist" uid="2259690" lat="30.2462628" lon="-97.7281174"/>
 <node id="8987975524" visible="true" version="1" changeset="109312452" timestamp="2021-08-07T14:14:17Z" user="EricTheLinguist" uid="2259690" lat="30.2467039" lon="-97.7291908"/>
 <node id="8987975525" visible="true" version="1" changeset="109312452" timestamp="2021-08-07T14:14:17Z" user="EricTheLinguist" uid="2259690" lat="30.2467721" lon="-97.7293526"/>
 <node id="8987975526" visible="true" version="1" changeset="109312452" timestamp="2021-08-07T14:14:17Z" user="EricTheLinguist" uid="2259690" lat="30.2468283" lon="-97.7294855"/>
 <node id="8987975527" visible="true" version="1" changeset="109312452" timestamp="2021-08-07T14:14:17Z" user="EricTheLinguist" uid="2259690" lat="30.2467628" lon="-97.7293305"/>
 <node id="8987975528" visible="true" version="1" changeset="109312452" timestamp="2021-08-07T14:14:17Z" user="EricTheLinguist" uid="2259690" lat="30.2468614" lon="-97.7295621"/>
 <node id="8987975541" visible="true" version="1" changeset="109312452" timestamp="2021-08-07T14:14:17Z" user="EricTheLinguist" uid="2259690" lat="30.2464942" lon="-97.7286698"/>
 <node id="8987975542" visible="true" version="1" changeset="109312452" timestamp="2021-08-07T14:14:17Z" user="EricTheLinguist" uid="2259690" lat="30.2465041" lon="-97.7286944"/>
 <node id="8987975551" visible="true" version="1" changeset="109312452" timestamp="2021-08-07T14:14:17Z" user="EricTheLinguist" uid="2259690" lat="30.2463249" lon="-97.7282491"/>
 <node id="8987975553" visible="true" version="1" changeset="109312452" timestamp="2021-08-07T14:14:17Z" user="EricTheLinguist" uid="2259690" lat="30.2470189" lon="-97.7299261"/>
 <node id="8987975554" visible="true" version="1" changeset="109312452" timestamp="2021-08-07T14:14:17Z" user="EricTheLinguist" uid="2259690" lat="30.2467835" lon="-97.7293795"/>
 <node id="8987975567" visible="true" version="1" changeset="109312452" timestamp="2021-08-07T14:14:17Z" user="EricTheLinguist" uid="2259690" lat="30.2464969" lon="-97.7286765"/>
 <node id="8987975601" visible="true" version="1" changeset="109312452" timestamp="2021-08-07T14:14:17Z" user="EricTheLinguist" uid="2259690" lat="30.2473947" lon="-97.7307095"/>
 <node id="8987975604" visible="true" version="1" changeset="109312452" timestamp="2021-08-07T14:14:17Z" user="EricTheLinguist" uid="2259690" lat="30.2472306" lon="-97.7303952"/>
 <node id="8987975605" visible="true" version="1" changeset="109312452" timestamp="2021-08-07T14:14:17Z" user="EricTheLinguist" uid="2259690" lat="30.2471580" lon="-97.7302468"/>
 <node id="8987975606" visible="true" version="1" changeset="109312452" timestamp="2021-08-07T14:14:17Z" user="EricTheLinguist" uid="2259690" lat="30.2470881" lon="-97.7300899"/>
 <node id="8987975611" visible="true" version="1" changeset="109312452" timestamp="2021-08-07T14:14:17Z" user="EricTheLinguist" uid="2259690" lat="30.2476852" lon="-97.7312742"/>
 <node id="8987975612" visible="true" version="1" changeset="109312452" timestamp="2021-08-07T14:14:17Z" user="EricTheLinguist" uid="2259690" lat="30.2477970" lon="-97.7314670"/>
 <node id="8987975621" visible="true" version="1" changeset="109312452" timestamp="2021-08-07T14:14:17Z" user="EricTheLinguist" uid="2259690" lat="30.2485867" lon="-97.7330257"/>
 <node id="8987975671" visible="true" version="1" changeset="109312452" timestamp="2021-08-07T14:14:17Z" user="EricTheLinguist" uid="2259690" lat="30.2494483" lon="-97.7348753"/>
 <node id="8987975672" visible="true" version="1" changeset="109312452" timestamp="2021-08-07T14:14:17Z" user="EricTheLinguist" uid="2259690" lat="30.2494582" lon="-97.7349543"/>
 <node id="8987975673" visible="true" version="1" changeset="109312452" timestamp="2021-08-07T14:14:17Z" user="EricTheLinguist" uid="2259690" lat="30.2494498" lon="-97.7349997"/>
 <node id="8987975674" visible="true" version="1" changeset="109312452" timestamp="2021-08-07T14:14:17Z" user="EricTheLinguist" uid="2259690" lat="30.2495003" lon="-97.7350159"/>
 <node id="8988202631" visible="true" version="1" changeset="109318426" timestamp="2021-08-07T16:52:10Z" user="EricTheLinguist" uid="2259690" lat="30.2652243" lon="-97.7573381"/>
 <node id="8988202632" visible="true" version="1" changeset="109318426" timestamp="2021-08-07T16:52:10Z" user="EricTheLinguist" uid="2259690" lat="30.2651845" lon="-97.7572127"/>
 <node id="8988202633" visible="true" version="1" changeset="109318426" timestamp="2021-08-07T16:52:10Z" user="EricTheLinguist" uid="2259690" lat="30.2654350" lon="-97.7577070"/>
 <node id="8988202634" visible="true" version="1" changeset="109318426" timestamp="2021-08-07T16:52:10Z" user="EricTheLinguist" uid="2259690" lat="30.2654802" lon="-97.7578058"/>
 <node id="8988202635" visible="true" version="1" changeset="109318426" timestamp="2021-08-07T16:52:10Z" user="EricTheLinguist" uid="2259690" lat="30.2655147" lon="-97.7579062"/>
 <node id="8988202636" visible="true" version="1" changeset="109318426" timestamp="2021-08-07T16:52:10Z" user="EricTheLinguist" uid="2259690" lat="30.2656146" lon="-97.7581067"/>
 <node id="8988202637" visible="true" version="1" changeset="109318426" timestamp="2021-08-07T16:52:10Z" user="EricTheLinguist" uid="2259690" lat="30.2656465" lon="-97.7581877"/>
 <node id="8988202638" visible="true" version="1" changeset="109318426" timestamp="2021-08-07T16:52:10Z" user="EricTheLinguist" uid="2259690" lat="30.2657167" lon="-97.7583251"/>
 <node id="8988202639" visible="true" version="1" changeset="109318426" timestamp="2021-08-07T16:52:10Z" user="EricTheLinguist" uid="2259690" lat="30.2658327" lon="-97.7585384"/>
 <node id="8988202640" visible="true" version="1" changeset="109318426" timestamp="2021-08-07T16:52:10Z" user="EricTheLinguist" uid="2259690" lat="30.2659001" lon="-97.7586887"/>
 <node id="8988202641" visible="true" version="1" changeset="109318426" timestamp="2021-08-07T16:52:10Z" user="EricTheLinguist" uid="2259690" lat="30.2659995" lon="-97.7588416"/>
 <node id="8988202642" visible="true" version="1" changeset="109318426" timestamp="2021-08-07T16:52:10Z" user="EricTheLinguist" uid="2259690" lat="30.2660976" lon="-97.7590039"/>
 <node id="8988202643" visible="true" version="1" changeset="109318426" timestamp="2021-08-07T16:52:10Z" user="EricTheLinguist" uid="2259690" lat="30.2660552" lon="-97.7589567"/>
 <node id="8988202644" visible="true" version="1" changeset="109318426" timestamp="2021-08-07T16:52:10Z" user="EricTheLinguist" uid="2259690" lat="30.2660284" lon="-97.7589083"/>
 <node id="8988202645" visible="true" version="1" changeset="109318426" timestamp="2021-08-07T16:52:10Z" user="EricTheLinguist" uid="2259690" lat="30.2661038" lon="-97.7590443"/>
 <node id="8988202646" visible="true" version="1" changeset="109318426" timestamp="2021-08-07T16:52:10Z" user="EricTheLinguist" uid="2259690" lat="30.2661430" lon="-97.7591323"/>
 <node id="8988202647" visible="true" version="1" changeset="109318426" timestamp="2021-08-07T16:52:10Z" user="EricTheLinguist" uid="2259690" lat="30.2661645" lon="-97.7592002"/>
 <node id="8988202648" visible="true" version="1" changeset="109318426" timestamp="2021-08-07T16:52:10Z" user="EricTheLinguist" uid="2259690" lat="30.2661592" lon="-97.7592125"/>
 <node id="8988202649" visible="true" version="1" changeset="109318426" timestamp="2021-08-07T16:52:10Z" user="EricTheLinguist" uid="2259690" lat="30.2661657" lon="-97.7592317"/>
 <node id="8988202735" visible="true" version="1" changeset="109318426" timestamp="2021-08-07T16:52:10Z" user="EricTheLinguist" uid="2259690" lat="30.2667436" lon="-97.7604832"/>
 <node id="8988202736" visible="true" version="1" changeset="109318426" timestamp="2021-08-07T16:52:10Z" user="EricTheLinguist" uid="2259690" lat="30.2665283" lon="-97.7599608"/>
 <node id="8988202737" visible="true" version="1" changeset="109318426" timestamp="2021-08-07T16:52:10Z" user="EricTheLinguist" uid="2259690" lat="30.2664563" lon="-97.7597807"/>
 <node id="8988202738" visible="true" version="1" changeset="109318426" timestamp="2021-08-07T16:52:10Z" user="EricTheLinguist" uid="2259690" lat="30.2662801" lon="-97.7594358"/>
 <node id="8988202739" visible="true" version="1" changeset="109318426" timestamp="2021-08-07T16:52:10Z" user="EricTheLinguist" uid="2259690" lat="30.2662275" lon="-97.7593296"/>
 <node id="8988202863" visible="true" version="1" changeset="109318426" timestamp="2021-08-07T16:52:10Z" user="EricTheLinguist" uid="2259690" lat="30.2672297" lon="-97.7616545"/>
 <node id="8988202904" visible="true" version="1" changeset="109318426" timestamp="2021-08-07T16:52:10Z" user="EricTheLinguist" uid="2259690" lat="30.2672411" lon="-97.7616638"/>
 <node id="8988202905" visible="true" version="1" changeset="109318426" timestamp="2021-08-07T16:52:10Z" user="EricTheLinguist" uid="2259690" lat="30.2672492" lon="-97.7616771"/>
 <node id="8988202906" visible="true" version="1" changeset="109318426" timestamp="2021-08-07T16:52:10Z" user="EricTheLinguist" uid="2259690" lat="30.2675939" lon="-97.7621996"/>
 <node id="8988202907" visible="true" version="1" changeset="109318426" timestamp="2021-08-07T16:52:10Z" user="EricTheLinguist" uid="2259690" lat="30.2680097" lon="-97.7630143"/>
 <node id="8988202908" visible="true" version="1" changeset="109318426" timestamp="2021-08-07T16:52:10Z" user="EricTheLinguist" uid="2259690" lat="30.2685588" lon="-97.7643953"/>
 <node id="8988202909" visible="true" version="1" changeset="109318426" timestamp="2021-08-07T16:52:10Z" user="EricTheLinguist" uid="2259690" lat="30.2688447" lon="-97.7652880"/>
 <node id="8988202928" visible="true" version="1" changeset="109318426" timestamp="2021-08-07T16:52:10Z" user="EricTheLinguist" uid="2259690" lat="30.2673086" lon="-97.7617863"/>
 <node id="8988202929" visible="true" version="1" changeset="109318426" timestamp="2021-08-07T16:52:10Z" user="EricTheLinguist" uid="2259690" lat="30.2672920" lon="-97.7617613"/>
 <node id="8988202930" visible="true" version="1" changeset="109318426" timestamp="2021-08-07T16:52:10Z" user="EricTheLinguist" uid="2259690" lat="30.2673690" lon="-97.7618762"/>
 <node id="8989158110" visible="true" version="2" changeset="183508382" timestamp="2026-06-01T16:28:50Z" user="EricTheLinguist" uid="2259690" lat="30.2734906" lon="-97.7721332"/>
 <node id="8989181466" visible="true" version="1" changeset="109330102" timestamp="2021-08-08T02:54:08Z" user="EricTheLinguist" uid="2259690" lat="30.2744686" lon="-97.7736532"/>
 <node id="8989181504" visible="true" version="1" changeset="109330102" timestamp="2021-08-08T02:54:08Z" user="EricTheLinguist" uid="2259690" lat="30.2717154" lon="-97.7706881"/>
 <node id="8989181505" visible="true" version="1" changeset="109330102" timestamp="2021-08-08T02:54:08Z" user="EricTheLinguist" uid="2259690" lat="30.2717412" lon="-97.7705107"/>
 <node id="8989181506" visible="true" version="1" changeset="109330102" timestamp="2021-08-08T02:54:08Z" user="EricTheLinguist" uid="2259690" lat="30.2717099" lon="-97.7704253"/>
 <node id="8989181507" visible="true" version="1" changeset="109330102" timestamp="2021-08-08T02:54:08Z" user="EricTheLinguist" uid="2259690" lat="30.2719244" lon="-97.7709333"/>
 <node id="8989181508" visible="true" version="1" changeset="109330102" timestamp="2021-08-08T02:54:08Z" user="EricTheLinguist" uid="2259690" lat="30.2718428" lon="-97.7709209"/>
 <node id="8989181509" visible="true" version="1" changeset="109330102" timestamp="2021-08-08T02:54:08Z" user="EricTheLinguist" uid="2259690" lat="30.2721326" lon="-97.7711276"/>
 <node id="8989181510" visible="true" version="1" changeset="109330102" timestamp="2021-08-08T02:54:08Z" user="EricTheLinguist" uid="2259690" lat="30.2719601" lon="-97.7710293"/>
 <node id="8989181511" visible="true" version="1" changeset="109330102" timestamp="2021-08-08T02:54:08Z" user="EricTheLinguist" uid="2259690" lat="30.2722262" lon="-97.7711193"/>
 <node id="8989181512" visible="true" version="1" changeset="109330102" timestamp="2021-08-08T02:54:08Z" user="EricTheLinguist" uid="2259690" lat="30.2722112" lon="-97.7711428"/>
 <node id="8989181513" visible="true" version="1" changeset="109330102" timestamp="2021-08-08T02:54:08Z" user="EricTheLinguist" uid="2259690" lat="30.2722320" lon="-97.7711328"/>
 <node id="8989181514" visible="true" version="1" changeset="109330102" timestamp="2021-08-08T02:54:08Z" user="EricTheLinguist" uid="2259690" lat="30.2718230" lon="-97.7707357"/>
 <node id="8989181515" visible="true" version="1" changeset="109330102" timestamp="2021-08-08T02:54:08Z" user="EricTheLinguist" uid="2259690" lat="30.2717794" lon="-97.7706232"/>
 <node id="8989181516" visible="true" version="1" changeset="109330102" timestamp="2021-08-08T02:54:08Z" user="EricTheLinguist" uid="2259690" lat="30.2717484" lon="-97.7703294"/>
 <node id="8989181517" visible="true" version="1" changeset="109330102" timestamp="2021-08-08T02:54:08Z" user="EricTheLinguist" uid="2259690" lat="30.2719791" lon="-97.7706101"/>
 <node id="8989181518" visible="true" version="1" changeset="109330102" timestamp="2021-08-08T02:54:08Z" user="EricTheLinguist" uid="2259690" lat="30.2727879" lon="-97.7715787"/>
 <node id="8989181519" visible="true" version="1" changeset="109330102" timestamp="2021-08-08T02:54:08Z" user="EricTheLinguist" uid="2259690" lat="30.2730425" lon="-97.7718209"/>
 <node id="8989181520" visible="true" version="1" changeset="109330102" timestamp="2021-08-08T02:54:08Z" user="EricTheLinguist" uid="2259690" lat="30.2729093" lon="-97.7717063"/>
 <node id="8989181521" visible="true" version="1" changeset="109330102" timestamp="2021-08-08T02:54:08Z" user="EricTheLinguist" uid="2259690" lat="30.2715013" lon="-97.7702605"/>
 <node id="8989181522" visible="true" version="1" changeset="109330102" timestamp="2021-08-08T02:54:08Z" user="EricTheLinguist" uid="2259690" lat="30.2707026" lon="-97.7694336"/>
 <node id="8989181523" visible="true" version="1" changeset="109330102" timestamp="2021-08-08T02:54:08Z" user="EricTheLinguist" uid="2259690" lat="30.2703869" lon="-97.7689917"/>
 <node id="8989181546" visible="true" version="1" changeset="109330102" timestamp="2021-08-08T02:54:08Z" user="EricTheLinguist" uid="2259690" lat="30.2746736" lon="-97.7736550"/>
 <node id="8989181547" visible="true" version="1" changeset="109330102" timestamp="2021-08-08T02:54:08Z" user="EricTheLinguist" uid="2259690" lat="30.2745608" lon="-97.7737695"/>
 <node id="8989181548" visible="true" version="1" changeset="109330102" timestamp="2021-08-08T02:54:08Z" user="EricTheLinguist" uid="2259690" lat="30.2746626" lon="-97.7735892"/>
 <node id="8989181549" visible="true" version="1" changeset="109330102" timestamp="2021-08-08T02:54:08Z" user="EricTheLinguist" uid="2259690" lat="30.2746117" lon="-97.7738765"/>
 <node id="8989181553" visible="true" version="1" changeset="109330102" timestamp="2021-08-08T02:54:08Z" user="EricTheLinguist" uid="2259690" lat="30.2746238" lon="-97.7737062"/>
 <node id="8989181554" visible="true" version="1" changeset="109330102" timestamp="2021-08-08T02:54:08Z" user="EricTheLinguist" uid="2259690" lat="30.2746848" lon="-97.7736238"/>
 <node id="8989181555" visible="true" version="1" changeset="109330102" timestamp="2021-08-08T02:54:08Z" user="EricTheLinguist" uid="2259690" lat="30.2746864" lon="-97.7736017"/>
 <node id="8989181556" visible="true" version="1" changeset="109330102" timestamp="2021-08-08T02:54:08Z" user="EricTheLinguist" uid="2259690" lat="30.2745960" lon="-97.7736319"/>
 <node id="8989181557" visible="true" version="1" changeset="109330102" timestamp="2021-08-08T02:54:08Z" user="EricTheLinguist" uid="2259690" lat="30.2745661" lon="-97.7736615"/>
 <node id="8989181604" visible="true" version="1" changeset="109330102" timestamp="2021-08-08T02:54:08Z" user="EricTheLinguist" uid="2259690" lat="30.2744213" lon="-97.7735534"/>
 <node id="8989181606" visible="true" version="1" changeset="109330102" timestamp="2021-08-08T02:54:08Z" user="EricTheLinguist" uid="2259690" lat="30.2744487" lon="-97.7735925"/>
 <node id="8989181674" visible="true" version="1" changeset="109330102" timestamp="2021-08-08T02:54:08Z" user="EricTheLinguist" uid="2259690" lat="30.2747361" lon="-97.7741434"/>
 <node id="8991620988" visible="true" version="1" changeset="109370860" timestamp="2021-08-09T02:50:15Z" user="EricTheLinguist" uid="2259690" lat="30.2541887" lon="-97.7392631"/>
 <node id="8991638624" visible="true" version="1" changeset="109371208" timestamp="2021-08-09T03:04:54Z" user="EricTheLinguist" uid="2259690" lat="30.2596451" lon="-97.7417706"/>
 <node id="8991649319" visible="true" version="1" changeset="109371706" timestamp="2021-08-09T03:22:46Z" user="EricTheLinguist" uid="2259690" lat="30.2735702" lon="-97.7707914"/>
 <node id="8991649320" visible="true" version="1" changeset="109371706" timestamp="2021-08-09T03:22:46Z" user="EricTheLinguist" uid="2259690" lat="30.2736032" lon="-97.7706670"/>
 <node id="8991649321" visible="true" version="1" changeset="109371706" timestamp="2021-08-09T03:22:46Z" user="EricTheLinguist" uid="2259690" lat="30.2737199" lon="-97.7705689"/>
 <node id="8991649322" visible="true" version="1" changeset="109371706" timestamp="2021-08-09T03:22:46Z" user="EricTheLinguist" uid="2259690" lat="30.2736802" lon="-97.7704387"/>
 <node id="8991649323" visible="true" version="2" changeset="148981277" timestamp="2024-03-21T19:13:53Z" user="kaleidoscopica" uid="8704810" lat="30.2736015" lon="-97.7703990"/>
 <node id="8991649324" visible="true" version="2" changeset="148981277" timestamp="2024-03-21T19:13:53Z" user="kaleidoscopica" uid="8704810" lat="30.2734826" lon="-97.7702938"/>
 <node id="8991649325" visible="true" version="2" changeset="148981277" timestamp="2024-03-21T19:13:53Z" user="kaleidoscopica" uid="8704810" lat="30.2734711" lon="-97.7702111"/>
 <node id="8991649326" visible="true" version="1" changeset="109371706" timestamp="2021-08-09T03:22:46Z" user="EricTheLinguist" uid="2259690" lat="30.2737692" lon="-97.7701618"/>
 <node id="8991649327" visible="true" version="1" changeset="109371706" timestamp="2021-08-09T03:22:46Z" user="EricTheLinguist" uid="2259690" lat="30.2739644" lon="-97.7701915"/>
 <node id="8991649328" visible="true" version="1" changeset="109371706" timestamp="2021-08-09T03:22:46Z" user="EricTheLinguist" uid="2259690" lat="30.2740566" lon="-97.7701964"/>
 <node id="8991649329" visible="true" version="1" changeset="109371706" timestamp="2021-08-09T03:22:46Z" user="EricTheLinguist" uid="2259690" lat="30.2740807" lon="-97.7700424"/>
 <node id="8991649330" visible="true" version="1" changeset="109371706" timestamp="2021-08-09T03:22:46Z" user="EricTheLinguist" uid="2259690" lat="30.2740020" lon="-97.7699664"/>
 <node id="8991649331" visible="true" version="1" changeset="109371706" timestamp="2021-08-09T03:22:46Z" user="EricTheLinguist" uid="2259690" lat="30.2730188" lon="-97.7695096"/>
 <node id="8991649332" visible="true" version="1" changeset="109371706" timestamp="2021-08-09T03:22:46Z" user="EricTheLinguist" uid="2259690" lat="30.2730237" lon="-97.7695561"/>
 <node id="8991649333" visible="true" version="1" changeset="109371706" timestamp="2021-08-09T03:22:46Z" user="EricTheLinguist" uid="2259690" lat="30.2729919" lon="-97.7694665"/>
 <node id="8991649334" visible="true" version="1" changeset="109371706" timestamp="2021-08-09T03:22:46Z" user="EricTheLinguist" uid="2259690" lat="30.2730152" lon="-97.7696296"/>
 <node id="8991649335" visible="true" version="1" changeset="109371706" timestamp="2021-08-09T03:22:46Z" user="EricTheLinguist" uid="2259690" lat="30.2730391" lon="-97.7697005"/>
 <node id="8991649336" visible="true" version="1" changeset="109371706" timestamp="2021-08-09T03:22:46Z" user="EricTheLinguist" uid="2259690" lat="30.2731788" lon="-97.7697451"/>
 <node id="8991649337" visible="true" version="1" changeset="109371706" timestamp="2021-08-09T03:22:46Z" user="EricTheLinguist" uid="2259690" lat="30.2733102" lon="-97.7698160"/>
 <node id="8991649338" visible="true" version="1" changeset="109371706" timestamp="2021-08-09T03:22:46Z" user="EricTheLinguist" uid="2259690" lat="30.2733463" lon="-97.7699276"/>
 <node id="8991649339" visible="true" version="1" changeset="109371706" timestamp="2021-08-09T03:22:46Z" user="EricTheLinguist" uid="2259690" lat="30.2733199" lon="-97.7698718"/>
 <node id="8991649340" visible="true" version="1" changeset="109371706" timestamp="2021-08-09T03:22:46Z" user="EricTheLinguist" uid="2259690" lat="30.2733069" lon="-97.7693770"/>
 <node id="8991649341" visible="true" version="1" changeset="109371706" timestamp="2021-08-09T03:22:46Z" user="EricTheLinguist" uid="2259690" lat="30.2731994" lon="-97.7696183"/>
 <node id="8991649342" visible="true" version="1" changeset="109371706" timestamp="2021-08-09T03:22:46Z" user="EricTheLinguist" uid="2259690" lat="30.2732039" lon="-97.7695132"/>
 <node id="8991649343" visible="true" version="1" changeset="109371706" timestamp="2021-08-09T03:22:46Z" user="EricTheLinguist" uid="2259690" lat="30.2732197" lon="-97.7694037"/>
 <node id="8991649344" visible="true" version="1" changeset="109371706" timestamp="2021-08-09T03:22:46Z" user="EricTheLinguist" uid="2259690" lat="30.2732633" lon="-97.7693694"/>
 <node id="8991649345" visible="true" version="1" changeset="109371706" timestamp="2021-08-09T03:22:46Z" user="EricTheLinguist" uid="2259690" lat="30.2733627" lon="-97.7695548"/>
 <node id="8991649346" visible="true" version="1" changeset="109371706" timestamp="2021-08-09T03:22:46Z" user="EricTheLinguist" uid="2259690" lat="30.2733734" lon="-97.7695196"/>
 <node id="8991649347" visible="true" version="1" changeset="109371706" timestamp="2021-08-09T03:22:46Z" user="EricTheLinguist" uid="2259690" lat="30.2733955" lon="-97.7694850"/>
 <node id="8991649348" visible="true" version="1" changeset="109371706" timestamp="2021-08-09T03:22:46Z" user="EricTheLinguist" uid="2259690" lat="30.2734126" lon="-97.7694383"/>
 <node id="8991649349" visible="true" version="1" changeset="109371706" timestamp="2021-08-09T03:22:46Z" user="EricTheLinguist" uid="2259690" lat="30.2733533" lon="-97.7693683"/>
 <node id="8991649350" visible="true" version="1" changeset="109371706" timestamp="2021-08-09T03:22:46Z" user="EricTheLinguist" uid="2259690" lat="30.2734055" lon="-97.7693611"/>
 <node id="8991649351" visible="true" version="1" changeset="109371706" timestamp="2021-08-09T03:22:46Z" user="EricTheLinguist" uid="2259690" lat="30.2734294" lon="-97.7693997"/>
 <node id="8991649352" visible="true" version="1" changeset="109371706" timestamp="2021-08-09T03:22:46Z" user="EricTheLinguist" uid="2259690" lat="30.2733768" lon="-97.7695887"/>
 <node id="8991649353" visible="true" version="1" changeset="109371706" timestamp="2021-08-09T03:22:46Z" user="EricTheLinguist" uid="2259690" lat="30.2733845" lon="-97.7697415"/>
 <node id="8991649354" visible="true" version="1" changeset="109371706" timestamp="2021-08-09T03:22:46Z" user="EricTheLinguist" uid="2259690" lat="30.2733407" lon="-97.7697547"/>
 <node id="8991649355" visible="true" version="1" changeset="109371706" timestamp="2021-08-09T03:22:46Z" user="EricTheLinguist" uid="2259690" lat="30.2734688" lon="-97.7697174"/>
 <node id="8991649356" visible="true" version="1" changeset="109371706" timestamp="2021-08-09T03:22:46Z" user="EricTheLinguist" uid="2259690" lat="30.2734286" lon="-97.7696042"/>
 <node id="8991649357" visible="true" version="1" changeset="109371706" timestamp="2021-08-09T03:22:46Z" user="EricTheLinguist" uid="2259690" lat="30.2735054" lon="-97.7695710"/>
 <node id="8991649358" visible="true" version="1" changeset="109371706" timestamp="2021-08-09T03:22:46Z" user="EricTheLinguist" uid="2259690" lat="30.2735929" lon="-97.7696768"/>
 <node id="8991649359" visible="true" version="1" changeset="109371706" timestamp="2021-08-09T03:22:46Z" user="EricTheLinguist" uid="2259690" lat="30.2735717" lon="-97.7695849"/>
 <node id="8991649360" visible="true" version="1" changeset="109371706" timestamp="2021-08-09T03:22:46Z" user="EricTheLinguist" uid="2259690" lat="30.2736549" lon="-97.7696340"/>
 <node id="8991649361" visible="true" version="1" changeset="109371706" timestamp="2021-08-09T03:22:46Z" user="EricTheLinguist" uid="2259690" lat="30.2736291" lon="-97.7695533"/>
 <node id="8991649362" visible="true" version="1" changeset="109371706" timestamp="2021-08-09T03:22:46Z" user="EricTheLinguist" uid="2259690" lat="30.2736989" lon="-97.7695796"/>
 <node id="8991649363" visible="true" version="1" changeset="109371706" timestamp="2021-08-09T03:22:46Z" user="EricTheLinguist" uid="2259690" lat="30.2736481" lon="-97.7694653"/>
 <node id="8991649364" visible="true" version="1" changeset="109371706" timestamp="2021-08-09T03:22:46Z" user="EricTheLinguist" uid="2259690" lat="30.2737587" lon="-97.7695492"/>
 <node id="8991649365" visible="true" version="1" changeset="109371706" timestamp="2021-08-09T03:22:46Z" user="EricTheLinguist" uid="2259690" lat="30.2738109" lon="-97.7695309"/>
 <node id="8991649366" visible="true" version="1" changeset="109371706" timestamp="2021-08-09T03:22:46Z" user="EricTheLinguist" uid="2259690" lat="30.2736614" lon="-97.7693939"/>
 <node id="8991649367" visible="true" version="1" changeset="109371706" timestamp="2021-08-09T03:22:46Z" user="EricTheLinguist" uid="2259690" lat="30.2736986" lon="-97.7693589"/>
 <node id="8991649368" visible="true" version="1" changeset="109371706" timestamp="2021-08-09T03:22:46Z" user="EricTheLinguist" uid="2259690" lat="30.2737558" lon="-97.7693382"/>
 <node id="8991649369" visible="true" version="1" changeset="109371706" timestamp="2021-08-09T03:22:46Z" user="EricTheLinguist" uid="2259690" lat="30.2738006" lon="-97.7693453"/>
 <node id="8991649370" visible="true" version="1" changeset="109371706" timestamp="2021-08-09T03:22:46Z" user="EricTheLinguist" uid="2259690" lat="30.2738262" lon="-97.7693760"/>
 <node id="8991649371" visible="true" version="1" changeset="109371706" timestamp="2021-08-09T03:22:46Z" user="EricTheLinguist" uid="2259690" lat="30.2738487" lon="-97.7694435"/>
 <node id="8991649372" visible="true" version="1" changeset="109371706" timestamp="2021-08-09T03:22:46Z" user="EricTheLinguist" uid="2259690" lat="30.2738470" lon="-97.7694874"/>
 <node id="8991649373" visible="true" version="1" changeset="109371706" timestamp="2021-08-09T03:22:46Z" user="EricTheLinguist" uid="2259690" lat="30.2737705" lon="-97.7708118"/>
 <node id="8991649374" visible="true" version="1" changeset="109371706" timestamp="2021-08-09T03:22:46Z" user="EricTheLinguist" uid="2259690" lat="30.2739248" lon="-97.7706939"/>
 <node id="8991649375" visible="true" version="1" changeset="109371706" timestamp="2021-08-09T03:22:46Z" user="EricTheLinguist" uid="2259690" lat="30.2740491" lon="-97.7706209"/>
 <node id="8991649376" visible="true" version="1" changeset="109371706" timestamp="2021-08-09T03:22:46Z" user="EricTheLinguist" uid="2259690" lat="30.2741647" lon="-97.7706970"/>
 <node id="8991649377" visible="true" version="1" changeset="109371706" timestamp="2021-08-09T03:22:46Z" user="EricTheLinguist" uid="2259690" lat="30.2743047" lon="-97.7706761"/>
 <node id="8991649378" visible="true" version="1" changeset="109371706" timestamp="2021-08-09T03:22:46Z" user="EricTheLinguist" uid="2259690" lat="30.2743762" lon="-97.7705698"/>
 <node id="8991649379" visible="true" version="1" changeset="109371706" timestamp="2021-08-09T03:22:46Z" user="EricTheLinguist" uid="2259690" lat="30.2744518" lon="-97.7706646"/>
 <node id="8991649380" visible="true" version="1" changeset="109371706" timestamp="2021-08-09T03:22:46Z" user="EricTheLinguist" uid="2259690" lat="30.2745407" lon="-97.7705630"/>
 <node id="8991649381" visible="true" version="1" changeset="109371706" timestamp="2021-08-09T03:22:46Z" user="EricTheLinguist" uid="2259690" lat="30.2746350" lon="-97.7706621"/>
 <node id="8991649382" visible="true" version="1" changeset="109371706" timestamp="2021-08-09T03:22:46Z" user="EricTheLinguist" uid="2259690" lat="30.2746931" lon="-97.7705723"/>
 <node id="8991649383" visible="true" version="1" changeset="109371706" timestamp="2021-08-09T03:22:46Z" user="EricTheLinguist" uid="2259690" lat="30.2746990" lon="-97.7706254"/>
 <node id="8991649384" visible="true" version="1" changeset="109371706" timestamp="2021-08-09T03:22:46Z" user="EricTheLinguist" uid="2259690" lat="30.2746708" lon="-97.7706437"/>
 <node id="8991649385" visible="true" version="1" changeset="109371706" timestamp="2021-08-09T03:22:46Z" user="EricTheLinguist" uid="2259690" lat="30.2739666" lon="-97.7708192"/>
 <node id="8991649386" visible="true" version="1" changeset="109371706" timestamp="2021-08-09T03:22:46Z" user="EricTheLinguist" uid="2259690" lat="30.2738025" lon="-97.7709389"/>
 <node id="8991649387" visible="true" version="1" changeset="109371706" timestamp="2021-08-09T03:22:46Z" user="EricTheLinguist" uid="2259690" lat="30.2737056" lon="-97.7710154"/>
 <node id="8991649388" visible="true" version="1" changeset="109371706" timestamp="2021-08-09T03:22:46Z" user="EricTheLinguist" uid="2259690" lat="30.2737155" lon="-97.7711154"/>
 <node id="8991649389" visible="true" version="1" changeset="109371706" timestamp="2021-08-09T03:22:46Z" user="EricTheLinguist" uid="2259690" lat="30.2737969" lon="-97.7710986"/>
 <node id="8991649390" visible="true" version="1" changeset="109371706" timestamp="2021-08-09T03:22:46Z" user="EricTheLinguist" uid="2259690" lat="30.2740025" lon="-97.7710648"/>
 <node id="8991649391" visible="true" version="1" changeset="109371706" timestamp="2021-08-09T03:22:46Z" user="EricTheLinguist" uid="2259690" lat="30.2742577" lon="-97.7713318"/>
 <node id="8991653824" visible="true" version="1" changeset="109371706" timestamp="2021-08-09T03:22:46Z" user="EricTheLinguist" uid="2259690" lat="30.2711195" lon="-97.7676850"/>
 <node id="8991653825" visible="true" version="1" changeset="109371706" timestamp="2021-08-09T03:22:46Z" user="EricTheLinguist" uid="2259690" lat="30.2711152" lon="-97.7676732"/>
 <node id="8991653826" visible="true" version="1" changeset="109371706" timestamp="2021-08-09T03:22:46Z" user="EricTheLinguist" uid="2259690" lat="30.2710920" lon="-97.7676154"/>
 <node id="8991653827" visible="true" version="1" changeset="109371706" timestamp="2021-08-09T03:22:46Z" user="EricTheLinguist" uid="2259690" lat="30.2710934" lon="-97.7675489"/>
 <node id="8991653828" visible="true" version="1" changeset="109371706" timestamp="2021-08-09T03:22:46Z" user="EricTheLinguist" uid="2259690" lat="30.2710908" lon="-97.7674722"/>
 <node id="8991653829" visible="true" version="1" changeset="109371706" timestamp="2021-08-09T03:22:46Z" user="EricTheLinguist" uid="2259690" lat="30.2711027" lon="-97.7676806"/>
 <node id="8991653830" visible="true" version="1" changeset="109371706" timestamp="2021-08-09T03:22:46Z" user="EricTheLinguist" uid="2259690" lat="30.2710792" lon="-97.7676213"/>
 <node id="8991653831" visible="true" version="1" changeset="109371706" timestamp="2021-08-09T03:22:46Z" user="EricTheLinguist" uid="2259690" lat="30.2714794" lon="-97.7679061"/>
 <node id="8991653832" visible="true" version="1" changeset="109371706" timestamp="2021-08-09T03:22:46Z" user="EricTheLinguist" uid="2259690" lat="30.2714152" lon="-97.7677927"/>
 <node id="8991653833" visible="true" version="1" changeset="109371706" timestamp="2021-08-09T03:22:46Z" user="EricTheLinguist" uid="2259690" lat="30.2712972" lon="-97.7677474"/>
 <node id="8991653834" visible="true" version="1" changeset="109371706" timestamp="2021-08-09T03:22:46Z" user="EricTheLinguist" uid="2259690" lat="30.2712316" lon="-97.7677422"/>
 <node id="8991653835" visible="true" version="1" changeset="109371706" timestamp="2021-08-09T03:22:46Z" user="EricTheLinguist" uid="2259690" lat="30.2736509" lon="-97.7705894"/>
 <node id="8991653836" visible="true" version="1" changeset="109371706" timestamp="2021-08-09T03:22:46Z" user="EricTheLinguist" uid="2259690" lat="30.2735993" lon="-97.7707292"/>
 <node id="8991653837" visible="true" version="1" changeset="109371706" timestamp="2021-08-09T03:22:46Z" user="EricTheLinguist" uid="2259690" lat="30.2735501" lon="-97.7709385"/>
 <node id="8991653851" visible="true" version="1" changeset="109371706" timestamp="2021-08-09T03:22:46Z" user="EricTheLinguist" uid="2259690" lat="30.2725385" lon="-97.7695115"/>
 <node id="8991653853" visible="true" version="1" changeset="109371706" timestamp="2021-08-09T03:22:46Z" user="EricTheLinguist" uid="2259690" lat="30.2737868" lon="-97.7698940"/>
 <node id="8991653854" visible="true" version="1" changeset="109371706" timestamp="2021-08-09T03:22:46Z" user="EricTheLinguist" uid="2259690" lat="30.2736974" lon="-97.7699297"/>
 <node id="8991653855" visible="true" version="1" changeset="109371706" timestamp="2021-08-09T03:22:46Z" user="EricTheLinguist" uid="2259690" lat="30.2724730" lon="-97.7694720"/>
 <node id="8991653856" visible="true" version="1" changeset="109371706" timestamp="2021-08-09T03:22:46Z" user="EricTheLinguist" uid="2259690" lat="30.2725182" lon="-97.7695260"/>
 <node id="8991653857" visible="true" version="1" changeset="109371706" timestamp="2021-08-09T03:22:46Z" user="EricTheLinguist" uid="2259690" lat="30.2724793" lon="-97.7695225"/>
 <node id="8991653858" visible="true" version="1" changeset="109371706" timestamp="2021-08-09T03:22:46Z" user="EricTheLinguist" uid="2259690" lat="30.2724709" lon="-97.7695035"/>
 <node id="8991653859" visible="true" version="1" changeset="109371706" timestamp="2021-08-09T03:22:46Z" user="EricTheLinguist" uid="2259690" lat="30.2724698" lon="-97.7694873"/>
 <node id="8991653860" visible="true" version="1" changeset="109371706" timestamp="2021-08-09T03:22:46Z" user="EricTheLinguist" uid="2259690" lat="30.2726691" lon="-97.7694787"/>
 <node id="8991653861" visible="true" version="1" changeset="109371706" timestamp="2021-08-09T03:22:46Z" user="EricTheLinguist" uid="2259690" lat="30.2728054" lon="-97.7694152"/>
 <node id="8991653862" visible="true" version="1" changeset="109371706" timestamp="2021-08-09T03:22:46Z" user="EricTheLinguist" uid="2259690" lat="30.2729465" lon="-97.7694282"/>
 <node id="8991653871" visible="true" version="2" changeset="183271577" timestamp="2026-05-27T19:15:41Z" user="EricTheLinguist" uid="2259690" lat="30.2724732" lon="-97.7695138"/>
 <node id="8991653872" visible="true" version="2" changeset="183271577" timestamp="2026-05-27T19:15:41Z" user="EricTheLinguist" uid="2259690" lat="30.2724922" lon="-97.7695293"/>
 <node id="8991672878" visible="true" version="2" changeset="148981277" timestamp="2024-03-21T19:13:53Z" user="kaleidoscopica" uid="8704810" lat="30.2719776" lon="-97.7690766"/>
 <node id="8991672879" visible="true" version="1" changeset="109372330" timestamp="2021-08-09T03:42:52Z" user="EricTheLinguist" uid="2259690" lat="30.2718241" lon="-97.7686067"/>
 <node id="8991672880" visible="true" version="2" changeset="148981277" timestamp="2024-03-21T19:13:53Z" user="kaleidoscopica" uid="8704810" lat="30.2717564" lon="-97.7684737"/>
 <node id="8991672882" visible="true" version="1" changeset="109372330" timestamp="2021-08-09T03:42:52Z" user="EricTheLinguist" uid="2259690" lat="30.2711305" lon="-97.7676969"/>
 <node id="8991672915" visible="true" version="1" changeset="109372330" timestamp="2021-08-09T03:42:52Z" user="EricTheLinguist" uid="2259690" lat="30.2691910" lon="-97.7630437"/>
 <node id="8991672916" visible="true" version="2" changeset="109489997" timestamp="2021-08-11T03:44:19Z" user="EricTheLinguist" uid="2259690" lat="30.2691038" lon="-97.7628041"/>
 <node id="8991673117" visible="true" version="1" changeset="109372330" timestamp="2021-08-09T03:42:52Z" user="EricTheLinguist" uid="2259690" lat="30.2691502" lon="-97.7624199"/>
 <node id="8991673118" visible="true" version="1" changeset="109372330" timestamp="2021-08-09T03:42:52Z" user="EricTheLinguist" uid="2259690" lat="30.2691453" lon="-97.7622947"/>
 <node id="8991673119" visible="true" version="2" changeset="109489997" timestamp="2021-08-11T03:44:19Z" user="EricTheLinguist" uid="2259690" lat="30.2693625" lon="-97.7623276"/>
 <node id="8991673120" visible="true" version="2" changeset="183225440" timestamp="2026-05-26T19:17:33Z" user="EricTheLinguist" uid="2259690" lat="30.2692367" lon="-97.7623314"/>
 <node id="8991673121" visible="true" version="1" changeset="109372330" timestamp="2021-08-09T03:42:52Z" user="EricTheLinguist" uid="2259690" lat="30.2692267" lon="-97.7623696"/>
 <node id="8991673122" visible="true" version="2" changeset="183225440" timestamp="2026-05-26T19:17:33Z" user="EricTheLinguist" uid="2259690" lat="30.2691682" lon="-97.7623278"/>
 <node id="8991673123" visible="true" version="2" changeset="183225440" timestamp="2026-05-26T19:17:33Z" user="EricTheLinguist" uid="2259690" lat="30.2691763" lon="-97.7623824"/>
 <node id="8991673124" visible="true" version="1" changeset="109372330" timestamp="2021-08-09T03:42:52Z" user="EricTheLinguist" uid="2259690" lat="30.2692780" lon="-97.7623216"/>
 <node id="8991673125" visible="true" version="1" changeset="109372330" timestamp="2021-08-09T03:42:52Z" user="EricTheLinguist" uid="2259690" lat="30.2692753" lon="-97.7623636"/>
 <node id="8991673126" visible="true" version="1" changeset="109372330" timestamp="2021-08-09T03:42:52Z" user="EricTheLinguist" uid="2259690" lat="30.2693715" lon="-97.7623126"/>
 <node id="8991673127" visible="true" version="1" changeset="109372330" timestamp="2021-08-09T03:42:52Z" user="EricTheLinguist" uid="2259690" lat="30.2693458" lon="-97.7623464"/>
 <node id="8991673154" visible="true" version="1" changeset="109372330" timestamp="2021-08-09T03:42:52Z" user="EricTheLinguist" uid="2259690" lat="30.2702541" lon="-97.7660316"/>
 <node id="8991673155" visible="true" version="2" changeset="148981277" timestamp="2024-03-21T19:13:53Z" user="kaleidoscopica" uid="8704810" lat="30.2702743" lon="-97.7660610"/>
 <node id="8991673156" visible="true" version="1" changeset="109372330" timestamp="2021-08-09T03:42:52Z" user="EricTheLinguist" uid="2259690" lat="30.2702952" lon="-97.7660938"/>
 <node id="8991673157" visible="true" version="2" changeset="148981277" timestamp="2024-03-21T19:13:53Z" user="kaleidoscopica" uid="8704810" lat="30.2709264" lon="-97.7671772"/>
 <node id="8991673158" visible="true" version="1" changeset="109372330" timestamp="2021-08-09T03:42:52Z" user="EricTheLinguist" uid="2259690" lat="30.2710152" lon="-97.7673325"/>
 <node id="8991673159" visible="true" version="1" changeset="109372330" timestamp="2021-08-09T03:42:52Z" user="EricTheLinguist" uid="2259690" lat="30.2708117" lon="-97.7668713"/>
 <node id="8991673160" visible="true" version="2" changeset="148981277" timestamp="2024-03-21T19:13:53Z" user="kaleidoscopica" uid="8704810" lat="30.2705711" lon="-97.7664553"/>
 <node id="8991673161" visible="true" version="1" changeset="109372330" timestamp="2021-08-09T03:42:52Z" user="EricTheLinguist" uid="2259690" lat="30.2707561" lon="-97.7667708"/>
 <node id="8991673162" visible="true" version="2" changeset="148981277" timestamp="2024-03-21T19:13:53Z" user="kaleidoscopica" uid="8704810" lat="30.2706490" lon="-97.7666243"/>
 <node id="8991673163" visible="true" version="1" changeset="109372330" timestamp="2021-08-09T03:42:52Z" user="EricTheLinguist" uid="2259690" lat="30.2705238" lon="-97.7663346"/>
 <node id="8991673164" visible="true" version="1" changeset="109372330" timestamp="2021-08-09T03:42:52Z" user="EricTheLinguist" uid="2259690" lat="30.2704525" lon="-97.7662967"/>
 <node id="8991673165" visible="true" version="1" changeset="109372330" timestamp="2021-08-09T03:42:52Z" user="EricTheLinguist" uid="2259690" lat="30.2703437" lon="-97.7661670"/>
 <node id="8991722493" visible="true" version="1" changeset="109373674" timestamp="2021-08-09T04:15:15Z" user="EricTheLinguist" uid="2259690" lat="30.2695536" lon="-97.7643807"/>
 <node id="8991722496" visible="true" version="1" changeset="109373674" timestamp="2021-08-09T04:15:15Z" user="EricTheLinguist" uid="2259690" lat="30.2690219" lon="-97.7620744"/>
 <node id="8991722497" visible="true" version="2" changeset="148981277" timestamp="2024-03-21T19:13:53Z" user="kaleidoscopica" uid="8704810" lat="30.2686525" lon="-97.7613029"/>
 <node id="8991722498" visible="true" version="4" changeset="183269635" timestamp="2026-05-27T18:22:37Z" user="EricTheLinguist" uid="2259690" lat="30.2678905" lon="-97.7597253"/>
 <node id="8991722499" visible="true" version="2" changeset="148981277" timestamp="2024-03-21T19:13:53Z" user="kaleidoscopica" uid="8704810" lat="30.2675859" lon="-97.7590348"/>
 <node id="8991722501" visible="true" version="2" changeset="148981277" timestamp="2024-03-21T19:13:53Z" user="kaleidoscopica" uid="8704810" lat="30.2668969" lon="-97.7575095"/>
 <node id="8991722503" visible="true" version="2" changeset="148981277" timestamp="2024-03-21T19:13:53Z" user="kaleidoscopica" uid="8704810" lat="30.2663948" lon="-97.7564334"/>
 <node id="8995122132" visible="true" version="1" changeset="109441923" timestamp="2021-08-10T06:31:44Z" user="EricTheLinguist" uid="2259690" lat="30.2677258" lon="-97.7593368"/>
 <node id="8995122133" visible="true" version="1" changeset="109441923" timestamp="2021-08-10T06:31:44Z" user="EricTheLinguist" uid="2259690" lat="30.2677249" lon="-97.7593744"/>
 <node id="8995122134" visible="true" version="1" changeset="109441923" timestamp="2021-08-10T06:31:44Z" user="EricTheLinguist" uid="2259690" lat="30.2677257" lon="-97.7594316"/>
 <node id="8995122135" visible="true" version="1" changeset="109441923" timestamp="2021-08-10T06:31:44Z" user="EricTheLinguist" uid="2259690" lat="30.2677440" lon="-97.7595137"/>
 <node id="8995122136" visible="true" version="1" changeset="109441923" timestamp="2021-08-10T06:31:44Z" user="EricTheLinguist" uid="2259690" lat="30.2677660" lon="-97.7595778"/>
 <node id="8995122137" visible="true" version="2" changeset="183225440" timestamp="2026-05-26T19:17:33Z" user="EricTheLinguist" uid="2259690" lat="30.2677826" lon="-97.7596002"/>
 <node id="8995122138" visible="true" version="2" changeset="183225440" timestamp="2026-05-26T19:17:33Z" user="EricTheLinguist" uid="2259690" lat="30.2678097" lon="-97.7596042"/>
 <node id="8995122181" visible="true" version="2" changeset="183225440" timestamp="2026-05-26T19:17:33Z" user="EricTheLinguist" uid="2259690" lat="30.2678357" lon="-97.7595898"/>
 <node id="8997432049" visible="true" version="1" changeset="109489997" timestamp="2021-08-11T03:44:19Z" user="EricTheLinguist" uid="2259690" lat="30.2702428" lon="-97.7659536"/>
 <node id="8997432089" visible="true" version="2" changeset="183225440" timestamp="2026-05-26T19:17:33Z" user="EricTheLinguist" uid="2259690" lat="30.2692082" lon="-97.7623716"/>
 <node id="8997432090" visible="true" version="1" changeset="109489997" timestamp="2021-08-11T03:44:19Z" user="EricTheLinguist" uid="2259690" lat="30.2702192" lon="-97.7659692"/>
 <node id="8997432091" visible="true" version="2" changeset="148981277" timestamp="2024-03-21T19:13:53Z" user="kaleidoscopica" uid="8704810" lat="30.2701466" lon="-97.7657859"/>
 <node id="8997432092" visible="true" version="2" changeset="148981277" timestamp="2024-03-21T19:13:53Z" user="kaleidoscopica" uid="8704810" lat="30.2699471" lon="-97.7654678"/>
 <node id="8997432093" visible="true" version="1" changeset="109489997" timestamp="2021-08-11T03:44:19Z" user="EricTheLinguist" uid="2259690" lat="30.2700459" lon="-97.7656542"/>
 <node id="8997432094" visible="true" version="2" changeset="148981277" timestamp="2024-03-21T19:13:53Z" user="kaleidoscopica" uid="8704810" lat="30.2698368" lon="-97.7652595"/>
 <node id="8997432095" visible="true" version="2" changeset="148981277" timestamp="2024-03-21T19:13:53Z" user="kaleidoscopica" uid="8704810" lat="30.2697168" lon="-97.7649860"/>
 <node id="8997432096" visible="true" version="2" changeset="148981277" timestamp="2024-03-21T19:13:53Z" user="kaleidoscopica" uid="8704810" lat="30.2696359" lon="-97.7646861"/>
 <node id="8997432099" visible="true" version="2" changeset="148981277" timestamp="2024-03-21T19:13:53Z" user="kaleidoscopica" uid="8704810" lat="30.2694768" lon="-97.7640955"/>
 <node id="8997432100" visible="true" version="2" changeset="148981277" timestamp="2024-03-21T19:13:53Z" user="kaleidoscopica" uid="8704810" lat="30.2693888" lon="-97.7637690"/>
 <node id="8997432102" visible="true" version="1" changeset="109489997" timestamp="2021-08-11T03:44:19Z" user="EricTheLinguist" uid="2259690" lat="30.2691304" lon="-97.7629167"/>
 <node id="8997432105" visible="true" version="3" changeset="183225440" timestamp="2026-05-26T19:17:33Z" user="EricTheLinguist" uid="2259690" lat="30.2688650" lon="-97.7617575"/>
 <node id="8997446625" visible="true" version="3" changeset="183225440" timestamp="2026-05-26T19:17:33Z" user="EricTheLinguist" uid="2259690" lat="30.2688948" lon="-97.7618178"/>
 <node id="8997446635" visible="true" version="2" changeset="183225440" timestamp="2026-05-26T19:17:33Z" user="EricTheLinguist" uid="2259690" lat="30.2692087" lon="-97.7623339"/>
 <node id="9000023521" visible="true" version="1" changeset="109542424" timestamp="2021-08-12T02:03:55Z" user="EricTheLinguist" uid="2259690" lat="30.2644714" lon="-97.7501709"/>
 <node id="9000023524" visible="true" version="1" changeset="109542424" timestamp="2021-08-12T02:03:55Z" user="EricTheLinguist" uid="2259690" lat="30.2645466" lon="-97.7504571"/>
 <node id="9000023530" visible="true" version="1" changeset="109542424" timestamp="2021-08-12T02:03:55Z" user="EricTheLinguist" uid="2259690" lat="30.2646645" lon="-97.7509258"/>
 <node id="9000023531" visible="true" version="1" changeset="109542424" timestamp="2021-08-12T02:03:55Z" user="EricTheLinguist" uid="2259690" lat="30.2647790" lon="-97.7512096"/>
 <node id="9000023532" visible="true" version="1" changeset="109542424" timestamp="2021-08-12T02:03:55Z" user="EricTheLinguist" uid="2259690" lat="30.2649035" lon="-97.7513144"/>
 <node id="9000023533" visible="true" version="1" changeset="109542424" timestamp="2021-08-12T02:03:55Z" user="EricTheLinguist" uid="2259690" lat="30.2648783" lon="-97.7513146"/>
 <node id="9000197031" visible="true" version="1" changeset="109546311" timestamp="2021-08-12T04:51:25Z" user="EricTheLinguist" uid="2259690" lat="30.2720746" lon="-97.7710388"/>
 <node id="9000197032" visible="true" version="1" changeset="109546311" timestamp="2021-08-12T04:51:25Z" user="EricTheLinguist" uid="2259690" lat="30.2721492" lon="-97.7710841"/>
 <node id="9000197033" visible="true" version="1" changeset="109546311" timestamp="2021-08-12T04:51:25Z" user="EricTheLinguist" uid="2259690" lat="30.2718786" lon="-97.7708330"/>
 <node id="9000197034" visible="true" version="1" changeset="109546311" timestamp="2021-08-12T04:51:25Z" user="EricTheLinguist" uid="2259690" lat="30.2718488" lon="-97.7707863"/>
 <node id="9000197035" visible="true" version="1" changeset="109546311" timestamp="2021-08-12T04:51:25Z" user="EricTheLinguist" uid="2259690" lat="30.2716922" lon="-97.7703831"/>
 <node id="9000242029" visible="true" version="2" changeset="183082578" timestamp="2026-05-23T19:48:41Z" user="EricTheLinguist" uid="2259690" lat="30.2644282" lon="-97.7499763"/>
 <node id="9000242030" visible="true" version="2" changeset="183082578" timestamp="2026-05-23T19:48:41Z" user="EricTheLinguist" uid="2259690" lat="30.2644251" lon="-97.7499173"/>
 <node id="9000242031" visible="true" version="1" changeset="109547128" timestamp="2021-08-12T05:13:08Z" user="EricTheLinguist" uid="2259690" lat="30.2643860" lon="-97.7497986"/>
 <node id="9000242032" visible="true" version="1" changeset="109547128" timestamp="2021-08-12T05:13:08Z" user="EricTheLinguist" uid="2259690" lat="30.2643383" lon="-97.7496051"/>
 <node id="9000242033" visible="true" version="1" changeset="109547128" timestamp="2021-08-12T05:13:08Z" user="EricTheLinguist" uid="2259690" lat="30.2643045" lon="-97.7494939"/>
 <node id="9000242034" visible="true" version="1" changeset="109547128" timestamp="2021-08-12T05:13:08Z" user="EricTheLinguist" uid="2259690" lat="30.2642602" lon="-97.7493575"/>
 <node id="9000242035" visible="true" version="1" changeset="109547128" timestamp="2021-08-12T05:13:08Z" user="EricTheLinguist" uid="2259690" lat="30.2641378" lon="-97.7490289"/>
 <node id="9000242036" visible="true" version="1" changeset="109547128" timestamp="2021-08-12T05:13:08Z" user="EricTheLinguist" uid="2259690" lat="30.2639700" lon="-97.7486841"/>
 <node id="9000242037" visible="true" version="1" changeset="109547128" timestamp="2021-08-12T05:13:08Z" user="EricTheLinguist" uid="2259690" lat="30.2639460" lon="-97.7485217"/>
 <node id="9000242038" visible="true" version="2" changeset="148990301" timestamp="2024-03-21T23:53:09Z" user="kaleidoscopica" uid="8704810" lat="30.2638425" lon="-97.7483144"/>
 <node id="9000242039" visible="true" version="2" changeset="148990301" timestamp="2024-03-21T23:53:09Z" user="kaleidoscopica" uid="8704810" lat="30.2638186" lon="-97.7482534"/>
 <node id="9000242041" visible="true" version="2" changeset="148990301" timestamp="2024-03-21T23:53:09Z" user="kaleidoscopica" uid="8704810" lat="30.2638109" lon="-97.7482063"/>
 <node id="9000242042" visible="true" version="2" changeset="148990301" timestamp="2024-03-21T23:53:09Z" user="kaleidoscopica" uid="8704810" lat="30.2637376" lon="-97.7480614"/>
 <node id="9000242045" visible="true" version="1" changeset="109547128" timestamp="2021-08-12T05:13:08Z" user="EricTheLinguist" uid="2259690" lat="30.2634590" lon="-97.7467616"/>
 <node id="9000242046" visible="true" version="3" changeset="148990301" timestamp="2024-03-21T23:53:09Z" user="kaleidoscopica" uid="8704810" lat="30.2634531" lon="-97.7466624"/>
 <node id="9000242047" visible="true" version="1" changeset="109547128" timestamp="2021-08-12T05:13:08Z" user="EricTheLinguist" uid="2259690" lat="30.2635777" lon="-97.7475643"/>
 <node id="9000242076" visible="true" version="1" changeset="109547128" timestamp="2021-08-12T05:13:08Z" user="EricTheLinguist" uid="2259690" lat="30.2626610" lon="-97.7450286"/>
 <node id="9000242088" visible="true" version="1" changeset="109547128" timestamp="2021-08-12T05:13:08Z" user="EricTheLinguist" uid="2259690" lat="30.2635627" lon="-97.7475414"/>
 <node id="9000242089" visible="true" version="1" changeset="109547128" timestamp="2021-08-12T05:13:08Z" user="EricTheLinguist" uid="2259690" lat="30.2635288" lon="-97.7473314"/>
 <node id="9000242090" visible="true" version="1" changeset="109547128" timestamp="2021-08-12T05:13:08Z" user="EricTheLinguist" uid="2259690" lat="30.2635381" lon="-97.7474561"/>
 <node id="9000242092" visible="true" version="1" changeset="109547128" timestamp="2021-08-12T05:13:08Z" user="EricTheLinguist" uid="2259690" lat="30.2635357" lon="-97.7469804"/>
 <node id="9000242093" visible="true" version="1" changeset="109547128" timestamp="2021-08-12T05:13:08Z" user="EricTheLinguist" uid="2259690" lat="30.2634955" lon="-97.7468608"/>
 <node id="9000242094" visible="true" version="1" changeset="109547128" timestamp="2021-08-12T05:13:08Z" user="EricTheLinguist" uid="2259690" lat="30.2634266" lon="-97.7465962"/>
 <node id="9000242095" visible="true" version="1" changeset="109547128" timestamp="2021-08-12T05:13:08Z" user="EricTheLinguist" uid="2259690" lat="30.2634540" lon="-97.7466648"/>
 <node id="9000242096" visible="true" version="1" changeset="109547128" timestamp="2021-08-12T05:13:08Z" user="EricTheLinguist" uid="2259690" lat="30.2634157" lon="-97.7465262"/>
 <node id="9000242097" visible="true" version="1" changeset="109547128" timestamp="2021-08-12T05:13:08Z" user="EricTheLinguist" uid="2259690" lat="30.2633140" lon="-97.7463910"/>
 <node id="9000242098" visible="true" version="1" changeset="109547128" timestamp="2021-08-12T05:13:08Z" user="EricTheLinguist" uid="2259690" lat="30.2631121" lon="-97.7458575"/>
 <node id="9000242099" visible="true" version="1" changeset="109547128" timestamp="2021-08-12T05:13:08Z" user="EricTheLinguist" uid="2259690" lat="30.2630765" lon="-97.7457733"/>
 <node id="9000242100" visible="true" version="1" changeset="109547128" timestamp="2021-08-12T05:13:08Z" user="EricTheLinguist" uid="2259690" lat="30.2629775" lon="-97.7456481"/>
 <node id="9000242103" visible="true" version="1" changeset="109547128" timestamp="2021-08-12T05:13:08Z" user="EricTheLinguist" uid="2259690" lat="30.2628592" lon="-97.7454556"/>
 <node id="9000242106" visible="true" version="1" changeset="109547128" timestamp="2021-08-12T05:13:08Z" user="EricTheLinguist" uid="2259690" lat="30.2627170" lon="-97.7452674"/>
 <node id="9000242107" visible="true" version="1" changeset="109547128" timestamp="2021-08-12T05:13:08Z" user="EricTheLinguist" uid="2259690" lat="30.2626630" lon="-97.7450888"/>
 <node id="9000242108" visible="true" version="1" changeset="109547128" timestamp="2021-08-12T05:13:08Z" user="EricTheLinguist" uid="2259690" lat="30.2626540" lon="-97.7450496"/>
 <node id="9000242151" visible="true" version="1" changeset="109547128" timestamp="2021-08-12T05:13:08Z" user="EricTheLinguist" uid="2259690" lat="30.2626563" lon="-97.7450286"/>
 <node id="9000242153" visible="true" version="1" changeset="109547128" timestamp="2021-08-12T05:13:08Z" user="EricTheLinguist" uid="2259690" lat="30.2626617" lon="-97.7449718"/>
 <node id="9002734376" visible="true" version="1" changeset="109599965" timestamp="2021-08-13T02:58:05Z" user="EricTheLinguist" uid="2259690" lat="30.2918908" lon="-97.7859605"/>
 <node id="9002734377" visible="true" version="1" changeset="109599965" timestamp="2021-08-13T02:58:05Z" user="EricTheLinguist" uid="2259690" lat="30.2932191" lon="-97.7877798"/>
 <node id="9002734378" visible="true" version="1" changeset="109599965" timestamp="2021-08-13T02:58:05Z" user="EricTheLinguist" uid="2259690" lat="30.2929859" lon="-97.7872781"/>
 <node id="9002734379" visible="true" version="1" changeset="109599965" timestamp="2021-08-13T02:58:05Z" user="EricTheLinguist" uid="2259690" lat="30.2928110" lon="-97.7872097"/>
 <node id="9002734380" visible="true" version="1" changeset="109599965" timestamp="2021-08-13T02:58:05Z" user="EricTheLinguist" uid="2259690" lat="30.2928964" lon="-97.7872366"/>
 <node id="9002734381" visible="true" version="1" changeset="109599965" timestamp="2021-08-13T02:58:05Z" user="EricTheLinguist" uid="2259690" lat="30.2929412" lon="-97.7872432"/>
 <node id="9002734382" visible="true" version="1" changeset="109599965" timestamp="2021-08-13T02:58:05Z" user="EricTheLinguist" uid="2259690" lat="30.2933028" lon="-97.7873509"/>
 <node id="9002734383" visible="true" version="1" changeset="109599965" timestamp="2021-08-13T02:58:05Z" user="EricTheLinguist" uid="2259690" lat="30.2932561" lon="-97.7873472"/>
 <node id="9002734384" visible="true" version="1" changeset="109599965" timestamp="2021-08-13T02:58:05Z" user="EricTheLinguist" uid="2259690" lat="30.2927310" lon="-97.7870771"/>
 <node id="9002734385" visible="true" version="1" changeset="109599965" timestamp="2021-08-13T02:58:05Z" user="EricTheLinguist" uid="2259690" lat="30.2928059" lon="-97.7871277"/>
 <node id="9002734386" visible="true" version="1" changeset="109599965" timestamp="2021-08-13T02:58:05Z" user="EricTheLinguist" uid="2259690" lat="30.2928673" lon="-97.7871652"/>
 <node id="9002734387" visible="true" version="1" changeset="109599965" timestamp="2021-08-13T02:58:05Z" user="EricTheLinguist" uid="2259690" lat="30.2929156" lon="-97.7871935"/>
 <node id="9002734388" visible="true" version="1" changeset="109599965" timestamp="2021-08-13T02:58:05Z" user="EricTheLinguist" uid="2259690" lat="30.2929737" lon="-97.7872178"/>
 <node id="9002734389" visible="true" version="1" changeset="109599965" timestamp="2021-08-13T02:58:05Z" user="EricTheLinguist" uid="2259690" lat="30.2930467" lon="-97.7872209"/>
 <node id="9002734390" visible="true" version="1" changeset="109599965" timestamp="2021-08-13T02:58:05Z" user="EricTheLinguist" uid="2259690" lat="30.2930958" lon="-97.7872097"/>
 <node id="9002734391" visible="true" version="1" changeset="109599965" timestamp="2021-08-13T02:58:05Z" user="EricTheLinguist" uid="2259690" lat="30.2931453" lon="-97.7872262"/>
 <node id="9002734392" visible="true" version="1" changeset="109599965" timestamp="2021-08-13T02:58:05Z" user="EricTheLinguist" uid="2259690" lat="30.2931933" lon="-97.7872402"/>
 <node id="9002734393" visible="true" version="1" changeset="109599965" timestamp="2021-08-13T02:58:05Z" user="EricTheLinguist" uid="2259690" lat="30.2932496" lon="-97.7872036"/>
 <node id="9002734394" visible="true" version="1" changeset="109599965" timestamp="2021-08-13T02:58:05Z" user="EricTheLinguist" uid="2259690" lat="30.2933033" lon="-97.7871748"/>
 <node id="9002734395" visible="true" version="1" changeset="109599965" timestamp="2021-08-13T02:58:05Z" user="EricTheLinguist" uid="2259690" lat="30.2933440" lon="-97.7871597"/>
 <node id="9002734396" visible="true" version="1" changeset="109599965" timestamp="2021-08-13T02:58:05Z" user="EricTheLinguist" uid="2259690" lat="30.2933433" lon="-97.7871327"/>
 <node id="9002734397" visible="true" version="1" changeset="109599965" timestamp="2021-08-13T02:58:05Z" user="EricTheLinguist" uid="2259690" lat="30.2932895" lon="-97.7870725"/>
 <node id="9002734398" visible="true" version="1" changeset="109599965" timestamp="2021-08-13T02:58:05Z" user="EricTheLinguist" uid="2259690" lat="30.2932927" lon="-97.7869832"/>
 <node id="9002734399" visible="true" version="1" changeset="109599965" timestamp="2021-08-13T02:58:05Z" user="EricTheLinguist" uid="2259690" lat="30.2933013" lon="-97.7869079"/>
 <node id="9002734400" visible="true" version="1" changeset="109599965" timestamp="2021-08-13T02:58:05Z" user="EricTheLinguist" uid="2259690" lat="30.2932962" lon="-97.7868262"/>
 <node id="9002734401" visible="true" version="1" changeset="109599965" timestamp="2021-08-13T02:58:05Z" user="EricTheLinguist" uid="2259690" lat="30.2932846" lon="-97.7867491"/>
 <node id="9002734402" visible="true" version="1" changeset="109599965" timestamp="2021-08-13T02:58:05Z" user="EricTheLinguist" uid="2259690" lat="30.2932500" lon="-97.7866761"/>
 <node id="9002734403" visible="true" version="1" changeset="109599965" timestamp="2021-08-13T02:58:05Z" user="EricTheLinguist" uid="2259690" lat="30.2932129" lon="-97.7865763"/>
 <node id="9002734404" visible="true" version="1" changeset="109599965" timestamp="2021-08-13T02:58:05Z" user="EricTheLinguist" uid="2259690" lat="30.2932328" lon="-97.7864893"/>
 <node id="9002734405" visible="true" version="1" changeset="109599965" timestamp="2021-08-13T02:58:05Z" user="EricTheLinguist" uid="2259690" lat="30.2932081" lon="-97.7863829"/>
 <node id="9002734406" visible="true" version="1" changeset="109599965" timestamp="2021-08-13T02:58:05Z" user="EricTheLinguist" uid="2259690" lat="30.2932056" lon="-97.7862552"/>
 <node id="9002734407" visible="true" version="1" changeset="109599965" timestamp="2021-08-13T02:58:05Z" user="EricTheLinguist" uid="2259690" lat="30.2931807" lon="-97.7861779"/>
 <node id="9002734408" visible="true" version="1" changeset="109599965" timestamp="2021-08-13T02:58:05Z" user="EricTheLinguist" uid="2259690" lat="30.2931776" lon="-97.7861207"/>
 <node id="9002734409" visible="true" version="1" changeset="109599965" timestamp="2021-08-13T02:58:05Z" user="EricTheLinguist" uid="2259690" lat="30.2931929" lon="-97.7860437"/>
 <node id="9002734410" visible="true" version="1" changeset="109599965" timestamp="2021-08-13T02:58:05Z" user="EricTheLinguist" uid="2259690" lat="30.2932426" lon="-97.7859413"/>
 <node id="9002734411" visible="true" version="1" changeset="109599965" timestamp="2021-08-13T02:58:05Z" user="EricTheLinguist" uid="2259690" lat="30.2932384" lon="-97.7858784"/>
 <node id="9002734412" visible="true" version="1" changeset="109599965" timestamp="2021-08-13T02:58:05Z" user="EricTheLinguist" uid="2259690" lat="30.2932625" lon="-97.7858871"/>
 <node id="9002734413" visible="true" version="1" changeset="109599965" timestamp="2021-08-13T02:58:05Z" user="EricTheLinguist" uid="2259690" lat="30.2933049" lon="-97.7858371"/>
 <node id="9002734414" visible="true" version="1" changeset="109599965" timestamp="2021-08-13T02:58:05Z" user="EricTheLinguist" uid="2259690" lat="30.2933001" lon="-97.7857688"/>
 <node id="9002734415" visible="true" version="1" changeset="109599965" timestamp="2021-08-13T02:58:05Z" user="EricTheLinguist" uid="2259690" lat="30.2933146" lon="-97.7857251"/>
 <node id="9002734416" visible="true" version="1" changeset="109599965" timestamp="2021-08-13T02:58:05Z" user="EricTheLinguist" uid="2259690" lat="30.2932414" lon="-97.7855947"/>
 <node id="9002734717" visible="true" version="1" changeset="109599965" timestamp="2021-08-13T02:58:05Z" user="EricTheLinguist" uid="2259690" lat="30.2932238" lon="-97.7855056"/>
 <node id="9002734718" visible="true" version="1" changeset="109599965" timestamp="2021-08-13T02:58:05Z" user="EricTheLinguist" uid="2259690" lat="30.2931859" lon="-97.7854706"/>
 <node id="9002734719" visible="true" version="1" changeset="109599965" timestamp="2021-08-13T02:58:05Z" user="EricTheLinguist" uid="2259690" lat="30.2931345" lon="-97.7855349"/>
 <node id="9002734720" visible="true" version="1" changeset="109599965" timestamp="2021-08-13T02:58:05Z" user="EricTheLinguist" uid="2259690" lat="30.2931069" lon="-97.7855349"/>
 <node id="9002734721" visible="true" version="1" changeset="109599965" timestamp="2021-08-13T02:58:05Z" user="EricTheLinguist" uid="2259690" lat="30.2931369" lon="-97.7856324"/>
 <node id="9002734722" visible="true" version="1" changeset="109599965" timestamp="2021-08-13T02:58:05Z" user="EricTheLinguist" uid="2259690" lat="30.2930937" lon="-97.7856284"/>
 <node id="9002734723" visible="true" version="1" changeset="109599965" timestamp="2021-08-13T02:58:05Z" user="EricTheLinguist" uid="2259690" lat="30.2930488" lon="-97.7855655"/>
 <node id="9002734724" visible="true" version="1" changeset="109599965" timestamp="2021-08-13T02:58:05Z" user="EricTheLinguist" uid="2259690" lat="30.2929917" lon="-97.7856313"/>
 <node id="9002734725" visible="true" version="1" changeset="109599965" timestamp="2021-08-13T02:58:05Z" user="EricTheLinguist" uid="2259690" lat="30.2930122" lon="-97.7856902"/>
 <node id="9002734726" visible="true" version="1" changeset="109599965" timestamp="2021-08-13T02:58:05Z" user="EricTheLinguist" uid="2259690" lat="30.2930675" lon="-97.7857186"/>
 <node id="9002734727" visible="true" version="1" changeset="109599965" timestamp="2021-08-13T02:58:05Z" user="EricTheLinguist" uid="2259690" lat="30.2931171" lon="-97.7857276"/>
 <node id="9002734728" visible="true" version="1" changeset="109599965" timestamp="2021-08-13T02:58:05Z" user="EricTheLinguist" uid="2259690" lat="30.2931348" lon="-97.7857630"/>
 <node id="9002734729" visible="true" version="1" changeset="109599965" timestamp="2021-08-13T02:58:05Z" user="EricTheLinguist" uid="2259690" lat="30.2931174" lon="-97.7858130"/>
 <node id="9002734730" visible="true" version="1" changeset="109599965" timestamp="2021-08-13T02:58:05Z" user="EricTheLinguist" uid="2259690" lat="30.2930834" lon="-97.7858130"/>
 <node id="9002734731" visible="true" version="1" changeset="109599965" timestamp="2021-08-13T02:58:05Z" user="EricTheLinguist" uid="2259690" lat="30.2930138" lon="-97.7858502"/>
 <node id="9002734732" visible="true" version="1" changeset="109599965" timestamp="2021-08-13T02:58:05Z" user="EricTheLinguist" uid="2259690" lat="30.2928151" lon="-97.7859940"/>
 <node id="9002734733" visible="true" version="1" changeset="109599965" timestamp="2021-08-13T02:58:05Z" user="EricTheLinguist" uid="2259690" lat="30.2928003" lon="-97.7860441"/>
 <node id="9002734734" visible="true" version="1" changeset="109599965" timestamp="2021-08-13T02:58:05Z" user="EricTheLinguist" uid="2259690" lat="30.2928229" lon="-97.7860748"/>
 <node id="9002734735" visible="true" version="1" changeset="109599965" timestamp="2021-08-13T02:58:05Z" user="EricTheLinguist" uid="2259690" lat="30.2927850" lon="-97.7861000"/>
 <node id="9002734736" visible="true" version="1" changeset="109599965" timestamp="2021-08-13T02:58:05Z" user="EricTheLinguist" uid="2259690" lat="30.2927705" lon="-97.7861540"/>
 <node id="9002734737" visible="true" version="1" changeset="109599965" timestamp="2021-08-13T02:58:05Z" user="EricTheLinguist" uid="2259690" lat="30.2927710" lon="-97.7862665"/>
 <node id="9002734738" visible="true" version="1" changeset="109599965" timestamp="2021-08-13T02:58:05Z" user="EricTheLinguist" uid="2259690" lat="30.2927518" lon="-97.7863725"/>
 <node id="9002734739" visible="true" version="1" changeset="109599965" timestamp="2021-08-13T02:58:05Z" user="EricTheLinguist" uid="2259690" lat="30.2927099" lon="-97.7864618"/>
 <node id="9002734740" visible="true" version="1" changeset="109599965" timestamp="2021-08-13T02:58:05Z" user="EricTheLinguist" uid="2259690" lat="30.2926806" lon="-97.7865128"/>
 <node id="9002734741" visible="true" version="1" changeset="109599965" timestamp="2021-08-13T02:58:05Z" user="EricTheLinguist" uid="2259690" lat="30.2926849" lon="-97.7865706"/>
 <node id="9002734742" visible="true" version="1" changeset="109599965" timestamp="2021-08-13T02:58:05Z" user="EricTheLinguist" uid="2259690" lat="30.2926876" lon="-97.7866542"/>
 <node id="9002734743" visible="true" version="1" changeset="109599965" timestamp="2021-08-13T02:58:05Z" user="EricTheLinguist" uid="2259690" lat="30.2927200" lon="-97.7867332"/>
 <node id="9002734744" visible="true" version="1" changeset="109599965" timestamp="2021-08-13T02:58:05Z" user="EricTheLinguist" uid="2259690" lat="30.2927508" lon="-97.7868072"/>
 <node id="9002734745" visible="true" version="1" changeset="109599965" timestamp="2021-08-13T02:58:05Z" user="EricTheLinguist" uid="2259690" lat="30.2927547" lon="-97.7868670"/>
 <node id="9002734746" visible="true" version="1" changeset="109599965" timestamp="2021-08-13T02:58:05Z" user="EricTheLinguist" uid="2259690" lat="30.2927479" lon="-97.7869208"/>
 <node id="9002734747" visible="true" version="1" changeset="109599965" timestamp="2021-08-13T02:58:05Z" user="EricTheLinguist" uid="2259690" lat="30.2927258" lon="-97.7869886"/>
 <node id="9002734748" visible="true" version="1" changeset="109599965" timestamp="2021-08-13T02:58:05Z" user="EricTheLinguist" uid="2259690" lat="30.2927219" lon="-97.7870262"/>
 <node id="9002734757" visible="true" version="1" changeset="109599965" timestamp="2021-08-13T02:58:05Z" user="EricTheLinguist" uid="2259690" lat="30.2930340" lon="-97.7872204"/>
 <node id="9002734758" visible="true" version="1" changeset="109599965" timestamp="2021-08-13T02:58:05Z" user="EricTheLinguist" uid="2259690" lat="30.2928052" lon="-97.7860507"/>
 <node id="9002734761" visible="true" version="1" changeset="109599965" timestamp="2021-08-13T02:58:05Z" user="EricTheLinguist" uid="2259690" lat="30.2929642" lon="-97.7858733"/>
 <node id="9002734763" visible="true" version="1" changeset="109599965" timestamp="2021-08-13T02:58:05Z" user="EricTheLinguist" uid="2259690" lat="30.2929282" lon="-97.7859129"/>
 <node id="9002734764" visible="true" version="1" changeset="109599965" timestamp="2021-08-13T02:58:05Z" user="EricTheLinguist" uid="2259690" lat="30.2929015" lon="-97.7859448"/>
 <node id="9002734770" visible="true" version="1" changeset="109599965" timestamp="2021-08-13T02:58:05Z" user="EricTheLinguist" uid="2259690" lat="30.2928632" lon="-97.7859666"/>
 <node id="9062834403" visible="true" version="1" changeset="110724623" timestamp="2021-09-04T16:57:17Z" user="EricTheLinguist" uid="2259690" lat="30.2446100" lon="-97.7167328"/>
 <node id="9062834404" visible="true" version="1" changeset="110724623" timestamp="2021-09-04T16:57:17Z" user="EricTheLinguist" uid="2259690" lat="30.2445848" lon="-97.7167017"/>
 <node id="9062834405" visible="true" version="1" changeset="110724623" timestamp="2021-09-04T16:57:17Z" user="EricTheLinguist" uid="2259690" lat="30.2445742" lon="-97.7166907"/>
 <node id="9062834406" visible="true" version="1" changeset="110724623" timestamp="2021-09-04T16:57:17Z" user="EricTheLinguist" uid="2259690" lat="30.2445623" lon="-97.7166907"/>
 <node id="9062867609" visible="true" version="1" changeset="110725311" timestamp="2021-09-04T17:18:35Z" user="EricTheLinguist" uid="2259690" lat="30.2608781" lon="-97.7428570"/>
 <node id="9062867612" visible="true" version="1" changeset="110725311" timestamp="2021-09-04T17:18:35Z" user="EricTheLinguist" uid="2259690" lat="30.2609765" lon="-97.7429475"/>
 <node id="9062872334" visible="true" version="1" changeset="110725311" timestamp="2021-09-04T17:18:35Z" user="EricTheLinguist" uid="2259690" lat="30.2624281" lon="-97.7446410"/>
 <node id="9062872346" visible="true" version="1" changeset="110725311" timestamp="2021-09-04T17:18:35Z" user="EricTheLinguist" uid="2259690" lat="30.2615545" lon="-97.7434154"/>
 <node id="9062872347" visible="true" version="1" changeset="110725311" timestamp="2021-09-04T17:18:35Z" user="EricTheLinguist" uid="2259690" lat="30.2616289" lon="-97.7435056"/>
 <node id="9062872348" visible="true" version="1" changeset="110725311" timestamp="2021-09-04T17:18:35Z" user="EricTheLinguist" uid="2259690" lat="30.2616851" lon="-97.7435869"/>
 <node id="9062872349" visible="true" version="1" changeset="110725311" timestamp="2021-09-04T17:18:35Z" user="EricTheLinguist" uid="2259690" lat="30.2617280" lon="-97.7436142"/>
 <node id="9062872350" visible="true" version="1" changeset="110725311" timestamp="2021-09-04T17:18:35Z" user="EricTheLinguist" uid="2259690" lat="30.2618322" lon="-97.7437719"/>
 <node id="9062872351" visible="true" version="1" changeset="110725311" timestamp="2021-09-04T17:18:35Z" user="EricTheLinguist" uid="2259690" lat="30.2619028" lon="-97.7438711"/>
 <node id="9062872352" visible="true" version="1" changeset="110725311" timestamp="2021-09-04T17:18:35Z" user="EricTheLinguist" uid="2259690" lat="30.2619956" lon="-97.7439898"/>
 <node id="9062872353" visible="true" version="1" changeset="110725311" timestamp="2021-09-04T17:18:35Z" user="EricTheLinguist" uid="2259690" lat="30.2619544" lon="-97.7439333"/>
 <node id="9062872354" visible="true" version="1" changeset="110725311" timestamp="2021-09-04T17:18:35Z" user="EricTheLinguist" uid="2259690" lat="30.2624862" lon="-97.7446837"/>
 <node id="9062872357" visible="true" version="1" changeset="110725311" timestamp="2021-09-04T17:18:35Z" user="EricTheLinguist" uid="2259690" lat="30.2623932" lon="-97.7446204"/>
 <node id="9062872359" visible="true" version="1" changeset="110725311" timestamp="2021-09-04T17:18:35Z" user="EricTheLinguist" uid="2259690" lat="30.2617998" lon="-97.7437713"/>
 <node id="9062872360" visible="true" version="1" changeset="110725311" timestamp="2021-09-04T17:18:35Z" user="EricTheLinguist" uid="2259690" lat="30.2618641" lon="-97.7438127"/>
 <node id="9062872361" visible="true" version="1" changeset="110725311" timestamp="2021-09-04T17:18:35Z" user="EricTheLinguist" uid="2259690" lat="30.2614785" lon="-97.7433408"/>
 <node id="9062872362" visible="true" version="1" changeset="110725311" timestamp="2021-09-04T17:18:35Z" user="EricTheLinguist" uid="2259690" lat="30.2611301" lon="-97.7430636"/>
 <node id="9062872363" visible="true" version="1" changeset="110725311" timestamp="2021-09-04T17:18:35Z" user="EricTheLinguist" uid="2259690" lat="30.2605317" lon="-97.7423996"/>
 <node id="9368675070" visible="true" version="2" changeset="148981277" timestamp="2024-03-21T19:13:53Z" user="kaleidoscopica" uid="8704810" lat="30.2664664" lon="-97.7565893"/>
 <node id="9368675103" visible="true" version="2" changeset="148981277" timestamp="2024-03-21T19:13:53Z" user="kaleidoscopica" uid="8704810" lat="30.2664808" lon="-97.7566202"/>
 <node id="9454266289" visible="true" version="2" changeset="148990301" timestamp="2024-03-21T23:53:09Z" user="kaleidoscopica" uid="8704810" lat="30.2513544" lon="-97.7362371"/>
 <node id="9454325228" visible="true" version="1" changeset="116687044" timestamp="2022-01-28T00:45:44Z" user="echostatic" uid="5177591" lat="30.2498037" lon="-97.7361525"/>
 <node id="9957656158" visible="true" version="1" changeset="124985791" timestamp="2022-08-16T18:34:19Z" user="echostatic" uid="5177591" lat="30.2922301" lon="-97.7874415"/>
 <node id="9957656159" visible="true" version="1" changeset="124985791" timestamp="2022-08-16T18:34:19Z" user="echostatic" uid="5177591" lat="30.2922301" lon="-97.7873785"/>
 <node id="9957656160" visible="true" version="1" changeset="124985791" timestamp="2022-08-16T18:34:19Z" user="echostatic" uid="5177591" lat="30.2922599" lon="-97.7873480"/>
 <node id="9957656161" visible="true" version="1" changeset="124985791" timestamp="2022-08-16T18:34:19Z" user="echostatic" uid="5177591" lat="30.2922932" lon="-97.7873460"/>
 <node id="10076175526" visible="true" version="1" changeset="127024293" timestamp="2022-10-05T02:56:42Z" user="echostatic" uid="5177591" lat="30.2510767" lon="-97.7166903"/>
 <node id="11242725190" visible="true" version="1" changeset="142213582" timestamp="2023-10-06T04:04:02Z" user="EricTheLinguist" uid="2259690" lat="30.2496067" lon="-97.7141404"/>
 <node id="11242725222" visible="true" version="1" changeset="142213582" timestamp="2023-10-06T04:04:02Z" user="EricTheLinguist" uid="2259690" lat="30.2475052" lon="-97.7149576"/>
 <node id="11242731113" visible="true" version="1" changeset="142213486" timestamp="2023-10-06T03:58:40Z" user="EricTheLinguist" uid="2259690" lat="30.2437632" lon="-97.7193497"/>
 <node id="11242731114" visible="true" version="1" changeset="142213486" timestamp="2023-10-06T03:58:40Z" user="EricTheLinguist" uid="2259690" lat="30.2438154" lon="-97.7192850"/>
 <node id="11242731115" visible="true" version="1" changeset="142213486" timestamp="2023-10-06T03:58:40Z" user="EricTheLinguist" uid="2259690" lat="30.2438823" lon="-97.7192572"/>
 <node id="11242731116" visible="true" version="1" changeset="142213486" timestamp="2023-10-06T03:58:40Z" user="EricTheLinguist" uid="2259690" lat="30.2437460" lon="-97.7192977"/>
 <node id="11242731117" visible="true" version="1" changeset="142213486" timestamp="2023-10-06T03:58:40Z" user="EricTheLinguist" uid="2259690" lat="30.2437685" lon="-97.7192579"/>
 <node id="11242731118" visible="true" version="1" changeset="142213486" timestamp="2023-10-06T03:58:40Z" user="EricTheLinguist" uid="2259690" lat="30.2437922" lon="-97.7192640"/>
 <node id="11242731119" visible="true" version="1" changeset="142213486" timestamp="2023-10-06T03:58:40Z" user="EricTheLinguist" uid="2259690" lat="30.2439376" lon="-97.7190030"/>
 <node id="11242731120" visible="true" version="1" changeset="142213486" timestamp="2023-10-06T03:58:40Z" user="EricTheLinguist" uid="2259690" lat="30.2438873" lon="-97.7187220"/>
 <node id="11242731121" visible="true" version="1" changeset="142213486" timestamp="2023-10-06T03:58:40Z" user="EricTheLinguist" uid="2259690" lat="30.2438666" lon="-97.7186934"/>
 <node id="11242731122" visible="true" version="1" changeset="142213486" timestamp="2023-10-06T03:58:40Z" user="EricTheLinguist" uid="2259690" lat="30.2438075" lon="-97.7194989"/>
 <node id="11242731123" visible="true" version="1" changeset="142213486" timestamp="2023-10-06T03:58:40Z" user="EricTheLinguist" uid="2259690" lat="30.2438435" lon="-97.7194465"/>
 <node id="11242731124" visible="true" version="1" changeset="142213486" timestamp="2023-10-06T03:58:40Z" user="EricTheLinguist" uid="2259690" lat="30.2438334" lon="-97.7194031"/>
 <node id="11242731125" visible="true" version="1" changeset="142213486" timestamp="2023-10-06T03:58:40Z" user="EricTheLinguist" uid="2259690" lat="30.2440416" lon="-97.7203076"/>
 <node id="11242731128" visible="true" version="1" changeset="142213486" timestamp="2023-10-06T03:58:40Z" user="EricTheLinguist" uid="2259690" lat="30.2440899" lon="-97.7200749"/>
 <node id="11242731129" visible="true" version="1" changeset="142213486" timestamp="2023-10-06T03:58:40Z" user="EricTheLinguist" uid="2259690" lat="30.2440424" lon="-97.7199723"/>
 <node id="11242731130" visible="true" version="1" changeset="142213486" timestamp="2023-10-06T03:58:40Z" user="EricTheLinguist" uid="2259690" lat="30.2439777" lon="-97.7199338"/>
 <node id="11242731131" visible="true" version="1" changeset="142213486" timestamp="2023-10-06T03:58:40Z" user="EricTheLinguist" uid="2259690" lat="30.2440611" lon="-97.7202287"/>
 <node id="11244423952" visible="true" version="1" changeset="142245784" timestamp="2023-10-06T19:28:06Z" user="EricTheLinguist" uid="2259690" lat="30.2510217" lon="-97.7149564"/>
 <node id="11244424013" visible="true" version="1" changeset="142245784" timestamp="2023-10-06T19:28:06Z" user="EricTheLinguist" uid="2259690" lat="30.2506925" lon="-97.7161270"/>
 <node id="11244424014" visible="true" version="1" changeset="142245784" timestamp="2023-10-06T19:28:06Z" user="EricTheLinguist" uid="2259690" lat="30.2510912" lon="-97.7157056"/>
 <node id="11244424015" visible="true" version="1" changeset="142245784" timestamp="2023-10-06T19:28:06Z" user="EricTheLinguist" uid="2259690" lat="30.2504981" lon="-97.7184298"/>
 <node id="11244424016" visible="true" version="1" changeset="142245784" timestamp="2023-10-06T19:28:06Z" user="EricTheLinguist" uid="2259690" lat="30.2507067" lon="-97.7161277"/>
 <node id="11244424017" visible="true" version="1" changeset="142245784" timestamp="2023-10-06T19:28:06Z" user="EricTheLinguist" uid="2259690" lat="30.2507014" lon="-97.7158195"/>
 <node id="11244424018" visible="true" version="1" changeset="142245784" timestamp="2023-10-06T19:28:06Z" user="EricTheLinguist" uid="2259690" lat="30.2505804" lon="-97.7151425"/>
 <node id="11244424019" visible="true" version="1" changeset="142245784" timestamp="2023-10-06T19:28:06Z" user="EricTheLinguist" uid="2259690" lat="30.2498918" lon="-97.7188370"/>
 <node id="11244424645" visible="true" version="1" changeset="142245784" timestamp="2023-10-06T19:28:06Z" user="EricTheLinguist" uid="2259690" lat="30.2503258" lon="-97.7178797"/>
 <node id="11244424694" visible="true" version="1" changeset="142245784" timestamp="2023-10-06T19:28:06Z" user="EricTheLinguist" uid="2259690" lat="30.2507916" lon="-97.7150636"/>
 <node id="11244424695" visible="true" version="1" changeset="142245784" timestamp="2023-10-06T19:28:06Z" user="EricTheLinguist" uid="2259690" lat="30.2510108" lon="-97.7149273"/>
 <node id="11511580395" visible="true" version="1" changeset="146190033" timestamp="2024-01-12T17:38:51Z" user="tprince-eb" uid="20813577" lat="30.2507879" lon="-97.7150424"/>
 <node id="11751195541" visible="true" version="1" changeset="148981277" timestamp="2024-03-21T19:13:53Z" user="kaleidoscopica" uid="8704810" lat="30.2771532" lon="-97.7747926"/>
 <node id="11751195542" visible="true" version="1" changeset="148981277" timestamp="2024-03-21T19:13:53Z" user="kaleidoscopica" uid="8704810" lat="30.2771214" lon="-97.7748411"/>
 <node id="11751195543" visible="true" version="1" changeset="148981277" timestamp="2024-03-21T19:13:53Z" user="kaleidoscopica" uid="8704810" lat="30.2771660" lon="-97.7748880"/>
 <node id="11831477376" visible="true" version="1" changeset="150235636" timestamp="2024-04-19T17:54:33Z" user="BPTT" uid="12145453" lat="30.2660085" lon="-97.7553877"/>
 <node id="12162430067" visible="true" version="1" changeset="156327529" timestamp="2024-09-07T20:03:51Z" user="kaleidoscopica" uid="8704810" lat="30.2688815" lon="-97.7617812"/>
 <node id="12950320391" visible="true" version="1" changeset="168066894" timestamp="2025-06-24T20:35:38Z" user="Travis County" uid="23013171" lat="30.2656134" lon="-97.7541224"/>
 <node id="13799980696" visible="true" version="1" changeset="182272279" timestamp="2026-05-06T00:14:38Z" user="EricTheLinguist" uid="2259690" lat="30.2491248" lon="-97.7203916"/>
 <node id="13799980697" visible="true" version="1" changeset="182272279" timestamp="2026-05-06T00:14:38Z" user="EricTheLinguist" uid="2259690" lat="30.2491639" lon="-97.7202832"/>
 <node id="13799980698" visible="true" version="1" changeset="182272279" timestamp="2026-05-06T00:14:38Z" user="EricTheLinguist" uid="2259690" lat="30.2491301" lon="-97.7203941"/>
 <node id="13799980699" visible="true" version="1" changeset="182272279" timestamp="2026-05-06T00:14:38Z" user="EricTheLinguist" uid="2259690" lat="30.2491685" lon="-97.7202858"/>
 <node id="13799980700" visible="true" version="1" changeset="182272279" timestamp="2026-05-06T00:14:38Z" user="EricTheLinguist" uid="2259690" lat="30.2491553" lon="-97.7203240"/>
 <node id="13799990201" visible="true" version="1" changeset="182272279" timestamp="2026-05-06T00:14:38Z" user="EricTheLinguist" uid="2259690" lat="30.2491427" lon="-97.7203591"/>
 <node id="13799990202" visible="true" version="1" changeset="182272279" timestamp="2026-05-06T00:14:38Z" user="EricTheLinguist" uid="2259690" lat="30.2491521" lon="-97.7203222"/>
 <node id="13799990203" visible="true" version="1" changeset="182272279" timestamp="2026-05-06T00:14:38Z" user="EricTheLinguist" uid="2259690" lat="30.2491396" lon="-97.7203573"/>
 <node id="13799990208" visible="true" version="1" changeset="182272279" timestamp="2026-05-06T00:14:38Z" user="EricTheLinguist" uid="2259690" lat="30.2492030" lon="-97.7201816"/>
 <node id="13799990209" visible="true" version="1" changeset="182272279" timestamp="2026-05-06T00:14:38Z" user="EricTheLinguist" uid="2259690" lat="30.2490896" lon="-97.7204908"/>
 <node id="13802852936" visible="true" version="1" changeset="182306233" timestamp="2026-05-06T17:31:53Z" user="EricTheLinguist" uid="2259690" lat="30.2545492" lon="-97.7396677"/>
 <node id="13802852953" visible="true" version="1" changeset="182306233" timestamp="2026-05-06T17:31:53Z" user="EricTheLinguist" uid="2259690" lat="30.2542149" lon="-97.7391977"/>
 <node id="13805199696" visible="true" version="1" changeset="182318346" timestamp="2026-05-07T02:07:36Z" user="EricTheLinguist" uid="2259690" lat="30.2508271" lon="-97.7385537"/>
 <node id="13805199697" visible="true" version="1" changeset="182318346" timestamp="2026-05-07T02:07:36Z" user="EricTheLinguist" uid="2259690" lat="30.2510160" lon="-97.7389459"/>
 <node id="13805217412" visible="true" version="1" changeset="182318346" timestamp="2026-05-07T02:07:36Z" user="EricTheLinguist" uid="2259690" lat="30.2510668" lon="-97.7389651"/>
 <node id="13805217413" visible="true" version="1" changeset="182318346" timestamp="2026-05-07T02:07:36Z" user="EricTheLinguist" uid="2259690" lat="30.2505898" lon="-97.7377763"/>
 <node id="13805217414" visible="true" version="1" changeset="182318346" timestamp="2026-05-07T02:07:36Z" user="EricTheLinguist" uid="2259690" lat="30.2508255" lon="-97.7384806"/>
 <node id="13805217420" visible="true" version="1" changeset="182318346" timestamp="2026-05-07T02:07:36Z" user="EricTheLinguist" uid="2259690" lat="30.2505594" lon="-97.7376956"/>
 <node id="13806873206" visible="true" version="1" changeset="182352415" timestamp="2026-05-07T18:39:19Z" user="EricTheLinguist" uid="2259690" lat="30.2462822" lon="-97.7281428"/>
 <node id="13806873211" visible="true" version="1" changeset="182352415" timestamp="2026-05-07T18:39:19Z" user="EricTheLinguist" uid="2259690" lat="30.2462922" lon="-97.7281678"/>
 <node id="13810030586" visible="true" version="1" changeset="182406759" timestamp="2026-05-09T02:36:52Z" user="EricTheLinguist" uid="2259690" lat="30.2469075" lon="-97.7296689"/>
 <node id="13810030587" visible="true" version="1" changeset="182406759" timestamp="2026-05-09T02:36:52Z" user="EricTheLinguist" uid="2259690" lat="30.2469257" lon="-97.7297109"/>
 <node id="13810030591" visible="true" version="1" changeset="182406759" timestamp="2026-05-09T02:36:52Z" user="EricTheLinguist" uid="2259690" lat="30.2469155" lon="-97.7296874"/>
 <node id="13811802887" visible="true" version="1" changeset="182436612" timestamp="2026-05-09T18:02:41Z" user="EricTheLinguist" uid="2259690" lat="30.2470560" lon="-97.7248985"/>
 <node id="13811802901" visible="true" version="1" changeset="182436612" timestamp="2026-05-09T18:02:41Z" user="EricTheLinguist" uid="2259690" lat="30.2469484" lon="-97.7243882"/>
 <node id="13815842486" visible="true" version="1" changeset="182482178" timestamp="2026-05-10T19:42:22Z" user="EricTheLinguist" uid="2259690" lat="30.2454392" lon="-97.7242128"/>
 <node id="13819497916" visible="true" version="1" changeset="182531543" timestamp="2026-05-11T22:24:35Z" user="EricTheLinguist" uid="2259690" lat="30.2490578" lon="-97.7193523"/>
 <node id="13819497917" visible="true" version="1" changeset="182531543" timestamp="2026-05-11T22:24:35Z" user="EricTheLinguist" uid="2259690" lat="30.2492954" lon="-97.7191517"/>
 <node id="13819497918" visible="true" version="1" changeset="182531543" timestamp="2026-05-11T22:24:35Z" user="EricTheLinguist" uid="2259690" lat="30.2490956" lon="-97.7193737"/>
 <node id="13819497919" visible="true" version="1" changeset="182531543" timestamp="2026-05-11T22:24:35Z" user="EricTheLinguist" uid="2259690" lat="30.2490839" lon="-97.7193543"/>
 <node id="13819497920" visible="true" version="1" changeset="182531543" timestamp="2026-05-11T22:24:35Z" user="EricTheLinguist" uid="2259690" lat="30.2490710" lon="-97.7193500"/>
 <node id="13819497923" visible="true" version="1" changeset="182531543" timestamp="2026-05-11T22:24:35Z" user="EricTheLinguist" uid="2259690" lat="30.2480963" lon="-97.7145883"/>
 <node id="13828814767" visible="true" version="1" changeset="182666486" timestamp="2026-05-14T19:09:04Z" user="EricTheLinguist" uid="2259690" lat="30.2692423" lon="-97.7662644"/>
 <node id="13828814768" visible="true" version="1" changeset="182666486" timestamp="2026-05-14T19:09:04Z" user="EricTheLinguist" uid="2259690" lat="30.2691613" lon="-97.7661282"/>
 <node id="13828814769" visible="true" version="1" changeset="182666486" timestamp="2026-05-14T19:09:04Z" user="EricTheLinguist" uid="2259690" lat="30.2692050" lon="-97.7661884"/>
 <node id="13828814770" visible="true" version="1" changeset="182666486" timestamp="2026-05-14T19:09:04Z" user="EricTheLinguist" uid="2259690" lat="30.2692028" lon="-97.7662188"/>
 <node id="13828814771" visible="true" version="1" changeset="182666486" timestamp="2026-05-14T19:09:04Z" user="EricTheLinguist" uid="2259690" lat="30.2691831" lon="-97.7661799"/>
 <node id="13831401210" visible="true" version="1" changeset="182714611" timestamp="2026-05-15T19:10:15Z" user="EricTheLinguist" uid="2259690" lat="30.2496854" lon="-97.7263369"/>
 <node id="13831401218" visible="true" version="1" changeset="182714611" timestamp="2026-05-15T19:10:15Z" user="EricTheLinguist" uid="2259690" lat="30.2491955" lon="-97.7243915"/>
 <node id="13831775275" visible="true" version="1" changeset="182717610" timestamp="2026-05-15T20:47:09Z" user="EricTheLinguist" uid="2259690" lat="30.2497220" lon="-97.7189276"/>
 <node id="13831775294" visible="true" version="1" changeset="182717610" timestamp="2026-05-15T20:47:09Z" user="EricTheLinguist" uid="2259690" lat="30.2497772" lon="-97.7188985"/>
 <node id="13831775295" visible="true" version="1" changeset="182717610" timestamp="2026-05-15T20:47:09Z" user="EricTheLinguist" uid="2259690" lat="30.2497949" lon="-97.7188892"/>
 <node id="13832202171" visible="true" version="1" changeset="182721715" timestamp="2026-05-16T00:19:58Z" user="EricTheLinguist" uid="2259690" lat="30.2562301" lon="-97.7404975"/>
 <node id="13832202172" visible="true" version="1" changeset="182721715" timestamp="2026-05-16T00:19:58Z" user="EricTheLinguist" uid="2259690" lat="30.2561491" lon="-97.7404334"/>
 <node id="13832202173" visible="true" version="1" changeset="182721715" timestamp="2026-05-16T00:19:58Z" user="EricTheLinguist" uid="2259690" lat="30.2562496" lon="-97.7405134"/>
 <node id="13832202174" visible="true" version="1" changeset="182721715" timestamp="2026-05-16T00:19:58Z" user="EricTheLinguist" uid="2259690" lat="30.2562920" lon="-97.7405380"/>
 <node id="13832202175" visible="true" version="1" changeset="182721715" timestamp="2026-05-16T00:19:58Z" user="EricTheLinguist" uid="2259690" lat="30.2563072" lon="-97.7405331"/>
 <node id="13832202176" visible="true" version="1" changeset="182721715" timestamp="2026-05-16T00:19:58Z" user="EricTheLinguist" uid="2259690" lat="30.2563254" lon="-97.7405270"/>
 <node id="13832202177" visible="true" version="1" changeset="182721715" timestamp="2026-05-16T00:19:58Z" user="EricTheLinguist" uid="2259690" lat="30.2563435" lon="-97.7405290"/>
 <node id="13832202178" visible="true" version="1" changeset="182721715" timestamp="2026-05-16T00:19:58Z" user="EricTheLinguist" uid="2259690" lat="30.2563348" lon="-97.7405262"/>
 <node id="13832202179" visible="true" version="1" changeset="182721715" timestamp="2026-05-16T00:19:58Z" user="EricTheLinguist" uid="2259690" lat="30.2562998" lon="-97.7405379"/>
 <node id="13832202180" visible="true" version="1" changeset="182721715" timestamp="2026-05-16T00:19:58Z" user="EricTheLinguist" uid="2259690" lat="30.2562813" lon="-97.7405335"/>
 <node id="13832202181" visible="true" version="1" changeset="182721715" timestamp="2026-05-16T00:19:58Z" user="EricTheLinguist" uid="2259690" lat="30.2563671" lon="-97.7405356"/>
 <node id="13832202182" visible="true" version="1" changeset="182721715" timestamp="2026-05-16T00:19:58Z" user="EricTheLinguist" uid="2259690" lat="30.2563831" lon="-97.7405289"/>
 <node id="13836488987" visible="true" version="1" changeset="182756154" timestamp="2026-05-16T19:04:05Z" user="EricTheLinguist" uid="2259690" lat="30.2460874" lon="-97.7274771"/>
 <node id="13836659556" visible="true" version="1" changeset="182758399" timestamp="2026-05-16T20:17:31Z" user="EricTheLinguist" uid="2259690" lat="30.2453909" lon="-97.7251720"/>
 <node id="13836659600" visible="true" version="1" changeset="182758399" timestamp="2026-05-16T20:17:31Z" user="EricTheLinguist" uid="2259690" lat="30.2454498" lon="-97.7252114"/>
 <node id="13836659601" visible="true" version="1" changeset="182758399" timestamp="2026-05-16T20:17:31Z" user="EricTheLinguist" uid="2259690" lat="30.2454386" lon="-97.7251253"/>
 <node id="13836659602" visible="true" version="1" changeset="182758399" timestamp="2026-05-16T20:17:31Z" user="EricTheLinguist" uid="2259690" lat="30.2454641" lon="-97.7251154"/>
 <node id="13840771249" visible="true" version="1" changeset="182795295" timestamp="2026-05-17T17:14:38Z" user="EricTheLinguist" uid="2259690" lat="30.2455475" lon="-97.7236828"/>
 <node id="13841114258" visible="true" version="1" changeset="182798257" timestamp="2026-05-17T18:35:58Z" user="EricTheLinguist" uid="2259690" lat="30.2473659" lon="-97.7228520"/>
 <node id="13847185032" visible="true" version="1" changeset="182856145" timestamp="2026-05-19T00:19:43Z" user="EricTheLinguist" uid="2259690" lat="30.2650614" lon="-97.7524655"/>
 <node id="13847185033" visible="true" version="1" changeset="182856145" timestamp="2026-05-19T00:19:43Z" user="EricTheLinguist" uid="2259690" lat="30.2651667" lon="-97.7526368"/>
 <node id="13847185034" visible="true" version="1" changeset="182856145" timestamp="2026-05-19T00:19:43Z" user="EricTheLinguist" uid="2259690" lat="30.2651503" lon="-97.7525904"/>
 <node id="13847185035" visible="true" version="1" changeset="182856145" timestamp="2026-05-19T00:19:43Z" user="EricTheLinguist" uid="2259690" lat="30.2651226" lon="-97.7525592"/>
 <node id="13847185036" visible="true" version="1" changeset="182856145" timestamp="2026-05-19T00:19:43Z" user="EricTheLinguist" uid="2259690" lat="30.2651058" lon="-97.7525495"/>
 <node id="13847185037" visible="true" version="1" changeset="182856145" timestamp="2026-05-19T00:19:43Z" user="EricTheLinguist" uid="2259690" lat="30.2650870" lon="-97.7525255"/>
 <node id="13847185038" visible="true" version="1" changeset="182856145" timestamp="2026-05-19T00:19:43Z" user="EricTheLinguist" uid="2259690" lat="30.2650326" lon="-97.7524183"/>
 <node id="13847185039" visible="true" version="1" changeset="182856145" timestamp="2026-05-19T00:19:43Z" user="EricTheLinguist" uid="2259690" lat="30.2650094" lon="-97.7523476"/>
 <node id="13847185040" visible="true" version="1" changeset="182856145" timestamp="2026-05-19T00:19:43Z" user="EricTheLinguist" uid="2259690" lat="30.2650045" lon="-97.7523503"/>
 <node id="13868455337" visible="true" version="1" changeset="183082578" timestamp="2026-05-23T19:48:41Z" user="EricTheLinguist" uid="2259690" lat="30.2644247" lon="-97.7498845"/>
 <node id="13868455338" visible="true" version="1" changeset="183082578" timestamp="2026-05-23T19:48:41Z" user="EricTheLinguist" uid="2259690" lat="30.2644010" lon="-97.7498294"/>
 <node id="13885205469" visible="true" version="1" changeset="183225440" timestamp="2026-05-26T19:17:33Z" user="EricTheLinguist" uid="2259690" lat="30.2691628" lon="-97.7623970"/>
 <node id="13885205471" visible="true" version="1" changeset="183225440" timestamp="2026-05-26T19:17:33Z" user="EricTheLinguist" uid="2259690" lat="30.2691567" lon="-97.7623198"/>
 <node id="13885205472" visible="true" version="1" changeset="183225440" timestamp="2026-05-26T19:17:33Z" user="EricTheLinguist" uid="2259690" lat="30.2691508" lon="-97.7623093"/>
 <node id="13885205497" visible="true" version="1" changeset="183225440" timestamp="2026-05-26T19:17:33Z" user="EricTheLinguist" uid="2259690" lat="30.2688983" lon="-97.7618164"/>
 <node id="13885205498" visible="true" version="1" changeset="183225440" timestamp="2026-05-26T19:17:33Z" user="EricTheLinguist" uid="2259690" lat="30.2689019" lon="-97.7618238"/>
 <node id="13885205499" visible="true" version="1" changeset="183225440" timestamp="2026-05-26T19:17:33Z" user="EricTheLinguist" uid="2259690" lat="30.2688978" lon="-97.7618234"/>
 <node id="13885205500" visible="true" version="1" changeset="183225440" timestamp="2026-05-26T19:17:33Z" user="EricTheLinguist" uid="2259690" lat="30.2688690" lon="-97.7617550"/>
 <node id="13885205502" visible="true" version="1" changeset="183225440" timestamp="2026-05-26T19:17:33Z" user="EricTheLinguist" uid="2259690" lat="30.2688727" lon="-97.7617628"/>
 <node id="13885205503" visible="true" version="1" changeset="183225440" timestamp="2026-05-26T19:17:33Z" user="EricTheLinguist" uid="2259690" lat="30.2688697" lon="-97.7617643"/>
 <node id="13885205504" visible="true" version="1" changeset="183225440" timestamp="2026-05-26T19:17:33Z" user="EricTheLinguist" uid="2259690" lat="30.2688668" lon="-97.7617630"/>
 <node id="13885205809" visible="true" version="1" changeset="183225440" timestamp="2026-05-26T19:17:33Z" user="EricTheLinguist" uid="2259690" lat="30.2677964" lon="-97.7596051"/>
 <node id="13885205810" visible="true" version="1" changeset="183225440" timestamp="2026-05-26T19:17:33Z" user="EricTheLinguist" uid="2259690" lat="30.2677711" lon="-97.7595888"/>
 <node id="13885205811" visible="true" version="1" changeset="183225440" timestamp="2026-05-26T19:17:33Z" user="EricTheLinguist" uid="2259690" lat="30.2677764" lon="-97.7595955"/>
 <node id="13885205812" visible="true" version="1" changeset="183225440" timestamp="2026-05-26T19:17:33Z" user="EricTheLinguist" uid="2259690" lat="30.2677893" lon="-97.7596039"/>
 <node id="13885205813" visible="true" version="1" changeset="183225440" timestamp="2026-05-26T19:17:33Z" user="EricTheLinguist" uid="2259690" lat="30.2678031" lon="-97.7596053"/>
 <node id="13885205902" visible="true" version="1" changeset="183225440" timestamp="2026-05-26T19:17:33Z" user="EricTheLinguist" uid="2259690" lat="30.2664947" lon="-97.7566500"/>
 <node id="13889385788" visible="true" version="1" changeset="183271577" timestamp="2026-05-27T19:15:41Z" user="EricTheLinguist" uid="2259690" lat="30.2725053" lon="-97.7695302"/>
 <node id="13889385789" visible="true" version="1" changeset="183271577" timestamp="2026-05-27T19:15:41Z" user="EricTheLinguist" uid="2259690" lat="30.2724852" lon="-97.7695270"/>
 <node id="13902029094" visible="true" version="1" changeset="183508382" timestamp="2026-06-01T16:28:50Z" user="EricTheLinguist" uid="2259690" lat="30.2735064" lon="-97.7721507"/>
 <node id="13902103468" visible="true" version="1" changeset="183509007" timestamp="2026-06-01T16:42:59Z" user="EricTheLinguist" uid="2259690" lat="30.2606011" lon="-97.7424674"/>
 <node id="13902103474" visible="true" version="1" changeset="183509007" timestamp="2026-06-01T16:42:59Z" user="EricTheLinguist" uid="2259690" lat="30.2602192" lon="-97.7420292"/>
 <node id="13902135411" visible="true" version="1" changeset="183510518" timestamp="2026-06-01T17:19:12Z" user="EricTheLinguist" uid="2259690" lat="30.2601455" lon="-97.7420010"/>
 <node id="13902135418" visible="true" version="1" changeset="183510518" timestamp="2026-06-01T17:19:12Z" user="EricTheLinguist" uid="2259690" lat="30.2601528" lon="-97.7420416"/>
 <node id="13902135419" visible="true" version="1" changeset="183510518" timestamp="2026-06-01T17:19:12Z" user="EricTheLinguist" uid="2259690" lat="30.2601475" lon="-97.7420371"/>
 <node id="13902135420" visible="true" version="1" changeset="183510518" timestamp="2026-06-01T17:19:12Z" user="EricTheLinguist" uid="2259690" lat="30.2601413" lon="-97.7420403"/>
 <node id="13902135421" visible="true" version="1" changeset="183510518" timestamp="2026-06-01T17:19:12Z" user="EricTheLinguist" uid="2259690" lat="30.2601364" lon="-97.7420388"/>
 <node id="13902135422" visible="true" version="1" changeset="183510518" timestamp="2026-06-01T17:19:12Z" user="EricTheLinguist" uid="2259690" lat="30.2601322" lon="-97.7420353"/>
 <node id="13902135429" visible="true" version="1" changeset="183510518" timestamp="2026-06-01T17:19:12Z" user="EricTheLinguist" uid="2259690" lat="30.2602847" lon="-97.7421015"/>
 <node id="13907801566" visible="true" version="1" changeset="183606600" timestamp="2026-06-03T17:38:34Z" user="EricTheLinguist" uid="2259690" lat="30.2597134" lon="-97.7418149"/>
 <way id="27087648" visible="true" version="38" changeset="124985791" timestamp="2022-08-16T18:34:19Z" user="echostatic" uid="5177591">
  <nd ref="297193785"/>
  <nd ref="1990960288"/>
  <nd ref="1990960281"/>
  <nd ref="297193784"/>
  <nd ref="432034438"/>
  <nd ref="432034439"/>
  <nd ref="432034440"/>
  <nd ref="432034441"/>
  <nd ref="432034442"/>
  <nd ref="432034443"/>
  <nd ref="432034444"/>
  <nd ref="432034405"/>
  <nd ref="385583194"/>
  <nd ref="385583176"/>
  <nd ref="432034407"/>
  <nd ref="432034408"/>
  <nd ref="432034409"/>
  <nd ref="432034410"/>
  <nd ref="432034411"/>
  <nd ref="432034412"/>
  <nd ref="432034349"/>
  <nd ref="432034413"/>
  <nd ref="432034350"/>
  <nd ref="356016925"/>
  <nd ref="432034352"/>
  <nd ref="432034353"/>
  <nd ref="432034354"/>
  <nd ref="432034355"/>
  <nd ref="432034356"/>
  <nd ref="432034308"/>
  <nd ref="356215167"/>
  <nd ref="356215168"/>
  <nd ref="432034304"/>
  <nd ref="432034305"/>
  <nd ref="432034306"/>
  <nd ref="432034307"/>
  <nd ref="385582251"/>
  <nd ref="432034254"/>
  <nd ref="432034261"/>
  <nd ref="432034255"/>
  <nd ref="432034256"/>
  <nd ref="432034257"/>
  <nd ref="432034212"/>
  <nd ref="432034213"/>
  <nd ref="385582252"/>
  <nd ref="385582253"/>
  <nd ref="432034187"/>
  <nd ref="432034198"/>
  <nd ref="432034199"/>
  <nd ref="432034200"/>
  <nd ref="385582254"/>
  <nd ref="432034618"/>
  <nd ref="432034619"/>
  <nd ref="432034570"/>
  <nd ref="432034550"/>
  <nd ref="432034525"/>
  <nd ref="432034530"/>
  <nd ref="432034551"/>
  <nd ref="432034552"/>
  <nd ref="432034553"/>
  <nd ref="432034526"/>
  <nd ref="432034527"/>
  <nd ref="432034528"/>
  <nd ref="297193785"/>
 </way>
 <way id="27087673" visible="true" version="41" changeset="124985791" timestamp="2022-08-16T18:34:19Z" user="echostatic" uid="5177591">
  <nd ref="432034889"/>
  <nd ref="9002734378"/>
  <nd ref="9002734381"/>
  <nd ref="9002734380"/>
  <nd ref="9002734379"/>
  <nd ref="1990960287"/>
  <nd ref="297194068"/>
  <nd ref="432034821"/>
  <nd ref="432034822"/>
  <nd ref="9957656161"/>
  <nd ref="9957656160"/>
  <nd ref="9957656159"/>
  <nd ref="9957656158"/>
  <nd ref="432035012"/>
  <nd ref="432035017"/>
  <nd ref="432035013"/>
  <nd ref="432034974"/>
  <nd ref="432034975"/>
  <nd ref="432034976"/>
  <nd ref="385582832"/>
  <nd ref="432034969"/>
  <nd ref="359770387"/>
  <nd ref="385582835"/>
  <nd ref="385582836"/>
  <nd ref="432034948"/>
  <nd ref="432034949"/>
  <nd ref="432034658"/>
  <nd ref="432034675"/>
  <nd ref="432034682"/>
  <nd ref="432034692"/>
  <nd ref="9002734382"/>
  <nd ref="9002734383"/>
  <nd ref="432034693"/>
  <nd ref="432034733"/>
  <nd ref="432034889"/>
  <tag k="landuse" v="forest"/>
  <tag k="leaf_cycle" v="deciduous"/>
  <tag k="leaf_type" v="mixed"/>
  <tag k="leisure" v="park"/>
  <tag k="place" v="islet"/>
 </way>
 <way id="33721600" visible="true" version="15" changeset="123410413" timestamp="2022-07-09T18:41:41Z" user="Trevor_1" uid="3715012">
  <nd ref="385582695"/>
  <nd ref="385582696"/>
  <nd ref="385582697"/>
  <nd ref="385582698"/>
  <nd ref="385582699"/>
  <nd ref="385582700"/>
  <nd ref="385582701"/>
  <nd ref="432034654"/>
  <nd ref="385582702"/>
  <nd ref="385582703"/>
  <nd ref="385582704"/>
  <nd ref="9002734376"/>
  <nd ref="385582705"/>
  <nd ref="385582706"/>
  <nd ref="432034655"/>
  <nd ref="385582695"/>
  <tag k="natural" v="scrub"/>
  <tag k="note" v="When dam floodgates are Open, this island is under water. Can flood quickly with out notice."/>
  <tag k="place" v="islet"/>
 </way>
 <way id="36997626" visible="true" version="10" changeset="108988820" timestamp="2021-08-01T21:58:53Z" user="EricTheLinguist" uid="2259690">
  <nd ref="430282460"/>
  <nd ref="430282462"/>
  <nd ref="430282463"/>
  <nd ref="430282464"/>
  <nd ref="430282466"/>
  <nd ref="430282468"/>
  <nd ref="430282470"/>
  <nd ref="430282471"/>
  <nd ref="430282472"/>
  <nd ref="430282473"/>
  <nd ref="430282474"/>
  <nd ref="8972853486"/>
  <nd ref="430282475"/>
  <nd ref="8972853485"/>
  <nd ref="430282477"/>
  <nd ref="8972853484"/>
  <nd ref="430282478"/>
  <nd ref="8972853487"/>
  <nd ref="8972853489"/>
  <nd ref="8972853488"/>
  <nd ref="430282481"/>
  <nd ref="430282482"/>
  <nd ref="430282483"/>
  <nd ref="430282484"/>
  <nd ref="430282485"/>
  <nd ref="430282486"/>
  <nd ref="430282488"/>
  <nd ref="430282460"/>
  <tag k="alt_name" v="Habitat Island"/>
  <tag k="leisure" v="park"/>
  <tag k="loc_name" v="Hobo Island"/>
  <tag k="name" v="Snake Island"/>
  <tag k="place" v="islet"/>
  <tag k="source:loc_name" v="https://www.atlasobscura.com/places/snake-island-austin"/>
  <tag k="source:name" v="https://www.atlasobscura.com/places/snake-island-austin"/>
 </way>
 <way id="124815697" visible="true" version="31" changeset="183508382" timestamp="2026-06-01T16:28:50Z" user="EricTheLinguist" uid="2259690">
  <nd ref="297193015"/>
  <nd ref="297193014"/>
  <nd ref="1387966249"/>
  <nd ref="1387966330"/>
  <nd ref="427852952"/>
  <nd ref="427852951"/>
  <nd ref="427852950"/>
  <nd ref="4980113291"/>
  <nd ref="3859079884"/>
  <nd ref="427852991"/>
  <nd ref="427852988"/>
  <nd ref="427852986"/>
  <nd ref="427852983"/>
  <nd ref="427852981"/>
  <nd ref="427852978"/>
  <nd ref="427852976"/>
  <nd ref="427852974"/>
  <nd ref="427852973"/>
  <nd ref="1387966286"/>
  <nd ref="1387966273"/>
  <nd ref="1387966253"/>
  <nd ref="1387966195"/>
  <nd ref="1387966301"/>
  <nd ref="1387966312"/>
  <nd ref="1387966229"/>
  <nd ref="429338178"/>
  <nd ref="429338179"/>
  <nd ref="9002734377"/>
  <nd ref="1990960253"/>
  <nd ref="429338184"/>
  <nd ref="429338185"/>
  <nd ref="297193416"/>
  <nd ref="429338188"/>
  <nd ref="429338190"/>
  <nd ref="429338194"/>
  <nd ref="1990960334"/>
  <nd ref="1990985527"/>
  <nd ref="429338195"/>
  <nd ref="297197503"/>
  <nd ref="429338198"/>
  <nd ref="429338200"/>
  <nd ref="429338203"/>
  <nd ref="429338204"/>
  <nd ref="429338205"/>
  <nd ref="429338206"/>
  <nd ref="429338207"/>
  <nd ref="429338208"/>
  <nd ref="429338209"/>
  <nd ref="429338210"/>
  <nd ref="429338211"/>
  <nd ref="429338212"/>
  <nd ref="429338213"/>
  <nd ref="297193411"/>
  <nd ref="385584212"/>
  <nd ref="429338214"/>
  <nd ref="429338215"/>
  <nd ref="1990948934"/>
  <nd ref="429338216"/>
  <nd ref="429338217"/>
  <nd ref="429338218"/>
  <nd ref="429338219"/>
  <nd ref="429338220"/>
  <nd ref="429338221"/>
  <nd ref="429338222"/>
  <nd ref="429338223"/>
  <nd ref="429338224"/>
  <nd ref="429338225"/>
  <nd ref="429338226"/>
  <nd ref="429338227"/>
  <nd ref="429338228"/>
  <nd ref="429338229"/>
  <nd ref="429338230"/>
  <nd ref="2276353338"/>
  <nd ref="2276353337"/>
  <nd ref="2276353336"/>
  <nd ref="2276353335"/>
  <nd ref="429338231"/>
  <nd ref="429338240"/>
  <nd ref="429338241"/>
  <nd ref="429338242"/>
  <nd ref="429338243"/>
  <nd ref="429338244"/>
  <nd ref="429338245"/>
  <nd ref="429338246"/>
  <nd ref="429338247"/>
  <nd ref="429338248"/>
  <nd ref="429338249"/>
  <nd ref="429338250"/>
  <nd ref="429338251"/>
  <nd ref="429338252"/>
  <nd ref="429338253"/>
  <nd ref="429338254"/>
  <nd ref="8759046933"/>
  <nd ref="1990960096"/>
  <nd ref="429338256"/>
  <nd ref="8989181674"/>
  <nd ref="1990960262"/>
  <nd ref="8759046927"/>
  <nd ref="8759046926"/>
  <nd ref="8989181549"/>
  <nd ref="8989181547"/>
  <nd ref="8989181553"/>
  <nd ref="8989181546"/>
  <nd ref="8989181554"/>
  <nd ref="8989181555"/>
  <nd ref="8989181548"/>
  <nd ref="8989181556"/>
  <nd ref="8989181557"/>
  <nd ref="432762196"/>
  <nd ref="8989181466"/>
  <nd ref="8989181606"/>
  <nd ref="8989181604"/>
  <nd ref="429338263"/>
  <nd ref="429338264"/>
  <nd ref="429338265"/>
  <nd ref="429338266"/>
  <nd ref="1990960172"/>
  <nd ref="13902029094"/>
  <nd ref="8989158110"/>
  <nd ref="429338267"/>
  <nd ref="1984034720"/>
  <nd ref="429338268"/>
  <nd ref="8989181519"/>
  <nd ref="8989181520"/>
  <nd ref="8989181518"/>
  <nd ref="429338269"/>
  <nd ref="429338270"/>
  <nd ref="429338271"/>
  <nd ref="8989181517"/>
  <nd ref="429338272"/>
  <nd ref="429338273"/>
  <nd ref="8989181516"/>
  <nd ref="429338274"/>
  <nd ref="9000197035"/>
  <nd ref="8989181506"/>
  <nd ref="8989181505"/>
  <nd ref="8989181515"/>
  <nd ref="8989181514"/>
  <nd ref="9000197034"/>
  <nd ref="9000197033"/>
  <nd ref="8989181507"/>
  <nd ref="9000197031"/>
  <nd ref="9000197032"/>
  <nd ref="8989181511"/>
  <nd ref="8989181513"/>
  <nd ref="8989181512"/>
  <nd ref="8989181509"/>
  <nd ref="8989181510"/>
  <nd ref="8989181508"/>
  <nd ref="8989181504"/>
  <nd ref="429338275"/>
  <nd ref="8989181521"/>
  <nd ref="429338276"/>
  <nd ref="429338277"/>
  <nd ref="429338278"/>
  <nd ref="8989181522"/>
  <nd ref="429338279"/>
  <nd ref="8989181523"/>
  <nd ref="1984034698"/>
  <nd ref="429338281"/>
  <nd ref="429338282"/>
  <nd ref="429338283"/>
  <nd ref="429338284"/>
  <nd ref="429338285"/>
  <nd ref="13828814767"/>
  <nd ref="13828814770"/>
  <nd ref="13828814769"/>
  <nd ref="13828814771"/>
  <nd ref="13828814768"/>
  <nd ref="429338286"/>
  <nd ref="429338287"/>
  <nd ref="8988202909"/>
  <nd ref="429338288"/>
  <nd ref="8988202908"/>
  <nd ref="429338289"/>
  <nd ref="429338290"/>
  <nd ref="8988202907"/>
  <nd ref="429338291"/>
  <nd ref="429338292"/>
  <nd ref="8988202906"/>
  <nd ref="429338293"/>
  <nd ref="8988202930"/>
  <nd ref="8988202928"/>
  <nd ref="8988202929"/>
  <nd ref="1984034688"/>
  <nd ref="8988202905"/>
  <nd ref="8988202904"/>
  <nd ref="8988202863"/>
  <nd ref="301302196"/>
 </way>
 <way id="238576825" visible="true" version="1" changeset="17924542" timestamp="2013-09-19T15:22:12Z" user="clay_c" uid="119881">
  <nd ref="297193015"/>
  <nd ref="297193364"/>
  <nd ref="297193365"/>
  <nd ref="297193907"/>
  <nd ref="356214991"/>
  <nd ref="297193909"/>
  <nd ref="356214990"/>
  <nd ref="297193020"/>
  <nd ref="1984039430"/>
  <nd ref="356214989"/>
  <nd ref="297193021"/>
  <nd ref="356214988"/>
  <nd ref="356214987"/>
  <nd ref="356214986"/>
  <nd ref="385579709"/>
  <nd ref="1389065704"/>
  <nd ref="297193022"/>
  <nd ref="356214985"/>
  <nd ref="385579708"/>
  <nd ref="356214984"/>
  <nd ref="1494657636"/>
 </way>
 <way id="259093284" visible="true" version="1" changeset="20288458" timestamp="2014-01-30T19:05:13Z" user="RoverLand" uid="1429602">
  <nd ref="301302196"/>
  <nd ref="297197480"/>
  <nd ref="301302224"/>
 </way>
 <way id="259093286" visible="true" version="86" changeset="183606600" timestamp="2026-06-03T17:38:34Z" user="EricTheLinguist" uid="2259690">
  <nd ref="8957619937"/>
  <nd ref="8957619935"/>
  <nd ref="8957619936"/>
  <nd ref="8957574515"/>
  <nd ref="3911716452"/>
  <nd ref="1387971188"/>
  <nd ref="338326624"/>
  <nd ref="429397141"/>
  <nd ref="429397142"/>
  <nd ref="429397143"/>
  <nd ref="429397144"/>
  <nd ref="429397145"/>
  <nd ref="429397146"/>
  <nd ref="429397147"/>
  <nd ref="429397148"/>
  <nd ref="429397149"/>
  <nd ref="11244424695"/>
  <nd ref="11244423952"/>
  <nd ref="429397150"/>
  <nd ref="429397151"/>
  <nd ref="429397152"/>
  <nd ref="429397153"/>
  <nd ref="429397154"/>
  <nd ref="429397155"/>
  <nd ref="11244424014"/>
  <nd ref="429397156"/>
  <nd ref="429397157"/>
  <nd ref="429397158"/>
  <nd ref="429397159"/>
  <nd ref="10076175526"/>
  <nd ref="429397160"/>
  <nd ref="429397161"/>
  <nd ref="429397162"/>
  <nd ref="429397163"/>
  <nd ref="429397164"/>
  <nd ref="429397165"/>
  <nd ref="429397166"/>
  <nd ref="429397167"/>
  <nd ref="429397168"/>
  <nd ref="429397169"/>
  <nd ref="429397170"/>
  <nd ref="429397171"/>
  <nd ref="429397172"/>
  <nd ref="11244424015"/>
  <nd ref="429397175"/>
  <nd ref="429397176"/>
  <nd ref="429397177"/>
  <nd ref="429397178"/>
  <nd ref="429397179"/>
  <nd ref="429397180"/>
  <nd ref="429397181"/>
  <nd ref="429397182"/>
  <nd ref="429397183"/>
  <nd ref="429397184"/>
  <nd ref="429397185"/>
  <nd ref="429397186"/>
  <nd ref="11244424013"/>
  <nd ref="11244424016"/>
  <nd ref="429397187"/>
  <nd ref="429397188"/>
  <nd ref="11244424017"/>
  <nd ref="429397189"/>
  <nd ref="3277560411"/>
  <nd ref="429397190"/>
  <nd ref="429397191"/>
  <nd ref="429397192"/>
  <nd ref="429397193"/>
  <nd ref="429397194"/>
  <nd ref="11244424694"/>
  <nd ref="11511580395"/>
  <nd ref="429397195"/>
  <nd ref="429397196"/>
  <nd ref="429397197"/>
  <nd ref="429397198"/>
  <nd ref="300771513"/>
  <nd ref="11244424018"/>
  <nd ref="429397199"/>
  <nd ref="429397200"/>
  <nd ref="429397201"/>
  <nd ref="429397202"/>
  <nd ref="429397203"/>
  <nd ref="429397204"/>
  <nd ref="429397205"/>
  <nd ref="429397206"/>
  <nd ref="429397207"/>
  <nd ref="429397208"/>
  <nd ref="429397209"/>
  <nd ref="429397210"/>
  <nd ref="429397211"/>
  <nd ref="11244424645"/>
  <nd ref="429397212"/>
  <nd ref="429397213"/>
  <nd ref="429397214"/>
  <nd ref="429397215"/>
  <nd ref="429397216"/>
  <nd ref="429397217"/>
  <nd ref="429397218"/>
  <nd ref="11244424019"/>
  <nd ref="429397219"/>
  <nd ref="13831775295"/>
  <nd ref="13831775294"/>
  <nd ref="13831775275"/>
  <nd ref="429397220"/>
  <nd ref="429397221"/>
  <nd ref="429397222"/>
  <nd ref="429397223"/>
  <nd ref="13819497917"/>
  <nd ref="13819497918"/>
  <nd ref="13819497919"/>
  <nd ref="13819497920"/>
  <nd ref="13819497916"/>
  <nd ref="429397224"/>
  <nd ref="429397225"/>
  <nd ref="429397226"/>
  <nd ref="429397227"/>
  <nd ref="429397228"/>
  <nd ref="429397229"/>
  <nd ref="429397230"/>
  <nd ref="429397231"/>
  <nd ref="13799990208"/>
  <nd ref="13799980697"/>
  <nd ref="13799980699"/>
  <nd ref="13799980700"/>
  <nd ref="13799990202"/>
  <nd ref="13799990203"/>
  <nd ref="13799990201"/>
  <nd ref="13799980698"/>
  <nd ref="13799980696"/>
  <nd ref="13799990209"/>
  <nd ref="429397232"/>
  <nd ref="429397233"/>
  <nd ref="429397234"/>
  <nd ref="429397235"/>
  <nd ref="429397236"/>
  <nd ref="429397237"/>
  <nd ref="429397238"/>
  <nd ref="429397239"/>
  <nd ref="429397240"/>
  <nd ref="429397241"/>
  <nd ref="429397242"/>
  <nd ref="429397244"/>
  <nd ref="429397246"/>
  <nd ref="429397247"/>
  <nd ref="429397248"/>
  <nd ref="429397249"/>
  <nd ref="429397250"/>
  <nd ref="429397251"/>
  <nd ref="13841114258"/>
  <nd ref="429397252"/>
  <nd ref="429397253"/>
  <nd ref="429397254"/>
  <nd ref="429397255"/>
  <nd ref="429397256"/>
  <nd ref="429397257"/>
  <nd ref="429397258"/>
  <nd ref="429397259"/>
  <nd ref="13811802901"/>
  <nd ref="429397260"/>
  <nd ref="429397261"/>
  <nd ref="429397262"/>
  <nd ref="429397263"/>
  <nd ref="13811802887"/>
  <nd ref="429397264"/>
  <nd ref="429397265"/>
  <nd ref="429397266"/>
  <nd ref="429397267"/>
  <nd ref="429397268"/>
  <nd ref="429397269"/>
  <nd ref="429397270"/>
  <nd ref="429397271"/>
  <nd ref="429397272"/>
  <nd ref="429397273"/>
  <nd ref="429397274"/>
  <nd ref="429397275"/>
  <nd ref="429397276"/>
  <nd ref="429397277"/>
  <nd ref="429397278"/>
  <nd ref="429397279"/>
  <nd ref="429397280"/>
  <nd ref="429397281"/>
  <nd ref="429397282"/>
  <nd ref="429397283"/>
  <nd ref="429397284"/>
  <nd ref="13831401218"/>
  <nd ref="429397285"/>
  <nd ref="429397286"/>
  <nd ref="429397287"/>
  <nd ref="429397288"/>
  <nd ref="429397289"/>
  <nd ref="429397290"/>
  <nd ref="429397291"/>
  <nd ref="429397292"/>
  <nd ref="429397293"/>
  <nd ref="429397294"/>
  <nd ref="429397295"/>
  <nd ref="429397296"/>
  <nd ref="429397297"/>
  <nd ref="429397298"/>
  <nd ref="429397299"/>
  <nd ref="429397300"/>
  <nd ref="429397301"/>
  <nd ref="429397302"/>
  <nd ref="13831401210"/>
  <nd ref="429397303"/>
  <nd ref="429397304"/>
  <nd ref="429397305"/>
  <nd ref="429397306"/>
  <nd ref="429397307"/>
  <nd ref="429397308"/>
  <nd ref="429397309"/>
  <nd ref="429397310"/>
  <nd ref="429397311"/>
  <nd ref="429397312"/>
  <nd ref="429397313"/>
  <nd ref="429397314"/>
  <nd ref="429397315"/>
  <nd ref="429397316"/>
  <nd ref="429397317"/>
  <nd ref="429397318"/>
  <nd ref="429397319"/>
  <nd ref="429397320"/>
  <nd ref="429397321"/>
  <nd ref="429397322"/>
  <nd ref="429397323"/>
  <nd ref="429397324"/>
  <nd ref="429397325"/>
  <nd ref="429397326"/>
  <nd ref="429397327"/>
  <nd ref="429397328"/>
  <nd ref="429397329"/>
  <nd ref="429397330"/>
  <nd ref="429397331"/>
  <nd ref="429397332"/>
  <nd ref="429397333"/>
  <nd ref="429397334"/>
  <nd ref="429397335"/>
  <nd ref="429397336"/>
  <nd ref="429397337"/>
  <nd ref="429397338"/>
  <nd ref="429397339"/>
  <nd ref="429397340"/>
  <nd ref="429397341"/>
  <nd ref="8987052005"/>
  <nd ref="429397342"/>
  <nd ref="429397343"/>
  <nd ref="429397344"/>
  <nd ref="429397345"/>
  <nd ref="429397346"/>
  <nd ref="429397347"/>
  <nd ref="429397348"/>
  <nd ref="429397349"/>
  <nd ref="429397350"/>
  <nd ref="429397351"/>
  <nd ref="429397352"/>
  <nd ref="429397353"/>
  <nd ref="429397354"/>
  <nd ref="429397355"/>
  <nd ref="429397356"/>
  <nd ref="429397357"/>
  <nd ref="429397358"/>
  <nd ref="8987024918"/>
  <nd ref="429397359"/>
  <nd ref="2468406860"/>
  <nd ref="429397360"/>
  <nd ref="429397361"/>
  <nd ref="8987024920"/>
  <nd ref="429397362"/>
  <nd ref="8987024919"/>
  <nd ref="429397363"/>
  <nd ref="8987024922"/>
  <nd ref="8987024923"/>
  <nd ref="429397364"/>
  <nd ref="429397365"/>
  <nd ref="429397366"/>
  <nd ref="429397367"/>
  <nd ref="429397368"/>
  <nd ref="8987024831"/>
  <nd ref="8987024947"/>
  <nd ref="8987024832"/>
  <nd ref="8987024842"/>
  <nd ref="8987024833"/>
  <nd ref="8987024910"/>
  <nd ref="8987024834"/>
  <nd ref="8987024835"/>
  <nd ref="429397369"/>
  <nd ref="429397370"/>
  <nd ref="429397371"/>
  <nd ref="429397372"/>
  <nd ref="429397373"/>
  <nd ref="429397374"/>
  <nd ref="429397375"/>
  <nd ref="429397376"/>
  <nd ref="429397377"/>
  <nd ref="429397378"/>
  <nd ref="429397379"/>
  <nd ref="429397380"/>
  <nd ref="429397381"/>
  <nd ref="429397382"/>
  <nd ref="1990844687"/>
  <nd ref="429397383"/>
  <nd ref="429397384"/>
  <nd ref="429397385"/>
  <nd ref="429397386"/>
  <nd ref="429397387"/>
  <nd ref="429397388"/>
  <nd ref="429397389"/>
  <nd ref="429397390"/>
  <nd ref="429397391"/>
  <nd ref="429397392"/>
  <nd ref="429397393"/>
  <nd ref="429397394"/>
  <nd ref="429397395"/>
  <nd ref="429397396"/>
  <nd ref="429397397"/>
  <nd ref="429397398"/>
  <nd ref="429397399"/>
  <nd ref="8987024840"/>
  <nd ref="429397401"/>
  <nd ref="429397402"/>
  <nd ref="9454266289"/>
  <nd ref="429397403"/>
  <nd ref="429397404"/>
  <nd ref="429397405"/>
  <nd ref="8987024755"/>
  <nd ref="429397406"/>
  <nd ref="8987024754"/>
  <nd ref="429397407"/>
  <nd ref="8987024753"/>
  <nd ref="8987024752"/>
  <nd ref="8987024751"/>
  <nd ref="429397408"/>
  <nd ref="297193051"/>
  <nd ref="8987024747"/>
  <nd ref="429397409"/>
  <nd ref="429397410"/>
  <nd ref="429397411"/>
  <nd ref="429397412"/>
  <nd ref="429397413"/>
  <nd ref="8987024785"/>
  <nd ref="429397414"/>
  <nd ref="8987024746"/>
  <nd ref="429397415"/>
  <nd ref="8987024745"/>
  <nd ref="429397416"/>
  <nd ref="429397417"/>
  <nd ref="8987024743"/>
  <nd ref="8987024744"/>
  <nd ref="429397418"/>
  <nd ref="8987024742"/>
  <nd ref="8987024741"/>
  <nd ref="8987024740"/>
  <nd ref="8987024739"/>
  <nd ref="429397419"/>
  <nd ref="8987024738"/>
  <nd ref="8987024737"/>
  <nd ref="8987024736"/>
  <nd ref="8987024735"/>
  <nd ref="429397420"/>
  <nd ref="8987024734"/>
  <nd ref="8987024733"/>
  <nd ref="429397421"/>
  <nd ref="8987024732"/>
  <nd ref="429397422"/>
  <nd ref="8987024731"/>
  <nd ref="429397423"/>
  <nd ref="8987024730"/>
  <nd ref="429397424"/>
  <nd ref="429397425"/>
  <nd ref="8987024729"/>
  <nd ref="8987024728"/>
  <nd ref="8987024727"/>
  <nd ref="429397426"/>
  <nd ref="429397427"/>
  <nd ref="8987009609"/>
  <nd ref="429397428"/>
  <nd ref="429397429"/>
  <nd ref="429397431"/>
  <nd ref="429397432"/>
  <nd ref="8977391321"/>
  <nd ref="8977444459"/>
  <nd ref="429397434"/>
  <nd ref="13802852953"/>
  <nd ref="8977444444"/>
  <nd ref="8991620988"/>
  <nd ref="429397435"/>
  <nd ref="8977444443"/>
  <nd ref="8977444442"/>
  <nd ref="8977444441"/>
  <nd ref="429397436"/>
  <nd ref="8977444440"/>
  <nd ref="8977444439"/>
  <nd ref="8977444438"/>
  <nd ref="8977444435"/>
  <nd ref="8977444434"/>
  <nd ref="429397437"/>
  <nd ref="8977444431"/>
  <nd ref="429397441"/>
  <nd ref="5785228620"/>
  <nd ref="8977444466"/>
  <nd ref="8977444461"/>
  <nd ref="5785228621"/>
  <nd ref="13802852936"/>
  <nd ref="5785228622"/>
  <nd ref="5785228623"/>
  <nd ref="429397445"/>
  <nd ref="5785228624"/>
  <nd ref="5785228625"/>
  <nd ref="4676865952"/>
  <nd ref="5785228626"/>
  <nd ref="8977391322"/>
  <nd ref="5785228627"/>
  <nd ref="429397452"/>
  <nd ref="13832202172"/>
  <nd ref="5785228628"/>
  <nd ref="13832202171"/>
  <nd ref="13832202173"/>
  <nd ref="5785228629"/>
  <nd ref="13832202180"/>
  <nd ref="13832202174"/>
  <nd ref="13832202179"/>
  <nd ref="13832202175"/>
  <nd ref="13832202176"/>
  <nd ref="13832202178"/>
  <nd ref="13832202177"/>
  <nd ref="5785228630"/>
  <nd ref="13832202181"/>
  <nd ref="13832202182"/>
  <nd ref="429397457"/>
  <nd ref="5785228631"/>
  <nd ref="429397458"/>
  <nd ref="5785228632"/>
  <nd ref="429397462"/>
  <nd ref="5785228633"/>
  <nd ref="429397464"/>
  <nd ref="429397466"/>
  <nd ref="5785228634"/>
  <nd ref="5785228635"/>
  <nd ref="429397468"/>
  <nd ref="5785228636"/>
  <nd ref="429397469"/>
  <nd ref="5785228637"/>
  <nd ref="429397471"/>
  <nd ref="429397472"/>
  <nd ref="429397474"/>
  <nd ref="8975934104"/>
  <nd ref="8975934101"/>
  <nd ref="8975934108"/>
  <nd ref="8975934077"/>
  <nd ref="8975934109"/>
  <nd ref="8975934078"/>
  <nd ref="8975934107"/>
  <nd ref="8975934115"/>
  <nd ref="8975934120"/>
  <nd ref="8975934121"/>
  <nd ref="8975934122"/>
  <nd ref="8975934119"/>
  <nd ref="8975934118"/>
  <nd ref="8975934117"/>
  <nd ref="8975934116"/>
  <nd ref="5785228617"/>
  <nd ref="429397495"/>
  <nd ref="8975934110"/>
  <nd ref="429397497"/>
  <nd ref="8975934112"/>
  <nd ref="429397498"/>
  <nd ref="8975934113"/>
  <nd ref="5785228650"/>
  <nd ref="8991638624"/>
  <nd ref="8975934090"/>
  <nd ref="8975934083"/>
  <nd ref="13907801566"/>
  <nd ref="429397506"/>
  <nd ref="8977391300"/>
  <nd ref="4676865960"/>
  <nd ref="5785228651"/>
  <nd ref="8977391299"/>
  <nd ref="8977391298"/>
  <nd ref="5785228652"/>
  <nd ref="8977391297"/>
  <nd ref="8977391296"/>
  <nd ref="8977391295"/>
  <nd ref="8977391294"/>
  <nd ref="8977391293"/>
  <nd ref="429397508"/>
  <nd ref="429397510"/>
  <nd ref="13902135411"/>
  <nd ref="429397513"/>
  <nd ref="13902135422"/>
  <nd ref="13902135421"/>
  <nd ref="13902135420"/>
  <nd ref="13902135419"/>
  <nd ref="8977433367"/>
  <nd ref="13902135418"/>
  <nd ref="429397515"/>
  <nd ref="8977433368"/>
  <nd ref="8977433369"/>
  <nd ref="8977433370"/>
  <nd ref="8977433371"/>
  <nd ref="13902103474"/>
  <nd ref="13902135429"/>
  <nd ref="429397517"/>
  <nd ref="429397519"/>
  <nd ref="429397521"/>
  <nd ref="9062872363"/>
  <nd ref="429397523"/>
  <nd ref="13902103468"/>
  <nd ref="429397524"/>
  <nd ref="429397526"/>
  <nd ref="5785228654"/>
  <nd ref="9062867609"/>
  <nd ref="429397528"/>
  <nd ref="9062867612"/>
  <nd ref="429397530"/>
  <nd ref="385570310"/>
  <nd ref="9062872362"/>
  <nd ref="385570315"/>
  <nd ref="385570317"/>
  <nd ref="9062872361"/>
  <nd ref="5785228655"/>
  <nd ref="9062872346"/>
  <nd ref="297193914"/>
  <nd ref="9062872347"/>
  <nd ref="9062872348"/>
  <nd ref="9062872349"/>
  <nd ref="5785228657"/>
  <nd ref="5785228656"/>
  <nd ref="9062872359"/>
  <nd ref="9062872350"/>
  <nd ref="9062872360"/>
  <nd ref="9062872351"/>
  <nd ref="9062872353"/>
  <nd ref="9062872352"/>
  <nd ref="385570321"/>
  <nd ref="385570323"/>
  <nd ref="385570325"/>
  <nd ref="385570327"/>
  <nd ref="385570329"/>
  <nd ref="5785228658"/>
  <nd ref="9062872357"/>
  <nd ref="9062872334"/>
  <nd ref="5785228659"/>
  <nd ref="9062872354"/>
  <nd ref="5785228616"/>
  <nd ref="8241465942"/>
  <nd ref="8977444474"/>
  <nd ref="9000242153"/>
  <nd ref="8241465941"/>
  <nd ref="9000242076"/>
  <nd ref="9000242151"/>
  <nd ref="1982999202"/>
  <nd ref="9000242108"/>
  <nd ref="9000242107"/>
  <nd ref="5785228660"/>
  <nd ref="9000242106"/>
  <nd ref="9000242103"/>
  <nd ref="9000242100"/>
  <nd ref="9000242099"/>
  <nd ref="9000242098"/>
  <nd ref="9000242097"/>
  <nd ref="297193041"/>
  <nd ref="9000242096"/>
  <nd ref="9000242094"/>
  <nd ref="9000242046"/>
  <nd ref="9000242095"/>
  <nd ref="9000242045"/>
  <nd ref="9000242093"/>
  <nd ref="9000242092"/>
  <nd ref="356214969"/>
  <nd ref="9000242089"/>
  <nd ref="9000242090"/>
  <nd ref="9000242088"/>
  <nd ref="9000242047"/>
  <nd ref="1982999237"/>
  <nd ref="1982999241"/>
  <nd ref="9000242042"/>
  <nd ref="9000242041"/>
  <nd ref="9000242039"/>
  <nd ref="9000242038"/>
  <nd ref="297193040"/>
  <nd ref="9000242037"/>
  <nd ref="9000242036"/>
  <nd ref="385570337"/>
  <nd ref="9000242035"/>
  <nd ref="9000242034"/>
  <nd ref="9000242033"/>
  <nd ref="9000242032"/>
  <nd ref="297193039"/>
  <nd ref="9000242031"/>
  <nd ref="13868455338"/>
  <nd ref="385570340"/>
  <nd ref="13868455337"/>
  <nd ref="9000242030"/>
  <nd ref="9000242029"/>
  <nd ref="8984144062"/>
  <nd ref="9000023521"/>
  <nd ref="9000023524"/>
  <nd ref="385570342"/>
  <nd ref="9000023530"/>
  <nd ref="385570344"/>
  <nd ref="9000023531"/>
  <nd ref="346485257"/>
  <nd ref="9000023533"/>
  <nd ref="9000023532"/>
  <nd ref="429396829"/>
  <nd ref="429396830"/>
  <nd ref="1982999240"/>
  <nd ref="5864411500"/>
  <nd ref="8984143899"/>
  <nd ref="8984143904"/>
  <nd ref="8984143845"/>
  <nd ref="8984143905"/>
  <nd ref="8984143906"/>
  <nd ref="8984143907"/>
  <nd ref="8984143913"/>
  <nd ref="8984143912"/>
  <nd ref="8984143911"/>
  <nd ref="8984143910"/>
  <nd ref="8984143909"/>
  <nd ref="8984143908"/>
  <nd ref="8984143903"/>
  <nd ref="8984143944"/>
  <nd ref="8984143902"/>
  <nd ref="8984143901"/>
  <nd ref="8984143892"/>
  <nd ref="429396913"/>
  <nd ref="429396915"/>
  <nd ref="429396918"/>
  <nd ref="429396920"/>
  <nd ref="8984143937"/>
  <nd ref="429396923"/>
  <nd ref="429396926"/>
  <nd ref="8984144078"/>
  <nd ref="4638304439"/>
  <nd ref="429396931"/>
  <nd ref="8984144077"/>
  <nd ref="429396938"/>
  <nd ref="429396941"/>
  <nd ref="429396943"/>
  <nd ref="429396944"/>
  <nd ref="429396945"/>
  <nd ref="8984144064"/>
  <nd ref="8984143987"/>
  <nd ref="429396946"/>
  <nd ref="346485066"/>
  <nd ref="8984143981"/>
  <nd ref="385570356"/>
  <nd ref="8984143980"/>
  <nd ref="297193378"/>
  <nd ref="4638304454"/>
  <nd ref="8984144007"/>
  <nd ref="8984143986"/>
  <nd ref="8984143985"/>
  <nd ref="8984143984"/>
  <nd ref="8984144147"/>
  <nd ref="8984144146"/>
  <nd ref="8984144148"/>
  <nd ref="4638304443"/>
  <nd ref="8984144149"/>
  <nd ref="8984144194"/>
  <nd ref="8984144017"/>
  <nd ref="8984144018"/>
  <nd ref="8984144019"/>
  <nd ref="8984144020"/>
  <nd ref="8984144021"/>
  <nd ref="8984144022"/>
  <nd ref="8984144023"/>
  <nd ref="8984144024"/>
  <nd ref="4638304451"/>
  <nd ref="8984144025"/>
  <nd ref="4638304453"/>
  <nd ref="8984144154"/>
  <nd ref="4638304452"/>
  <nd ref="8984144153"/>
  <nd ref="8984144152"/>
  <nd ref="13847185039"/>
  <nd ref="13847185040"/>
  <nd ref="13847185038"/>
  <nd ref="4638304449"/>
  <nd ref="13847185032"/>
  <nd ref="4638304450"/>
  <nd ref="13847185037"/>
  <nd ref="13847185036"/>
  <nd ref="13847185035"/>
  <nd ref="13847185034"/>
  <nd ref="13847185033"/>
  <nd ref="385570395"/>
  <nd ref="385570396"/>
  <nd ref="385570397"/>
  <nd ref="356214972"/>
  <nd ref="12950320391"/>
  <nd ref="297193376"/>
  <nd ref="11831477376"/>
  <nd ref="1408899304"/>
  <nd ref="8991722503"/>
  <nd ref="356214975"/>
  <nd ref="9368675070"/>
  <nd ref="9368675103"/>
  <nd ref="13885205902"/>
  <nd ref="8991722501"/>
  <nd ref="297197490"/>
  <nd ref="8991722499"/>
  <nd ref="8995122132"/>
  <nd ref="8995122133"/>
  <nd ref="8995122134"/>
  <nd ref="8995122135"/>
  <nd ref="8995122136"/>
  <nd ref="13885205810"/>
  <nd ref="13885205811"/>
  <nd ref="8995122137"/>
  <nd ref="13885205812"/>
  <nd ref="13885205809"/>
  <nd ref="13885205813"/>
  <nd ref="8995122138"/>
  <nd ref="8995122181"/>
  <nd ref="8991722498"/>
  <nd ref="356214977"/>
  <nd ref="8991722497"/>
  <nd ref="13885205500"/>
  <nd ref="8997432105"/>
  <nd ref="13885205504"/>
  <nd ref="13885205503"/>
  <nd ref="13885205502"/>
  <nd ref="12162430067"/>
  <nd ref="13885205497"/>
  <nd ref="8997446625"/>
  <nd ref="13885205499"/>
  <nd ref="13885205498"/>
  <nd ref="8991722496"/>
  <nd ref="297193034"/>
  <nd ref="8991673118"/>
  <nd ref="13885205472"/>
  <nd ref="13885205471"/>
  <nd ref="8991673122"/>
  <nd ref="8997446635"/>
  <nd ref="8991673120"/>
  <nd ref="8991673124"/>
  <nd ref="8991673126"/>
  <nd ref="8991673119"/>
  <nd ref="8991673127"/>
  <nd ref="8991673125"/>
  <nd ref="8991673121"/>
  <nd ref="8997432089"/>
  <nd ref="8991673123"/>
  <nd ref="13885205469"/>
  <nd ref="8991673117"/>
  <nd ref="297193033"/>
  <nd ref="8991672916"/>
  <nd ref="8997432102"/>
  <nd ref="8991672915"/>
  <nd ref="297193374"/>
  <nd ref="8997432100"/>
  <nd ref="8997432099"/>
  <nd ref="8991722493"/>
  <nd ref="8997432096"/>
  <nd ref="8997432095"/>
  <nd ref="297193912"/>
  <nd ref="8997432094"/>
  <nd ref="8997432092"/>
  <nd ref="8997432093"/>
  <nd ref="8997432091"/>
  <nd ref="8997432049"/>
  <nd ref="8997432090"/>
  <nd ref="454767629"/>
  <nd ref="8991673154"/>
  <nd ref="8991673155"/>
  <nd ref="8991673156"/>
  <nd ref="8991673165"/>
  <nd ref="297193372"/>
  <nd ref="8991673164"/>
  <nd ref="8991673163"/>
  <nd ref="8991673160"/>
  <nd ref="8991673162"/>
  <nd ref="8991673161"/>
  <nd ref="8991673159"/>
  <nd ref="8759041897"/>
  <nd ref="356214978"/>
  <nd ref="8991673157"/>
  <nd ref="8991673158"/>
  <nd ref="8991653828"/>
  <nd ref="8991653827"/>
  <nd ref="8991653826"/>
  <nd ref="8991653830"/>
  <nd ref="8991653829"/>
  <nd ref="8991653825"/>
  <nd ref="8991653824"/>
  <nd ref="8991672882"/>
  <nd ref="297193371"/>
  <nd ref="8991653834"/>
  <nd ref="8991653833"/>
  <nd ref="8991653832"/>
  <nd ref="8991653831"/>
  <nd ref="356214979"/>
  <nd ref="8991672880"/>
  <nd ref="8991672879"/>
  <nd ref="385570790"/>
  <nd ref="385570792"/>
  <nd ref="8991672878"/>
  <nd ref="385570794"/>
  <nd ref="385570796"/>
  <nd ref="297197488"/>
  <nd ref="8991653855"/>
  <nd ref="8991653859"/>
  <nd ref="8991653858"/>
  <nd ref="8991653871"/>
  <nd ref="8991653857"/>
  <nd ref="13889385789"/>
  <nd ref="8991653872"/>
  <nd ref="13889385788"/>
  <nd ref="8991653856"/>
  <nd ref="8991653851"/>
  <nd ref="297193910"/>
  <nd ref="8991653860"/>
  <nd ref="8991653861"/>
  <nd ref="8991653862"/>
  <nd ref="297193026"/>
  <nd ref="8991649333"/>
  <nd ref="8991649331"/>
  <nd ref="8991649332"/>
  <nd ref="8991649334"/>
  <nd ref="8991649335"/>
  <nd ref="356214982"/>
  <nd ref="8991649336"/>
  <nd ref="8991649341"/>
  <nd ref="8991649342"/>
  <nd ref="8991649343"/>
  <nd ref="8991649344"/>
  <nd ref="8991649340"/>
  <nd ref="8991649349"/>
  <nd ref="8991649350"/>
  <nd ref="8991649351"/>
  <nd ref="8991649348"/>
  <nd ref="8991649347"/>
  <nd ref="8991649346"/>
  <nd ref="8991649345"/>
  <nd ref="8991649352"/>
  <nd ref="8991649356"/>
  <nd ref="8991649357"/>
  <nd ref="8991649359"/>
  <nd ref="8991649361"/>
  <nd ref="8991649363"/>
  <nd ref="8991649366"/>
  <nd ref="8991649367"/>
  <nd ref="8991649368"/>
  <nd ref="8991649369"/>
  <nd ref="8991649370"/>
  <nd ref="8991649371"/>
  <nd ref="8991649372"/>
  <nd ref="8991649365"/>
  <nd ref="8991649364"/>
  <nd ref="8991649362"/>
  <nd ref="8991649360"/>
  <nd ref="8991649358"/>
  <nd ref="8991649355"/>
  <nd ref="8991649353"/>
  <nd ref="8991649354"/>
  <nd ref="8991649337"/>
  <nd ref="8991649339"/>
  <nd ref="8991649338"/>
  <nd ref="385573244"/>
  <nd ref="385573245"/>
  <nd ref="8991653854"/>
  <nd ref="8991653853"/>
  <nd ref="385573246"/>
  <nd ref="8991649330"/>
  <nd ref="8991649329"/>
  <nd ref="385573247"/>
  <nd ref="8991649328"/>
  <nd ref="8991649327"/>
  <nd ref="385573248"/>
  <nd ref="8991649326"/>
  <nd ref="385573249"/>
  <nd ref="385573250"/>
  <nd ref="8991649325"/>
  <nd ref="8991649324"/>
  <nd ref="385573251"/>
  <nd ref="8991649323"/>
  <nd ref="8991649322"/>
  <nd ref="297193368"/>
  <nd ref="8991649321"/>
  <nd ref="8991653835"/>
  <nd ref="8991649320"/>
  <nd ref="8991653836"/>
  <nd ref="8991649319"/>
  <nd ref="385573252"/>
  <nd ref="8991653837"/>
  <nd ref="385573253"/>
  <nd ref="8991649373"/>
  <nd ref="8991649374"/>
  <nd ref="8991649375"/>
  <nd ref="385573254"/>
  <nd ref="8991649378"/>
  <nd ref="8991649380"/>
  <nd ref="8991649382"/>
  <nd ref="8991649383"/>
  <nd ref="8991649384"/>
  <nd ref="8991649381"/>
  <nd ref="8991649379"/>
  <nd ref="8991649377"/>
  <nd ref="8991649376"/>
  <nd ref="8991649385"/>
  <nd ref="8991649386"/>
  <nd ref="8991649387"/>
  <nd ref="385573256"/>
  <nd ref="8991649388"/>
  <nd ref="8991649389"/>
  <nd ref="385573257"/>
  <nd ref="8991649390"/>
  <nd ref="8991649391"/>
  <nd ref="297193024"/>
  <nd ref="385573258"/>
  <nd ref="385573259"/>
  <nd ref="385573260"/>
  <nd ref="385573349"/>
  <nd ref="437345409"/>
  <nd ref="356214983"/>
  <nd ref="437345407"/>
  <nd ref="8649219139"/>
  <nd ref="8649219138"/>
  <nd ref="297193023"/>
  <nd ref="1984039405"/>
  <nd ref="385574127"/>
  <nd ref="385574129"/>
  <nd ref="385575013"/>
  <nd ref="385575015"/>
  <nd ref="385574131"/>
  <nd ref="385574535"/>
  <nd ref="11751195543"/>
  <nd ref="11751195542"/>
  <nd ref="11751195541"/>
  <nd ref="385574537"/>
  <nd ref="385574540"/>
  <nd ref="1494657636"/>
 </way>
 <way id="585478593" visible="true" version="2" changeset="109056934" timestamp="2021-08-03T02:50:59Z" user="EricTheLinguist" uid="2259690">
  <nd ref="5594895795"/>
  <nd ref="5594895796"/>
  <nd ref="5594895797"/>
  <nd ref="5594895798"/>
  <nd ref="5594895799"/>
  <nd ref="5594895800"/>
  <nd ref="5594895801"/>
  <nd ref="5594895802"/>
  <nd ref="5594895803"/>
  <nd ref="5594895804"/>
  <nd ref="5594895805"/>
  <nd ref="5594895806"/>
  <nd ref="5594895807"/>
  <nd ref="5594895808"/>
  <nd ref="8975871669"/>
  <nd ref="8975871670"/>
  <nd ref="5594895809"/>
  <nd ref="5594895810"/>
  <nd ref="5594895811"/>
  <nd ref="5594895812"/>
  <nd ref="5594895813"/>
  <nd ref="5594895814"/>
  <nd ref="5594895795"/>
  <tag k="place" v="islet"/>
 </way>
 <way id="679083605" visible="true" version="2" changeset="109057001" timestamp="2021-08-03T02:53:46Z" user="EricTheLinguist" uid="2259690">
  <nd ref="6358886618"/>
  <nd ref="6358886619"/>
  <nd ref="6358886620"/>
  <nd ref="6358886621"/>
  <nd ref="6358886622"/>
  <nd ref="6358886623"/>
  <nd ref="6358886624"/>
  <nd ref="6358886625"/>
  <nd ref="6358886626"/>
  <nd ref="6358886627"/>
  <nd ref="6358886618"/>
  <tag k="leaf_cycle" v="deciduous"/>
  <tag k="leaf_type" v="mixed"/>
  <tag k="natural" v="wood"/>
  <tag k="place" v="islet"/>
 </way>
 <way id="679083606" visible="true" version="2" changeset="155172478" timestamp="2024-08-13T00:07:29Z" user="ydnr" uid="21840058">
  <nd ref="6358886628"/>
  <nd ref="6358886629"/>
  <nd ref="6358886630"/>
  <nd ref="6358886631"/>
  <nd ref="6358886632"/>
  <nd ref="6358886633"/>
  <nd ref="6358886634"/>
  <nd ref="6358886635"/>
  <nd ref="6358886636"/>
  <nd ref="6358886637"/>
  <nd ref="6358886628"/>
  <tag k="leaf_type" v="broadleaved"/>
  <tag k="natural" v="wood"/>
  <tag k="place" v="islet"/>
 </way>
 <way id="969619511" visible="true" version="3" changeset="109546311" timestamp="2021-08-12T04:51:25Z" user="EricTheLinguist" uid="2259690">
  <nd ref="8972775834"/>
  <nd ref="8972775863"/>
  <nd ref="8972775862"/>
  <nd ref="8972775835"/>
  <nd ref="8972775836"/>
  <nd ref="8972775837"/>
  <nd ref="8972775838"/>
  <nd ref="8972775839"/>
  <nd ref="8972775840"/>
  <nd ref="8972775841"/>
  <nd ref="8972775842"/>
  <nd ref="8972775843"/>
  <nd ref="8972775844"/>
  <nd ref="8972775845"/>
  <nd ref="8972775846"/>
  <nd ref="8972775847"/>
  <nd ref="8972775848"/>
  <nd ref="8972775849"/>
  <nd ref="8972775850"/>
  <nd ref="8972775851"/>
  <nd ref="8972775852"/>
  <nd ref="8972775853"/>
  <nd ref="8972775854"/>
  <nd ref="8972775855"/>
  <nd ref="8972775856"/>
  <nd ref="8972775857"/>
  <nd ref="8972775858"/>
  <nd ref="8972775859"/>
  <nd ref="8972775860"/>
  <nd ref="8972775861"/>
  <nd ref="8972775834"/>
  <tag k="leaf_cycle" v="deciduous"/>
  <tag k="leaf_type" v="mixed"/>
  <tag k="natural" v="wood"/>
  <tag k="place" v="islet"/>
 </way>
 <way id="970724036" visible="true" version="2" changeset="109546311" timestamp="2021-08-12T04:51:25Z" user="EricTheLinguist" uid="2259690">
  <nd ref="8984143851"/>
  <nd ref="8984143852"/>
  <nd ref="8984143853"/>
  <nd ref="8984143854"/>
  <nd ref="8984143855"/>
  <nd ref="8984143856"/>
  <nd ref="8984143857"/>
  <nd ref="8984143858"/>
  <nd ref="8984143859"/>
  <nd ref="8984143860"/>
  <nd ref="8984143861"/>
  <nd ref="8984143862"/>
  <nd ref="8984143863"/>
  <nd ref="8984143890"/>
  <nd ref="8984143889"/>
  <nd ref="8984143888"/>
  <nd ref="8984143887"/>
  <nd ref="8984143886"/>
  <nd ref="8984143885"/>
  <nd ref="8984143864"/>
  <nd ref="8984143851"/>
  <tag k="place" v="islet"/>
 </way>
 <way id="972720432" visible="true" version="1" changeset="109599965" timestamp="2021-08-13T02:58:05Z" user="EricTheLinguist" uid="2259690">
  <nd ref="9002734384"/>
  <nd ref="9002734385"/>
  <nd ref="9002734386"/>
  <nd ref="9002734387"/>
  <nd ref="9002734388"/>
  <nd ref="9002734757"/>
  <nd ref="9002734389"/>
  <nd ref="9002734390"/>
  <nd ref="9002734391"/>
  <nd ref="9002734392"/>
  <nd ref="9002734393"/>
  <nd ref="9002734394"/>
  <nd ref="9002734395"/>
  <nd ref="9002734396"/>
  <nd ref="9002734397"/>
  <nd ref="9002734398"/>
  <nd ref="9002734399"/>
  <nd ref="9002734400"/>
  <nd ref="9002734401"/>
  <nd ref="9002734402"/>
  <nd ref="9002734403"/>
  <nd ref="9002734404"/>
  <nd ref="9002734405"/>
  <nd ref="9002734406"/>
  <nd ref="9002734407"/>
  <nd ref="9002734408"/>
  <nd ref="9002734409"/>
  <nd ref="9002734410"/>
  <nd ref="9002734411"/>
  <nd ref="9002734412"/>
  <nd ref="9002734413"/>
  <nd ref="9002734414"/>
  <nd ref="9002734415"/>
  <nd ref="9002734416"/>
  <nd ref="9002734717"/>
  <nd ref="9002734718"/>
  <nd ref="9002734719"/>
  <nd ref="9002734720"/>
  <nd ref="9002734721"/>
  <nd ref="9002734722"/>
  <nd ref="9002734723"/>
  <nd ref="9002734724"/>
  <nd ref="9002734725"/>
  <nd ref="9002734726"/>
  <nd ref="9002734727"/>
  <nd ref="9002734728"/>
  <nd ref="9002734729"/>
  <nd ref="9002734730"/>
  <nd ref="9002734731"/>
  <nd ref="9002734761"/>
  <nd ref="9002734763"/>
  <nd ref="9002734764"/>
  <nd ref="9002734770"/>
  <nd ref="9002734732"/>
  <nd ref="9002734733"/>
  <nd ref="9002734758"/>
  <nd ref="9002734734"/>
  <nd ref="9002734735"/>
  <nd ref="9002734736"/>
  <nd ref="9002734737"/>
  <nd ref="9002734738"/>
  <nd ref="9002734739"/>
  <nd ref="9002734740"/>
  <nd ref="9002734741"/>
  <nd ref="9002734742"/>
  <nd ref="9002734743"/>
  <nd ref="9002734744"/>
  <nd ref="9002734745"/>
  <nd ref="9002734746"/>
  <nd ref="9002734747"/>
  <nd ref="9002734748"/>
  <nd ref="9002734384"/>
  <tag k="place" v="islet"/>
 </way>
 <way id="1077209647" visible="true" version="12" changeset="182795295" timestamp="2026-05-17T17:14:38Z" user="EricTheLinguist" uid="2259690">
  <nd ref="301302224"/>
  <nd ref="919354383"/>
  <nd ref="8988202735"/>
  <nd ref="429338444"/>
  <nd ref="429338446"/>
  <nd ref="429338448"/>
  <nd ref="8988202736"/>
  <nd ref="429338449"/>
  <nd ref="8988202737"/>
  <nd ref="429338450"/>
  <nd ref="8988202738"/>
  <nd ref="8988202739"/>
  <nd ref="8988202649"/>
  <nd ref="8988202648"/>
  <nd ref="8988202647"/>
  <nd ref="8988202646"/>
  <nd ref="8988202645"/>
  <nd ref="8988202642"/>
  <nd ref="8988202643"/>
  <nd ref="8988202644"/>
  <nd ref="8988202641"/>
  <nd ref="429338451"/>
  <nd ref="8988202640"/>
  <nd ref="8988202639"/>
  <nd ref="429338452"/>
  <nd ref="8988202638"/>
  <nd ref="8988202637"/>
  <nd ref="8988202636"/>
  <nd ref="429338453"/>
  <nd ref="8988202635"/>
  <nd ref="8988202634"/>
  <nd ref="8988202633"/>
  <nd ref="429338454"/>
  <nd ref="429338455"/>
  <nd ref="8988202631"/>
  <nd ref="8988202632"/>
  <nd ref="301377296"/>
  <nd ref="429338456"/>
  <nd ref="429338457"/>
  <nd ref="8984310162"/>
  <nd ref="429338458"/>
  <nd ref="8984310161"/>
  <nd ref="8984310160"/>
  <nd ref="429338459"/>
  <nd ref="429338460"/>
  <nd ref="8984310159"/>
  <nd ref="429338461"/>
  <nd ref="8984310155"/>
  <nd ref="8984310156"/>
  <nd ref="8984310157"/>
  <nd ref="8984310158"/>
  <nd ref="429338462"/>
  <nd ref="429338463"/>
  <nd ref="429338464"/>
  <nd ref="429338465"/>
  <nd ref="429338466"/>
  <nd ref="429338467"/>
  <nd ref="429338468"/>
  <nd ref="8964570179"/>
  <nd ref="8964570194"/>
  <nd ref="8964570195"/>
  <nd ref="8623312511"/>
  <nd ref="429338469"/>
  <nd ref="8964570205"/>
  <nd ref="8964570206"/>
  <nd ref="8964570232"/>
  <nd ref="8964570235"/>
  <nd ref="8964570233"/>
  <nd ref="8964570207"/>
  <nd ref="429338470"/>
  <nd ref="8964570204"/>
  <nd ref="8964570231"/>
  <nd ref="8964570230"/>
  <nd ref="8964570229"/>
  <nd ref="8964570227"/>
  <nd ref="429338471"/>
  <nd ref="8083058098"/>
  <nd ref="8972775671"/>
  <nd ref="429338472"/>
  <nd ref="429338473"/>
  <nd ref="429338474"/>
  <nd ref="8972775737"/>
  <nd ref="8083058089"/>
  <nd ref="8083058088"/>
  <nd ref="8083058087"/>
  <nd ref="8083058084"/>
  <nd ref="8083058085"/>
  <nd ref="8083058086"/>
  <nd ref="8083058090"/>
  <nd ref="8972775672"/>
  <nd ref="8083058091"/>
  <nd ref="8972775673"/>
  <nd ref="8972775674"/>
  <nd ref="8972775675"/>
  <nd ref="8964588829"/>
  <nd ref="8964588830"/>
  <nd ref="8964588833"/>
  <nd ref="8964588834"/>
  <nd ref="8964588835"/>
  <nd ref="8964588832"/>
  <nd ref="8964588836"/>
  <nd ref="8964588838"/>
  <nd ref="8964588837"/>
  <nd ref="8964588839"/>
  <nd ref="8964588831"/>
  <nd ref="429338475"/>
  <nd ref="8964588828"/>
  <nd ref="8964588827"/>
  <nd ref="429338476"/>
  <nd ref="8964588826"/>
  <nd ref="8964588840"/>
  <nd ref="8964588843"/>
  <nd ref="8964588844"/>
  <nd ref="8964588845"/>
  <nd ref="8964588842"/>
  <nd ref="8964588841"/>
  <nd ref="429338477"/>
  <nd ref="8964588848"/>
  <nd ref="8972775738"/>
  <nd ref="8964588825"/>
  <nd ref="429338478"/>
  <nd ref="429338479"/>
  <nd ref="297193394"/>
  <nd ref="8972775752"/>
  <nd ref="8972775751"/>
  <nd ref="8972775750"/>
  <nd ref="429338481"/>
  <nd ref="8972775749"/>
  <nd ref="8972775748"/>
  <nd ref="8972775747"/>
  <nd ref="8972775744"/>
  <nd ref="8972775745"/>
  <nd ref="8972775746"/>
  <nd ref="8964588865"/>
  <nd ref="8964588866"/>
  <nd ref="8964588867"/>
  <nd ref="8964588868"/>
  <nd ref="429338482"/>
  <nd ref="8964588869"/>
  <nd ref="8964588870"/>
  <nd ref="8964588871"/>
  <nd ref="8964588872"/>
  <nd ref="919350575"/>
  <nd ref="8964588873"/>
  <nd ref="8972775830"/>
  <nd ref="8623338619"/>
  <nd ref="8972775829"/>
  <nd ref="8972775828"/>
  <nd ref="429338483"/>
  <nd ref="8972775819"/>
  <nd ref="429338485"/>
  <nd ref="8972775820"/>
  <nd ref="8972775821"/>
  <nd ref="429338487"/>
  <nd ref="8128139022"/>
  <nd ref="8128139030"/>
  <nd ref="429338488"/>
  <nd ref="8972806936"/>
  <nd ref="429338490"/>
  <nd ref="8972806945"/>
  <nd ref="8972775864"/>
  <nd ref="429338491"/>
  <nd ref="8972775865"/>
  <nd ref="429338494"/>
  <nd ref="8972775866"/>
  <nd ref="1983005439"/>
  <nd ref="8960603433"/>
  <nd ref="429338502"/>
  <nd ref="429338508"/>
  <nd ref="8975871681"/>
  <nd ref="8975871680"/>
  <nd ref="429338521"/>
  <nd ref="8975871691"/>
  <nd ref="429338525"/>
  <nd ref="8975871692"/>
  <nd ref="8975871713"/>
  <nd ref="5595077179"/>
  <nd ref="429338533"/>
  <nd ref="8975429277"/>
  <nd ref="429338538"/>
  <nd ref="8975429278"/>
  <nd ref="356214996"/>
  <nd ref="8975895639"/>
  <nd ref="8975895640"/>
  <nd ref="8975895641"/>
  <nd ref="8975895642"/>
  <nd ref="8975895643"/>
  <nd ref="8975895644"/>
  <nd ref="8975895635"/>
  <nd ref="429338550"/>
  <nd ref="5595077175"/>
  <nd ref="8975429291"/>
  <nd ref="429338560"/>
  <nd ref="429338565"/>
  <nd ref="429338569"/>
  <nd ref="429338582"/>
  <nd ref="8975429292"/>
  <nd ref="429338587"/>
  <nd ref="429338592"/>
  <nd ref="8975895671"/>
  <nd ref="429338600"/>
  <nd ref="8975895723"/>
  <nd ref="429338606"/>
  <nd ref="8975895724"/>
  <nd ref="8975895725"/>
  <nd ref="429338621"/>
  <nd ref="8975895727"/>
  <nd ref="8975895726"/>
  <nd ref="8975895734"/>
  <nd ref="429338625"/>
  <nd ref="8975895735"/>
  <nd ref="8975895737"/>
  <nd ref="8975895736"/>
  <nd ref="8975895739"/>
  <nd ref="8975895672"/>
  <nd ref="8975895738"/>
  <nd ref="429338629"/>
  <nd ref="8975895740"/>
  <nd ref="8975895741"/>
  <nd ref="429338632"/>
  <nd ref="8975895742"/>
  <nd ref="429338634"/>
  <nd ref="8975895743"/>
  <nd ref="8975895744"/>
  <nd ref="8975895745"/>
  <nd ref="8975895751"/>
  <nd ref="8975895750"/>
  <nd ref="8975895749"/>
  <nd ref="8975895748"/>
  <nd ref="429338641"/>
  <nd ref="8975895746"/>
  <nd ref="8975895747"/>
  <nd ref="429338644"/>
  <nd ref="8975895752"/>
  <nd ref="8975895753"/>
  <nd ref="8975895754"/>
  <nd ref="8975895755"/>
  <nd ref="429338647"/>
  <nd ref="8975895756"/>
  <nd ref="8975895757"/>
  <nd ref="8975895758"/>
  <nd ref="8975895759"/>
  <nd ref="8975895760"/>
  <nd ref="8975895761"/>
  <nd ref="8975895762"/>
  <nd ref="8975895763"/>
  <nd ref="8975895764"/>
  <nd ref="8975895765"/>
  <nd ref="8975895766"/>
  <nd ref="8975895767"/>
  <nd ref="8975895768"/>
  <nd ref="429338650"/>
  <nd ref="8975895772"/>
  <nd ref="8975895773"/>
  <nd ref="8975895774"/>
  <nd ref="8975895775"/>
  <nd ref="8975895776"/>
  <nd ref="8975895777"/>
  <nd ref="8975895778"/>
  <nd ref="8975895771"/>
  <nd ref="8975895779"/>
  <nd ref="8975895780"/>
  <nd ref="8975895781"/>
  <nd ref="8975895782"/>
  <nd ref="8975895770"/>
  <nd ref="8975895784"/>
  <nd ref="8975895785"/>
  <nd ref="8975895786"/>
  <nd ref="8975895787"/>
  <nd ref="8975895783"/>
  <nd ref="8975895791"/>
  <nd ref="8975895790"/>
  <nd ref="8975895789"/>
  <nd ref="8975895788"/>
  <nd ref="8975895792"/>
  <nd ref="8975895793"/>
  <nd ref="429338652"/>
  <nd ref="8975895674"/>
  <nd ref="8975895794"/>
  <nd ref="8975895795"/>
  <nd ref="8975895796"/>
  <nd ref="8975895797"/>
  <nd ref="8975895798"/>
  <nd ref="5594896527"/>
  <nd ref="5594896525"/>
  <nd ref="429338655"/>
  <nd ref="429338658"/>
  <nd ref="8975895799"/>
  <nd ref="8975895800"/>
  <nd ref="8975895677"/>
  <nd ref="8975896033"/>
  <nd ref="8975895824"/>
  <nd ref="8975895825"/>
  <nd ref="8975895826"/>
  <nd ref="8975895827"/>
  <nd ref="5594895815"/>
  <nd ref="429338661"/>
  <nd ref="8975896040"/>
  <nd ref="429338664"/>
  <nd ref="429338667"/>
  <nd ref="429338675"/>
  <nd ref="8975896039"/>
  <nd ref="8975896038"/>
  <nd ref="8975896037"/>
  <nd ref="8975896036"/>
  <nd ref="429338678"/>
  <nd ref="8975896035"/>
  <nd ref="5594896522"/>
  <nd ref="8975896032"/>
  <nd ref="429338682"/>
  <nd ref="8975896034"/>
  <nd ref="8975895907"/>
  <nd ref="8975895831"/>
  <nd ref="429338686"/>
  <nd ref="429338690"/>
  <nd ref="8975895904"/>
  <nd ref="429338693"/>
  <nd ref="429338696"/>
  <nd ref="429338698"/>
  <nd ref="8975896138"/>
  <nd ref="8975896147"/>
  <nd ref="1990844586"/>
  <nd ref="8975896141"/>
  <nd ref="8975896142"/>
  <nd ref="8975896143"/>
  <nd ref="8975896144"/>
  <nd ref="8975896145"/>
  <nd ref="8975896146"/>
  <nd ref="429338700"/>
  <nd ref="429338701"/>
  <nd ref="429338702"/>
  <nd ref="8987113573"/>
  <nd ref="429338703"/>
  <nd ref="8987113574"/>
  <nd ref="8975896070"/>
  <nd ref="429338704"/>
  <nd ref="2965172828"/>
  <nd ref="429338705"/>
  <nd ref="8975896071"/>
  <nd ref="429338706"/>
  <nd ref="8987113533"/>
  <nd ref="8975896072"/>
  <nd ref="8975896083"/>
  <nd ref="8975896084"/>
  <nd ref="8975896073"/>
  <nd ref="8975896074"/>
  <nd ref="8975896075"/>
  <nd ref="8975896076"/>
  <nd ref="8975896096"/>
  <nd ref="8975896095"/>
  <nd ref="8987113560"/>
  <nd ref="8975896094"/>
  <nd ref="8975896093"/>
  <nd ref="8987113554"/>
  <nd ref="8975896092"/>
  <nd ref="8975896123"/>
  <nd ref="8975896080"/>
  <nd ref="8975896081"/>
  <nd ref="429338710"/>
  <nd ref="8987113548"/>
  <nd ref="8975896085"/>
  <nd ref="8975896100"/>
  <nd ref="8975896101"/>
  <nd ref="8975896102"/>
  <nd ref="429338713"/>
  <nd ref="429338715"/>
  <nd ref="429338716"/>
  <nd ref="8975896103"/>
  <nd ref="297193068"/>
  <nd ref="429338717"/>
  <nd ref="429338718"/>
  <nd ref="1387971195"/>
  <nd ref="429338720"/>
  <nd ref="8241465978"/>
  <nd ref="429338721"/>
  <nd ref="13805217412"/>
  <nd ref="13805199697"/>
  <nd ref="8241465979"/>
  <nd ref="8975896125"/>
  <nd ref="8241465980"/>
  <nd ref="8241465977"/>
  <nd ref="13805199696"/>
  <nd ref="13805217414"/>
  <nd ref="429338722"/>
  <nd ref="8975896126"/>
  <nd ref="8975896127"/>
  <nd ref="13805217413"/>
  <nd ref="2965178889"/>
  <nd ref="13805217420"/>
  <nd ref="429338723"/>
  <nd ref="8975896130"/>
  <nd ref="8975896129"/>
  <nd ref="9454325228"/>
  <nd ref="8975896128"/>
  <nd ref="429396948"/>
  <nd ref="429396950"/>
  <nd ref="8987123405"/>
  <nd ref="429396952"/>
  <nd ref="8987123404"/>
  <nd ref="8987975674"/>
  <nd ref="8987975673"/>
  <nd ref="8987975672"/>
  <nd ref="8987125926"/>
  <nd ref="8987975671"/>
  <nd ref="429396957"/>
  <nd ref="435403156"/>
  <nd ref="8987125925"/>
  <nd ref="429396960"/>
  <nd ref="429396963"/>
  <nd ref="429396966"/>
  <nd ref="429396968"/>
  <nd ref="429396971"/>
  <nd ref="8987975621"/>
  <nd ref="429396974"/>
  <nd ref="429396977"/>
  <nd ref="429396979"/>
  <nd ref="8987975612"/>
  <nd ref="8987975611"/>
  <nd ref="429396981"/>
  <nd ref="8987975601"/>
  <nd ref="429396984"/>
  <nd ref="8987975604"/>
  <nd ref="8987975605"/>
  <nd ref="8987975606"/>
  <nd ref="5594890837"/>
  <nd ref="8987975553"/>
  <nd ref="429396991"/>
  <nd ref="13810030587"/>
  <nd ref="13810030591"/>
  <nd ref="13810030586"/>
  <nd ref="8987975528"/>
  <nd ref="8987975526"/>
  <nd ref="8987975554"/>
  <nd ref="8987975525"/>
  <nd ref="8987975527"/>
  <nd ref="8987975524"/>
  <nd ref="8987910810"/>
  <nd ref="8987975542"/>
  <nd ref="8987975567"/>
  <nd ref="8987975541"/>
  <nd ref="8987975551"/>
  <nd ref="13806873211"/>
  <nd ref="13806873206"/>
  <nd ref="5594890836"/>
  <nd ref="8987910813"/>
  <nd ref="8987975523"/>
  <nd ref="8987975522"/>
  <nd ref="8987910814"/>
  <nd ref="8987910815"/>
  <nd ref="8987910816"/>
  <nd ref="8987975517"/>
  <nd ref="8419556168"/>
  <nd ref="8419556169"/>
  <nd ref="429396994"/>
  <nd ref="8419556171"/>
  <nd ref="8419556172"/>
  <nd ref="8987073300"/>
  <nd ref="8987073301"/>
  <nd ref="429396997"/>
  <nd ref="13836488987"/>
  <nd ref="8975255708"/>
  <nd ref="8975255707"/>
  <nd ref="8975255706"/>
  <nd ref="8975255705"/>
  <nd ref="8975255704"/>
  <nd ref="8975255703"/>
  <nd ref="8975301024"/>
  <nd ref="429396999"/>
  <nd ref="8975301087"/>
  <nd ref="8975255702"/>
  <nd ref="8975255701"/>
  <nd ref="8975255700"/>
  <nd ref="429397002"/>
  <nd ref="429397005"/>
  <nd ref="8975301065"/>
  <nd ref="8975301064"/>
  <nd ref="8975301063"/>
  <nd ref="8975301062"/>
  <nd ref="8975301061"/>
  <nd ref="429397008"/>
  <nd ref="13836659600"/>
  <nd ref="8975301051"/>
  <nd ref="8975301056"/>
  <nd ref="8975301057"/>
  <nd ref="8975301058"/>
  <nd ref="8975301059"/>
  <nd ref="13836659556"/>
  <nd ref="8975301060"/>
  <nd ref="8975301055"/>
  <nd ref="8975301054"/>
  <nd ref="8975301053"/>
  <nd ref="8975301052"/>
  <nd ref="13836659601"/>
  <nd ref="13836659602"/>
  <nd ref="8975301048"/>
  <nd ref="429397010"/>
  <nd ref="429397011"/>
  <nd ref="8957645261"/>
  <nd ref="13815842486"/>
  <nd ref="429397012"/>
  <nd ref="8957645280"/>
  <nd ref="8975301159"/>
  <nd ref="429397013"/>
  <nd ref="8975301160"/>
  <nd ref="429397014"/>
  <nd ref="8975301173"/>
  <nd ref="429397015"/>
  <nd ref="13840771249"/>
  <nd ref="429397016"/>
  <nd ref="429397017"/>
  <nd ref="429397018"/>
  <nd ref="429397019"/>
  <nd ref="429397020"/>
  <nd ref="429397021"/>
  <nd ref="429397022"/>
  <nd ref="429397023"/>
  <nd ref="429397024"/>
  <nd ref="429397025"/>
  <nd ref="429397026"/>
  <nd ref="429397027"/>
  <nd ref="429397028"/>
  <nd ref="429397029"/>
  <nd ref="429397030"/>
  <nd ref="429397031"/>
  <nd ref="8987053882"/>
  <nd ref="429397032"/>
  <nd ref="429397033"/>
  <nd ref="429397034"/>
  <nd ref="8975890994"/>
  <nd ref="8975890995"/>
  <nd ref="429397035"/>
  <nd ref="429397036"/>
  <nd ref="8972853503"/>
  <nd ref="429397037"/>
  <nd ref="8972853502"/>
  <nd ref="8975890993"/>
  <nd ref="8975890997"/>
  <nd ref="8975890998"/>
  <nd ref="8972853501"/>
  <nd ref="429397038"/>
  <nd ref="429397039"/>
  <nd ref="429397040"/>
  <nd ref="429397041"/>
  <nd ref="8972853490"/>
  <nd ref="429397042"/>
  <nd ref="429397043"/>
  <nd ref="429397044"/>
  <nd ref="8972853500"/>
  <nd ref="429397045"/>
  <nd ref="8987053807"/>
  <nd ref="8987053800"/>
  <nd ref="429397046"/>
  <nd ref="429397047"/>
  <nd ref="429397048"/>
  <nd ref="429397049"/>
  <nd ref="429397050"/>
  <nd ref="429397051"/>
  <nd ref="429397052"/>
  <nd ref="8987053828"/>
  <nd ref="429397053"/>
  <nd ref="429397054"/>
  <nd ref="8987053827"/>
  <nd ref="429397055"/>
  <nd ref="429397056"/>
  <nd ref="429397057"/>
  <nd ref="429397058"/>
  <nd ref="429397059"/>
  <nd ref="429397060"/>
  <nd ref="429397061"/>
  <nd ref="429397062"/>
  <nd ref="429397063"/>
  <nd ref="429397064"/>
  <nd ref="5583208450"/>
  <nd ref="429397065"/>
  <nd ref="429397066"/>
  <nd ref="429397067"/>
  <nd ref="429397068"/>
  <nd ref="429397069"/>
  <nd ref="429397070"/>
  <nd ref="429397071"/>
  <nd ref="429397072"/>
  <nd ref="429397073"/>
  <nd ref="429397074"/>
  <nd ref="429397075"/>
  <nd ref="429397076"/>
  <nd ref="429397077"/>
  <nd ref="429397078"/>
  <nd ref="429397079"/>
  <nd ref="11242731125"/>
  <nd ref="11242731131"/>
  <nd ref="429397080"/>
  <nd ref="11242731128"/>
  <nd ref="11242731129"/>
  <nd ref="11242731130"/>
  <nd ref="429397081"/>
  <nd ref="429397082"/>
  <nd ref="429397083"/>
  <nd ref="429397084"/>
  <nd ref="429397085"/>
  <nd ref="11242731122"/>
  <nd ref="11242731123"/>
  <nd ref="11242731124"/>
  <nd ref="429397086"/>
  <nd ref="11242731113"/>
  <nd ref="11242731116"/>
  <nd ref="11242731117"/>
  <nd ref="11242731118"/>
  <nd ref="11242731114"/>
  <nd ref="429397087"/>
  <nd ref="11242731115"/>
  <nd ref="429397088"/>
  <nd ref="429397089"/>
  <nd ref="11242731119"/>
  <nd ref="429397090"/>
  <nd ref="429397091"/>
  <nd ref="11242731120"/>
  <nd ref="11242731121"/>
  <nd ref="429397092"/>
  <nd ref="429397093"/>
  <nd ref="429397094"/>
  <nd ref="429397095"/>
  <nd ref="429397096"/>
  <nd ref="429397097"/>
  <nd ref="429397098"/>
  <nd ref="429397099"/>
  <nd ref="429397100"/>
  <nd ref="429397101"/>
  <nd ref="429397102"/>
  <nd ref="429397103"/>
  <nd ref="429397104"/>
  <nd ref="429397105"/>
  <nd ref="429397106"/>
  <nd ref="429397107"/>
  <nd ref="8957574506"/>
  <nd ref="8957574505"/>
  <nd ref="8957574504"/>
  <nd ref="8957574503"/>
  <nd ref="8957574502"/>
  <nd ref="8957574501"/>
  <nd ref="9062834406"/>
  <nd ref="9062834405"/>
  <nd ref="9062834404"/>
  <nd ref="9062834403"/>
  <nd ref="8957574500"/>
  <nd ref="8957574512"/>
  <nd ref="8957574513"/>
  <nd ref="8957574514"/>
  <nd ref="8957619928"/>
  <nd ref="8957619929"/>
  <nd ref="8957619930"/>
  <nd ref="8957619931"/>
  <nd ref="8957619932"/>
  <nd ref="8957619933"/>
  <nd ref="11242725222"/>
  <nd ref="8957619934"/>
  <nd ref="429397123"/>
  <nd ref="8957619927"/>
  <nd ref="8957619926"/>
  <nd ref="8957619925"/>
  <nd ref="8957619924"/>
  <nd ref="13819497923"/>
  <nd ref="8957619923"/>
  <nd ref="8957619922"/>
  <nd ref="8957619921"/>
  <nd ref="429397131"/>
  <nd ref="8957619920"/>
  <nd ref="8957619919"/>
  <nd ref="8957619918"/>
  <nd ref="5583208512"/>
  <nd ref="8957619941"/>
  <nd ref="8957619942"/>
  <nd ref="8957619917"/>
  <nd ref="8957619940"/>
  <nd ref="11242725190"/>
  <nd ref="429397137"/>
  <nd ref="8957619938"/>
  <nd ref="8957619939"/>
  <nd ref="5583208511"/>
  <nd ref="8957619937"/>
 </way>
 <relation id="32671" visible="true" version="57" changeset="164401500" timestamp="2025-04-02T04:53:44Z" user="pmc_" uid="9622052">
  <member type="way" ref="124815697" role="outer"/>
  <member type="way" ref="238576825" role="outer"/>
  <member type="way" ref="259093284" role="outer"/>
  <member type="way" ref="1077209647" role="outer"/>
  <member type="way" ref="259093286" role="outer"/>
  <member type="way" ref="33721600" role="inner"/>
  <member type="way" ref="27087673" role="inner"/>
  <member type="way" ref="27087648" role="inner"/>
  <member type="way" ref="36997626" role="inner"/>
  <member type="way" ref="679083606" role="inner"/>
  <member type="way" ref="679083605" role="inner"/>
  <member type="way" ref="585478593" role="inner"/>
  <member type="way" ref="970724036" role="inner"/>
  <member type="way" ref="969619511" role="inner"/>
  <member type="way" ref="972720432" role="inner"/>
  <tag k="alt_name" v="Town Lake"/>
  <tag k="fishing" v="yes"/>
  <tag k="intermittent" v="no"/>
  <tag k="name" v="Lady Bird Lake"/>
  <tag k="natural" v="water"/>
  <tag k="old_name" v="Town Lake"/>
  <tag k="salt" v="no"/>
  <tag k="tidal" v="no"/>
  <tag k="type" v="multipolygon"/>
  <tag k="water" v="reservoir"/>
  <tag k="website" v="https://www.austintexas.gov/page/lady-bird-lake"/>
  <tag k="wikidata" v="Q1636067"/>
  <tag k="wikimedia_commons" v="File:AustinSkylineLouNeffPoint-Jun2010-a.JPG"/>
  <tag k="wikipedia" v="en:Lady Bird Lake"/>
 </relation>
</osm>
